code,masterItemCode,itemCode,item,itemName,category,subCategory,specification,unit,rate,currentRate,previousRate,gst,city,state,source,isActive
MAT-000003,MAT-000003,MAT-000003,Adhesive - PU Based - Araldite - 200ml,Adhesive - PU Based - Araldite - 200ml,Adhesive,PU Based,Adhesive - PU Based - Araldite - 200ml,ML,220,220,220,18,Bengaluru,Karnataka,admin_manual,TRUE
MAT-000001,MAT-000001,MAT-000001,Adhesive - Synthetic Resin - Fevicol SH - 1kg,Adhesive - Synthetic Resin - Fevicol SH - 1kg,Adhesive,Synthetic Resin,Adhesive - Synthetic Resin - Fevicol SH - 1kg,KG,185,185,185,18,Bengaluru,Karnataka,admin_manual,TRUE
MAT-000002,MAT-000002,MAT-000002,Adhesive - Synthetic Resin - Fevicol SH - 5kg,Adhesive - Synthetic Resin - Fevicol SH - 5kg,Adhesive,Synthetic Resin,Adhesive - Synthetic Resin - Fevicol SH - 5kg,KG,875,875,875,18,Bengaluru,Karnataka,admin_manual,TRUE
MAT-000005,MAT-000005,MAT-000005,Adhesive Spray - Foam Bonding - Fevicol - 500ml,Adhesive Spray - Foam Bonding - Fevicol - 500ml,Adhesive,Spray,Adhesive Spray - Foam Bonding - Fevicol - 500ml,ML,195,195,195,18,Bengaluru,Karnataka,admin_manual,TRUE
MAT-000006,MAT-000006,MAT-000006,Adhesive Spray - Laminate Fix - Generic - 500ml,Adhesive Spray - Laminate Fix - Generic - 500ml,Adhesive,Spray,Adhesive Spray - Laminate Fix - Generic - 500ml,ML,175,175,175,18,Bengaluru,Karnataka,admin_manual,TRUE
MAT-000004,MAT-000004,MAT-000004,Adhesive Spray - Multipurpose - Pidilite - 500ml,Adhesive Spray - Multipurpose - Pidilite - 500ml,Adhesive,Spray,Adhesive Spray - Multipurpose - Pidilite - 500ml,ML,185,185,185,18,Bengaluru,Karnataka,admin_manual,TRUE
MAT-000008,MAT-000008,MAT-000008,Aerocon Block - AAC - 600x200x100mm,Aerocon Block - AAC - 600x200x100mm,Aerocon Blocks,AAC,Aerocon Block - AAC - 600x200x100mm,NOS,48,48,48,18,Bengaluru,Karnataka,admin_manual,TRUE
MAT-000009,MAT-000009,MAT-000009,Aerocon Block - AAC - 600x200x150mm,Aerocon Block - AAC - 600x200x150mm,Aerocon Blocks,AAC,Aerocon Block - AAC - 600x200x150mm,NOS,58,58,58,18,Bengaluru,Karnataka,admin_manual,TRUE
MAT-000010,MAT-000010,MAT-000010,Aerocon Block - AAC - 600x200x200mm,Aerocon Block - AAC - 600x200x200mm,Aerocon Blocks,AAC,Aerocon Block - AAC - 600x200x200mm,NOS,68,68,68,18,Bengaluru,Karnataka,admin_manual,TRUE
MAT-000011,MAT-000011,MAT-000011,Aerocon Block - AAC - 600x200x230mm,Aerocon Block - AAC - 600x200x230mm,Aerocon Blocks,AAC,Aerocon Block - AAC - 600x200x230mm,NOS,75,75,75,18,Bengaluru,Karnataka,admin_manual,TRUE
MAT-000007,MAT-000007,MAT-000007,Aerocon Block - AAC - 600x200x75mm,Aerocon Block - AAC - 600x200x75mm,Aerocon Blocks,AAC,Aerocon Block - AAC - 600x200x75mm,NOS,42,42,42,18,Bengaluru,Karnataka,admin_manual,TRUE
MAT-000017,MAT-000017,MAT-000017,Kitchen Cutlery Basket SS 300mm – Ozone,Kitchen Cutlery Basket SS 300mm – Ozone,Basket,Kitchen Cutlery Basket SS 300mm – Ozone,Kitchen Cutlery Basket SS 300mm – Ozone,NOS,750,750,750,18,Bengaluru,Karnataka,admin_manual,TRUE
MAT-000016,MAT-000016,MAT-000016,Kitchen Cutlery Basket SS 350mm – Godrej,Kitchen Cutlery Basket SS 350mm – Godrej,Basket,Kitchen Cutlery Basket SS 350mm – Godrej,Kitchen Cutlery Basket SS 350mm – Godrej,NOS,850,850,850,18,Bengaluru,Karnataka,admin_manual,TRUE
MAT-000012,MAT-000012,MAT-000012,Kitchen Cutlery Basket SS 450mm – Godrej,Kitchen Cutlery Basket SS 450mm – Godrej,Basket,Kitchen Cutlery Basket SS 450mm – Godrej,Kitchen Cutlery Basket SS 450mm – Godrej,NOS,950,950,950,18,Bengaluru,Karnataka,admin_manual,TRUE
MAT-000013,MAT-000013,MAT-000013,Kitchen Cutlery Basket SS 600mm – Ozone,Kitchen Cutlery Basket SS 600mm – Ozone,Basket,Kitchen Cutlery Basket SS 600mm – Ozone,Kitchen Cutlery Basket SS 600mm – Ozone,NOS,1050,1050,1050,18,Bengaluru,Karnataka,admin_manual,TRUE
MAT-000020,MAT-000020,MAT-000020,Kitchen Cutlery Basket SS 700mm – Hettich,Kitchen Cutlery Basket SS 700mm – Hettich,Basket,Kitchen Cutlery Basket SS 700mm – Hettich,Kitchen Cutlery Basket SS 700mm – Hettich,NOS,1150,1150,1150,18,Bengaluru,Karnataka,admin_manual,TRUE
MAT-000021,MAT-000021,MAT-000021,Kitchen Cutlery Basket SS 800mm – Häfele,Kitchen Cutlery Basket SS 800mm – Häfele,Basket,Kitchen Cutlery Basket SS 800mm – Häfele,Kitchen Cutlery Basket SS 800mm – Häfele,NOS,1250,1250,1250,18,Bengaluru,Karnataka,admin_manual,TRUE
MAT-000019,MAT-000019,MAT-000019,Kitchen Plate Rack SS 300mm – Godrej,Kitchen Plate Rack SS 300mm – Godrej,Basket,Kitchen Plate Rack SS 300mm – Godrej,Kitchen Plate Rack SS 300mm – Godrej,NOS,850,850,850,18,Bengaluru,Karnataka,admin_manual,TRUE
MAT-000018,MAT-000018,MAT-000018,Kitchen Plate Rack SS 350mm – Ebco,Kitchen Plate Rack SS 350mm – Ebco,Basket,Kitchen Plate Rack SS 350mm – Ebco,Kitchen Plate Rack SS 350mm – Ebco,NOS,950,950,950,18,Bengaluru,Karnataka,admin_manual,TRUE
MAT-000014,MAT-000014,MAT-000014,Kitchen Plate Rack SS 450mm – Godrej,Kitchen Plate Rack SS 450mm – Godrej,Basket,Kitchen Plate Rack SS 450mm – Godrej,Kitchen Plate Rack SS 450mm – Godrej,NOS,1150,1150,1150,18,Bengaluru,Karnataka,admin_manual,TRUE
MAT-000015,MAT-000015,MAT-000015,Kitchen Plate Rack SS 600mm – Ozone,Kitchen Plate Rack SS 600mm – Ozone,Basket,Kitchen Plate Rack SS 600mm – Ozone,Kitchen Plate Rack SS 600mm – Ozone,NOS,1250,1250,1250,18,Bengaluru,Karnataka,admin_manual,TRUE
MAT-000022,MAT-000022,MAT-000022,Kitchen Plate Rack SS 700mm – Ebco,Kitchen Plate Rack SS 700mm – Ebco,Basket,Kitchen Plate Rack SS 700mm – Ebco,Kitchen Plate Rack SS 700mm – Ebco,NOS,1350,1350,1350,18,Bengaluru,Karnataka,admin_manual,TRUE
MAT-000023,MAT-000023,MAT-000023,Kitchen Plate Rack SS 800mm – Hettich,Kitchen Plate Rack SS 800mm – Hettich,Basket,Kitchen Plate Rack SS 800mm – Hettich,Kitchen Plate Rack SS 800mm – Hettich,NOS,1450,1450,1450,18,Bengaluru,Karnataka,admin_manual,TRUE
MAT-000135,MAT-000135,MAT-000135,Airfoil Wall Mount Lavatory Faucet,Airfoil Wall Mount Lavatory Faucet,Bathroom Fittings,Faucet,Airfoil Wall Mount Lavatory Faucet,NOS,65270,65270,65270,18,Bengaluru,Karnataka,admin_manual,TRUE
MAT-000153,MAT-000153,MAT-000153,Angle cock with Wall Flange,Angle cock with Wall Flange,Bathroom Fittings,Bathroom Fitting,Angle cock with Wall Flange,NOS,1277,1277,1277,18,Bengaluru,Karnataka,admin_manual,TRUE
MAT-000134,MAT-000134,MAT-000134,Bath tub spout with wall flange,Bath tub spout with wall flange,Bathroom Fittings,Bathroom Fitting,Bath tub spout with wall flange,NOS,1487,1487,1487,18,Bengaluru,Karnataka,admin_manual,TRUE
MAT-000141,MAT-000141,MAT-000141,Bath tub spout with wall flange and button arrangement for telephonic shower,Bath tub spout with wall flange and button arrangement for telephonic shower,Bathroom Fittings,Shower,Bath tub spout with wall flange and button arrangement for telephonic shower,NOS,1637,1637,1637,18,Bengaluru,Karnataka,admin_manual,TRUE
MAT-000087,MAT-000087,MAT-000087,Bathroom - Anti-Skid Mat - EVA - Cera - SafeWalk,Bathroom - Anti-Skid Mat - EVA - Cera - SafeWalk,Bathroom Fittings,Bathroom Fitting,Bathroom - Anti-Skid Mat - EVA - Cera - SafeWalk,NOS,340,340,340,18,Bengaluru,Karnataka,admin_manual,TRUE
MAT-000085,MAT-000085,MAT-000085,Bathroom - Anti-Skid Mat - PVC - Parryware - SureStep,Bathroom - Anti-Skid Mat - PVC - Parryware - SureStep,Bathroom Fittings,Bathroom Fitting,Bathroom - Anti-Skid Mat - PVC - Parryware - SureStep,NOS,320,320,320,18,Bengaluru,Karnataka,admin_manual,TRUE
MAT-000086,MAT-000086,MAT-000086,Bathroom - Anti-Skid Mat - Rubber - Roca - GripMat,Bathroom - Anti-Skid Mat - Rubber - Roca - GripMat,Bathroom Fittings,Bathroom Fitting,Bathroom - Anti-Skid Mat - Rubber - Roca - GripMat,NOS,360,360,360,18,Bengaluru,Karnataka,admin_manual,TRUE
MAT-000120,MAT-000120,MAT-000120,Bathroom - Bathroom Automation Kit - Sensor Tap + Bin + Mirror - Parryware - SmartSuite,Bathroom - Bathroom Automation Kit - Sensor Tap + Bin + Mirror - Parryware - SmartSuite,Bathroom Fittings,Bathroom Fitting,Bathroom - Bathroom Automation Kit - Sensor Tap + Bin + Mirror - Parryware - SmartSuite,NOS,7850,7850,7850,18,Bengaluru,Karnataka,admin_manual,TRUE
MAT-000122,MAT-000122,MAT-000122,Bathroom - Bathroom Automation Kit - Sensor Tap + Mirror + Bin - Grohe - AutoSet,Bathroom - Bathroom Automation Kit - Sensor Tap + Mirror + Bin - Grohe - AutoSet,Bathroom Fittings,Bathroom Fitting,Bathroom - Bathroom Automation Kit - Sensor Tap + Mirror + Bin - Grohe - AutoSet,NOS,8850,8850,8850,18,Bengaluru,Karnataka,admin_manual,TRUE
MAT-000121,MAT-000121,MAT-000121,Bathroom - Bathroom Automation Kit - Sensor Tap + Mirror + Dispenser - Roca - IntelliPack,Bathroom - Bathroom Automation Kit - Sensor Tap + Mirror + Dispenser - Roca - IntelliPack,Bathroom Fittings,Bathroom Fitting,Bathroom - Bathroom Automation Kit - Sensor Tap + Mirror + Dispenser - Roca - IntelliPack,NOS,8250,8250,8250,18,Bengaluru,Karnataka,admin_manual,TRUE
MAT-000059,MAT-000059,MAT-000059,Bathroom - Faucet - Basin Mixer - Grohe - Eurosmart,Bathroom - Faucet - Basin Mixer - Grohe - Eurosmart,Bathroom Fittings,Basin Mixer,Bathroom - Faucet - Basin Mixer - Grohe - Eurosmart,NOS,2850,2850,2850,18,Bengaluru,Karnataka,admin_manual,TRUE
MAT-000024,MAT-000024,MAT-000024,Bathroom - Faucet - Basin Mixer - Jaquar,Bathroom - Faucet - Basin Mixer - Jaquar,Bathroom Fittings,Basin Mixer,Bathroom - Faucet - Basin Mixer - Jaquar,NOS,1450,1450,1450,18,Bengaluru,Karnataka,admin_manual,TRUE
MAT-000043,MAT-000043,MAT-000043,Bathroom - Faucet - Basin Mixer - Parryware - Fusion,Bathroom - Faucet - Basin Mixer - Parryware - Fusion,Bathroom Fittings,Basin Mixer,Bathroom - Faucet - Basin Mixer - Parryware - Fusion,NOS,1350,1350,1350,18,Bengaluru,Karnataka,admin_manual,TRUE
MAT-000049,MAT-000049,MAT-000049,Bathroom - Faucet - Basin Mixer - Roca - Victoria,Bathroom - Faucet - Basin Mixer - Roca - Victoria,Bathroom Fittings,Basin Mixer,Bathroom - Faucet - Basin Mixer - Roca - Victoria,NOS,1850,1850,1850,18,Bengaluru,Karnataka,admin_manual,TRUE
MAT-000054,MAT-000054,MAT-000054,Bathroom - Faucet - Pillar Tap - Cera - Garnet,Bathroom - Faucet - Pillar Tap - Cera - Garnet,Bathroom Fittings,Pillar Tap,Bathroom - Faucet - Pillar Tap - Cera - Garnet,NOS,920,920,920,18,Bengaluru,Karnataka,admin_manual,TRUE
MAT-000026,MAT-000026,MAT-000026,Bathroom - Faucet - Pillar Tap - Hindware,Bathroom - Faucet - Pillar Tap - Hindware,Bathroom Fittings,Pillar Tap,Bathroom - Faucet - Pillar Tap - Hindware,NOS,980,980,980,18,Bengaluru,Karnataka,admin_manual,TRUE
MAT-000027,MAT-000027,MAT-000027,Bathroom - Faucet - Sink Cock - Cera,Bathroom - Faucet - Sink Cock - Cera,Bathroom Fittings,Faucet,Bathroom - Faucet - Sink Cock - Cera,NOS,1050,1050,1050,18,Bengaluru,Karnataka,admin_manual,TRUE
MAT-000055,MAT-000055,MAT-000055,Bathroom - Faucet - Sink Cock - Cera - Ruby,Bathroom - Faucet - Sink Cock - Cera - Ruby,Bathroom Fittings,Faucet,Bathroom - Faucet - Sink Cock - Cera - Ruby,NOS,990,990,990,18,Bengaluru,Karnataka,admin_manual,TRUE
MAT-000045,MAT-000045,MAT-000045,Bathroom - Faucet - Sink Cock - Parryware - Alpha,Bathroom - Faucet - Sink Cock - Parryware - Alpha,Bathroom Fittings,Faucet,Bathroom - Faucet - Sink Cock - Parryware - Alpha,NOS,980,980,980,18,Bengaluru,Karnataka,admin_manual,TRUE
MAT-000060,MAT-000060,MAT-000060,Bathroom - Faucet - Wall Mixer - Grohe - BauEdge,Bathroom - Faucet - Wall Mixer - Grohe - BauEdge,Bathroom Fittings,Wall Mixer,Bathroom - Faucet - Wall Mixer - Grohe - BauEdge,NOS,3250,3250,3250,18,Bengaluru,Karnataka,admin_manual,TRUE
MAT-000025,MAT-000025,MAT-000025,Bathroom - Faucet - Wall Mixer - Jaquar,Bathroom - Faucet - Wall Mixer - Jaquar,Bathroom Fittings,Wall Mixer,Bathroom - Faucet - Wall Mixer - Jaquar,NOS,1850,1850,1850,18,Bengaluru,Karnataka,admin_manual,TRUE
MAT-000044,MAT-000044,MAT-000044,Bathroom - Faucet - Wall Mixer - Parryware - Claret,Bathroom - Faucet - Wall Mixer - Parryware - Claret,Bathroom Fittings,Wall Mixer,Bathroom - Faucet - Wall Mixer - Parryware - Claret,NOS,1650,1650,1650,18,Bengaluru,Karnataka,admin_manual,TRUE
MAT-000050,MAT-000050,MAT-000050,Bathroom - Faucet - Wall Mixer - Roca - Monodin,Bathroom - Faucet - Wall Mixer - Roca - Monodin,Bathroom Fittings,Wall Mixer,Bathroom - Faucet - Wall Mixer - Roca - Monodin,NOS,2150,2150,2150,18,Bengaluru,Karnataka,admin_manual,TRUE
MAT-000071,MAT-000071,MAT-000071,Bathroom - Flush Plate - Dual Button - Cera - Slim,Bathroom - Flush Plate - Dual Button - Cera - Slim,Bathroom Fittings,Bathroom Fitting,Bathroom - Flush Plate - Dual Button - Cera - Slim,NOS,1350,1350,1350,18,Bengaluru,Karnataka,admin_manual,TRUE
MAT-000068,MAT-000068,MAT-000068,Bathroom - Flush Plate - Dual Button - Grohe - Skate Cosmopolitan,Bathroom - Flush Plate - Dual Button - Grohe - Skate Cosmopolitan,Bathroom Fittings,Bathroom Fitting,Bathroom - Flush Plate - Dual Button - Grohe - Skate Cosmopolitan,NOS,1850,1850,1850,18,Bengaluru,Karnataka,admin_manual,TRUE
MAT-000070,MAT-000070,MAT-000070,Bathroom - Flush Plate - Dual Button - Parryware - Slimline,Bathroom - Flush Plate - Dual Button - Parryware - Slimline,Bathroom Fittings,Bathroom Fitting,Bathroom - Flush Plate - Dual Button - Parryware - Slimline,NOS,1450,1450,1450,18,Bengaluru,Karnataka,admin_manual,TRUE
MAT-000069,MAT-000069,MAT-000069,Bathroom - Flush Plate - Dual Button - Roca - Duplo,Bathroom - Flush Plate - Dual Button - Roca - Duplo,Bathroom Fittings,Bathroom Fitting,Bathroom - Flush Plate - Dual Button - Roca - Duplo,NOS,1650,1650,1650,18,Bengaluru,Karnataka,admin_manual,TRUE
MAT-000063,MAT-000063,MAT-000063,Bathroom - Flush System - Concealed Cistern - Grohe - Rapid SL,Bathroom - Flush System - Concealed Cistern - Grohe - Rapid SL,Bathroom Fittings,Bathroom Fitting,Bathroom - Flush System - Concealed Cistern - Grohe - Rapid SL,NOS,3850,3850,3850,18,Bengaluru,Karnataka,admin_manual,TRUE
MAT-000033,MAT-000033,MAT-000033,Bathroom - Flush System - Concealed Cistern - Jaquar,Bathroom - Flush System - Concealed Cistern - Jaquar,Bathroom Fittings,Bathroom Fitting,Bathroom - Flush System - Concealed Cistern - Jaquar,NOS,1850,1850,1850,18,Bengaluru,Karnataka,admin_manual,TRUE
MAT-000048,MAT-000048,MAT-000048,Bathroom - Flush System - Concealed Cistern - Parryware - Slimline,Bathroom - Flush System - Concealed Cistern - Parryware - Slimline,Bathroom Fittings,Bathroom Fitting,Bathroom - Flush System - Concealed Cistern - Parryware - Slimline,NOS,1750,1750,1750,18,Bengaluru,Karnataka,admin_manual,TRUE
MAT-000053,MAT-000053,MAT-000053,Bathroom - Flush System - Concealed Cistern - Roca - Duplo,Bathroom - Flush System - Concealed Cistern - Roca - Duplo,Bathroom Fittings,Bathroom Fitting,Bathroom - Flush System - Concealed Cistern - Roca - Duplo,NOS,2250,2250,2250,18,Bengaluru,Karnataka,admin_manual,TRUE
MAT-000058,MAT-000058,MAT-000058,Bathroom - Flush System - Exposed Cistern - Cera - Slim,Bathroom - Flush System - Exposed Cistern - Cera - Slim,Bathroom Fittings,Bathroom Fitting,Bathroom - Flush System - Exposed Cistern - Cera - Slim,NOS,1150,1150,1150,18,Bengaluru,Karnataka,admin_manual,TRUE
MAT-000034,MAT-000034,MAT-000034,Bathroom - Flush System - Exposed Cistern - Hindware,Bathroom - Flush System - Exposed Cistern - Hindware,Bathroom Fittings,Bathroom Fitting,Bathroom - Flush System - Exposed Cistern - Hindware,NOS,1250,1250,1250,18,Bengaluru,Karnataka,admin_manual,TRUE
MAT-000119,MAT-000119,MAT-000119,Bathroom - Foot Flush Valve - SS Manual - Cera - FootJet,Bathroom - Foot Flush Valve - SS Manual - Cera - FootJet,Bathroom Fittings,Flush Valve,Bathroom - Foot Flush Valve - SS Manual - Cera - FootJet,NOS,1350,1350,1350,18,Bengaluru,Karnataka,admin_manual,TRUE
MAT-000117,MAT-000117,MAT-000117,Bathroom - Foot Flush Valve - SS Manual - Parryware - PedalFlush,Bathroom - Foot Flush Valve - SS Manual - Parryware - PedalFlush,Bathroom Fittings,Flush Valve,Bathroom - Foot Flush Valve - SS Manual - Parryware - PedalFlush,NOS,1450,1450,1450,18,Bengaluru,Karnataka,admin_manual,TRUE
MAT-000118,MAT-000118,MAT-000118,Bathroom - Foot Flush Valve - SS Manual - Roca - StepFlush,Bathroom - Foot Flush Valve - SS Manual - Roca - StepFlush,Bathroom Fittings,Flush Valve,Bathroom - Foot Flush Valve - SS Manual - Roca - StepFlush,NOS,1650,1650,1650,18,Bengaluru,Karnataka,admin_manual,TRUE
MAT-000100,MAT-000100,MAT-000100,Bathroom - Foot Tap - Basin - Cera - FootEase,Bathroom - Foot Tap - Basin - Cera - FootEase,Bathroom Fittings,Bathroom Fitting,Bathroom - Foot Tap - Basin - Cera - FootEase,NOS,1350,1350,1350,18,Bengaluru,Karnataka,admin_manual,TRUE
MAT-000098,MAT-000098,MAT-000098,Bathroom - Foot Tap - Basin - Parryware - PedalFlow,Bathroom - Foot Tap - Basin - Parryware - PedalFlow,Bathroom Fittings,Bathroom Fitting,Bathroom - Foot Tap - Basin - Parryware - PedalFlow,NOS,1450,1450,1450,18,Bengaluru,Karnataka,admin_manual,TRUE
MAT-000099,MAT-000099,MAT-000099,Bathroom - Foot Tap - Basin - Roca - StepTap,Bathroom - Foot Tap - Basin - Roca - StepTap,Bathroom Fittings,Bathroom Fitting,Bathroom - Foot Tap - Basin - Roca - StepTap,NOS,1650,1650,1650,18,Bengaluru,Karnataka,admin_manual,TRUE
MAT-000079,MAT-000079,MAT-000079,"Bathroom - Grab Bar - SS Angled 24"" - Roca - AssistSafe","Bathroom - Grab Bar - SS Angled 24"" - Roca - AssistSafe",Bathroom Fittings,Bathroom Fitting,"Bathroom - Grab Bar - SS Angled 24"" - Roca - AssistSafe",NOS,980,980,980,18,Bengaluru,Karnataka,admin_manual,TRUE
MAT-000081,MAT-000081,MAT-000081,Bathroom - Grab Bar - SS Foldable - Grohe - FlexGuard,Bathroom - Grab Bar - SS Foldable - Grohe - FlexGuard,Bathroom Fittings,Bathroom Fitting,Bathroom - Grab Bar - SS Foldable - Grohe - FlexGuard,NOS,1250,1250,1250,18,Bengaluru,Karnataka,admin_manual,TRUE
MAT-000080,MAT-000080,MAT-000080,"Bathroom - Grab Bar - SS Straight 12"" - Cera - GripLine","Bathroom - Grab Bar - SS Straight 12"" - Cera - GripLine",Bathroom Fittings,Bathroom Fitting,"Bathroom - Grab Bar - SS Straight 12"" - Cera - GripLine",NOS,780,780,780,18,Bengaluru,Karnataka,admin_manual,TRUE
MAT-000078,MAT-000078,MAT-000078,"Bathroom - Grab Bar - SS Straight 18"" - Parryware - SecureHold","Bathroom - Grab Bar - SS Straight 18"" - Parryware - SecureHold",Bathroom Fittings,Bathroom Fitting,"Bathroom - Grab Bar - SS Straight 18"" - Parryware - SecureHold",NOS,850,850,850,18,Bengaluru,Karnataka,admin_manual,TRUE
MAT-000057,MAT-000057,MAT-000057,Bathroom - Health Faucet - ABS Jet - Cera - Ruby,Bathroom - Health Faucet - ABS Jet - Cera - Ruby,Bathroom Fittings,Health Faucet,Bathroom - Health Faucet - ABS Jet - Cera - Ruby,NOS,560,560,560,18,Bengaluru,Karnataka,admin_manual,TRUE
MAT-000031,MAT-000031,MAT-000031,Bathroom - Health Faucet - ABS Jet - Jaquar,Bathroom - Health Faucet - ABS Jet - Jaquar,Bathroom Fittings,Health Faucet,Bathroom - Health Faucet - ABS Jet - Jaquar,NOS,620,620,620,18,Bengaluru,Karnataka,admin_manual,TRUE
MAT-000047,MAT-000047,MAT-000047,Bathroom - Health Faucet - ABS Jet - Parryware - Claret,Bathroom - Health Faucet - ABS Jet - Parryware - Claret,Bathroom Fittings,Health Faucet,Bathroom - Health Faucet - ABS Jet - Parryware - Claret,NOS,580,580,580,18,Bengaluru,Karnataka,admin_manual,TRUE
MAT-000062,MAT-000062,MAT-000062,Bathroom - Health Faucet - SS Jet - Grohe - BauCurve,Bathroom - Health Faucet - SS Jet - Grohe - BauCurve,Bathroom Fittings,Health Faucet,Bathroom - Health Faucet - SS Jet - Grohe - BauCurve,NOS,980,980,980,18,Bengaluru,Karnataka,admin_manual,TRUE
MAT-000032,MAT-000032,MAT-000032,Bathroom - Health Faucet - SS Jet - Hindware,Bathroom - Health Faucet - SS Jet - Hindware,Bathroom Fittings,Health Faucet,Bathroom - Health Faucet - SS Jet - Hindware,NOS,580,580,580,18,Bengaluru,Karnataka,admin_manual,TRUE
MAT-000052,MAT-000052,MAT-000052,Bathroom - Health Faucet - SS Jet - Roca - Victoria,Bathroom - Health Faucet - SS Jet - Roca - Victoria,Bathroom Fittings,Health Faucet,Bathroom - Health Faucet - SS Jet - Roca - Victoria,NOS,720,720,720,18,Bengaluru,Karnataka,admin_manual,TRUE
MAT-000108,MAT-000108,MAT-000108,Bathroom - Partition - Aluminum Frame - Grohe - FlexWall,Bathroom - Partition - Aluminum Frame - Grohe - FlexWall,Bathroom Fittings,Bathroom Fitting,Bathroom - Partition - Aluminum Frame - Grohe - FlexWall,NOS,4650,4650,4650,18,Bengaluru,Karnataka,admin_manual,TRUE
MAT-000105,MAT-000105,MAT-000105,Bathroom - Partition - Frosted Glass - Parryware - SlideGuard,Bathroom - Partition - Frosted Glass - Parryware - SlideGuard,Bathroom Fittings,Bathroom Fitting,Bathroom - Partition - Frosted Glass - Parryware - SlideGuard,NOS,3850,3850,3850,18,Bengaluru,Karnataka,admin_manual,TRUE
MAT-000107,MAT-000107,MAT-000107,Bathroom - Partition - PVC Panel - Cera - DryZone,Bathroom - Partition - PVC Panel - Cera - DryZone,Bathroom Fittings,Bathroom Fitting,Bathroom - Partition - PVC Panel - Cera - DryZone,NOS,3450,3450,3450,18,Bengaluru,Karnataka,admin_manual,TRUE
MAT-000106,MAT-000106,MAT-000106,Bathroom - Partition - SS Frame - Roca - SpaceLine,Bathroom - Partition - SS Frame - Roca - SpaceLine,Bathroom Fittings,Bathroom Fitting,Bathroom - Partition - SS Frame - Roca - SpaceLine,NOS,4250,4250,4250,18,Bengaluru,Karnataka,admin_manual,TRUE
MAT-000040,MAT-000040,MAT-000040,Bathroom - Robe Hook - Double - Hindware,Bathroom - Robe Hook - Double - Hindware,Bathroom Fittings,Bathroom Fitting,Bathroom - Robe Hook - Double - Hindware,NOS,340,340,340,18,Bengaluru,Karnataka,admin_manual,TRUE
MAT-000039,MAT-000039,MAT-000039,Bathroom - Robe Hook - Single - Jaquar,Bathroom - Robe Hook - Single - Jaquar,Bathroom Fittings,Bathroom Fitting,Bathroom - Robe Hook - Single - Jaquar,NOS,280,280,280,18,Bengaluru,Karnataka,admin_manual,TRUE
MAT-000096,MAT-000096,MAT-000096,Bathroom - Sensor Bin - 10L - Cera - CleanWave,Bathroom - Sensor Bin - 10L - Cera - CleanWave,Bathroom Fittings,Bathroom Fitting,Bathroom - Sensor Bin - 10L - Cera - CleanWave,NOS,1950,1950,1950,18,Bengaluru,Karnataka,admin_manual,TRUE
MAT-000095,MAT-000095,MAT-000095,Bathroom - Sensor Bin - 12L - Roca - AutoBin,Bathroom - Sensor Bin - 12L - Roca - AutoBin,Bathroom Fittings,Bathroom Fitting,Bathroom - Sensor Bin - 12L - Roca - AutoBin,NOS,2250,2250,2250,18,Bengaluru,Karnataka,admin_manual,TRUE
MAT-000097,MAT-000097,MAT-000097,Bathroom - Sensor Bin - 15L - Grohe - SmartBin,Bathroom - Sensor Bin - 15L - Grohe - SmartBin,Bathroom Fittings,Bathroom Fitting,Bathroom - Sensor Bin - 15L - Grohe - SmartBin,NOS,2650,2650,2650,18,Bengaluru,Karnataka,admin_manual,TRUE
MAT-000094,MAT-000094,MAT-000094,Bathroom - Sensor Bin - 8L - Parryware - TouchFree,Bathroom - Sensor Bin - 8L - Parryware - TouchFree,Bathroom Fittings,Bathroom Fitting,Bathroom - Sensor Bin - 8L - Parryware - TouchFree,NOS,1850,1850,1850,18,Bengaluru,Karnataka,admin_manual,TRUE
MAT-000116,MAT-000116,MAT-000116,Bathroom - Sensor Soap Dispenser - Countertop - Grohe - SmartFoam,Bathroom - Sensor Soap Dispenser - Countertop - Grohe - SmartFoam,Bathroom Fittings,Bathroom Fitting,Bathroom - Sensor Soap Dispenser - Countertop - Grohe - SmartFoam,NOS,2650,2650,2650,18,Bengaluru,Karnataka,admin_manual,TRUE
MAT-000114,MAT-000114,MAT-000114,Bathroom - Sensor Soap Dispenser - Countertop - Roca - AutoFoam,Bathroom - Sensor Soap Dispenser - Countertop - Roca - AutoFoam,Bathroom Fittings,Bathroom Fitting,Bathroom - Sensor Soap Dispenser - Countertop - Roca - AutoFoam,NOS,2250,2250,2250,18,Bengaluru,Karnataka,admin_manual,TRUE
MAT-000115,MAT-000115,MAT-000115,Bathroom - Sensor Soap Dispenser - Wall Mount - Cera - FoamJet,Bathroom - Sensor Soap Dispenser - Wall Mount - Cera - FoamJet,Bathroom Fittings,Bathroom Fitting,Bathroom - Sensor Soap Dispenser - Wall Mount - Cera - FoamJet,NOS,1950,1950,1950,18,Bengaluru,Karnataka,admin_manual,TRUE
MAT-000113,MAT-000113,MAT-000113,Bathroom - Sensor Soap Dispenser - Wall Mount - Parryware - CleanTouch,Bathroom - Sensor Soap Dispenser - Wall Mount - Parryware - CleanTouch,Bathroom Fittings,Bathroom Fitting,Bathroom - Sensor Soap Dispenser - Wall Mount - Parryware - CleanTouch,NOS,1850,1850,1850,18,Bengaluru,Karnataka,admin_manual,TRUE
MAT-000067,MAT-000067,MAT-000067,Bathroom - Sensor Tap - Basin - Cera - IntelliFlow,Bathroom - Sensor Tap - Basin - Cera - IntelliFlow,Bathroom Fittings,Bathroom Fitting,Bathroom - Sensor Tap - Basin - Cera - IntelliFlow,NOS,3050,3050,3050,18,Bengaluru,Karnataka,admin_manual,TRUE
MAT-000066,MAT-000066,MAT-000066,Bathroom - Sensor Tap - Basin - Grohe - Eurosmart Infrared,Bathroom - Sensor Tap - Basin - Grohe - Eurosmart Infrared,Bathroom Fittings,Bathroom Fitting,Bathroom - Sensor Tap - Basin - Grohe - Eurosmart Infrared,NOS,3850,3850,3850,18,Bengaluru,Karnataka,admin_manual,TRUE
MAT-000064,MAT-000064,MAT-000064,Bathroom - Sensor Tap - Basin - Parryware - SlimTouch,Bathroom - Sensor Tap - Basin - Parryware - SlimTouch,Bathroom Fittings,Bathroom Fitting,Bathroom - Sensor Tap - Basin - Parryware - SlimTouch,NOS,2850,2850,2850,18,Bengaluru,Karnataka,admin_manual,TRUE
MAT-000065,MAT-000065,MAT-000065,Bathroom - Sensor Tap - Basin - Roca - Touchless,Bathroom - Sensor Tap - Basin - Roca - Touchless,Bathroom Fittings,Bathroom Fitting,Bathroom - Sensor Tap - Basin - Roca - Touchless,NOS,3250,3250,3250,18,Bengaluru,Karnataka,admin_manual,TRUE
MAT-000076,MAT-000076,MAT-000076,Bathroom - Sensor Urinal - Wall Mount - Cera - AutoJet,Bathroom - Sensor Urinal - Wall Mount - Cera - AutoJet,Bathroom Fittings,Bathroom Fitting,Bathroom - Sensor Urinal - Wall Mount - Cera - AutoJet,NOS,3150,3150,3150,18,Bengaluru,Karnataka,admin_manual,TRUE
MAT-000077,MAT-000077,MAT-000077,Bathroom - Sensor Urinal - Wall Mount - Grohe - InfraFlush,Bathroom - Sensor Urinal - Wall Mount - Grohe - InfraFlush,Bathroom Fittings,Bathroom Fitting,Bathroom - Sensor Urinal - Wall Mount - Grohe - InfraFlush,NOS,3950,3950,3950,18,Bengaluru,Karnataka,admin_manual,TRUE
MAT-000074,MAT-000074,MAT-000074,Bathroom - Sensor Urinal - Wall Mount - Parryware - IntelliFlush,Bathroom - Sensor Urinal - Wall Mount - Parryware - IntelliFlush,Bathroom Fittings,Bathroom Fitting,Bathroom - Sensor Urinal - Wall Mount - Parryware - IntelliFlush,NOS,3250,3250,3250,18,Bengaluru,Karnataka,admin_manual,TRUE
MAT-000075,MAT-000075,MAT-000075,Bathroom - Sensor Urinal - Wall Mount - Roca - SmartFlow,Bathroom - Sensor Urinal - Wall Mount - Roca - SmartFlow,Bathroom Fittings,Bathroom Fitting,Bathroom - Sensor Urinal - Wall Mount - Roca - SmartFlow,NOS,3650,3650,3650,18,Bengaluru,Karnataka,admin_manual,TRUE
MAT-000041,MAT-000041,MAT-000041,Bathroom - Shelf - Glass Corner - Jaquar,Bathroom - Shelf - Glass Corner - Jaquar,Bathroom Fittings,Bathroom Fitting,Bathroom - Shelf - Glass Corner - Jaquar,NOS,620,620,620,18,Bengaluru,Karnataka,admin_manual,TRUE
MAT-000042,MAT-000042,MAT-000042,Bathroom - Shelf - SS Straight - Hindware,Bathroom - Shelf - SS Straight - Hindware,Bathroom Fittings,Bathroom Fitting,Bathroom - Shelf - SS Straight - Hindware,NOS,580,580,580,18,Bengaluru,Karnataka,admin_manual,TRUE
MAT-000030,MAT-000030,MAT-000030,Bathroom - Shower - Hand Shower - Cera,Bathroom - Shower - Hand Shower - Cera,Bathroom Fittings,Shower,Bathroom - Shower - Hand Shower - Cera,NOS,850,850,850,18,Bengaluru,Karnataka,admin_manual,TRUE
MAT-000056,MAT-000056,MAT-000056,Bathroom - Shower - Hand Shower - Cera - Garnet,Bathroom - Shower - Hand Shower - Cera - Garnet,Bathroom Fittings,Shower,Bathroom - Shower - Hand Shower - Cera - Garnet,NOS,780,780,780,18,Bengaluru,Karnataka,admin_manual,TRUE
MAT-000061,MAT-000061,MAT-000061,Bathroom - Shower - Overhead Round - Grohe - Tempesta,Bathroom - Shower - Overhead Round - Grohe - Tempesta,Bathroom Fittings,Shower,Bathroom - Shower - Overhead Round - Grohe - Tempesta,NOS,2950,2950,2950,18,Bengaluru,Karnataka,admin_manual,TRUE
MAT-000028,MAT-000028,MAT-000028,Bathroom - Shower - Overhead Round - Jaquar,Bathroom - Shower - Overhead Round - Jaquar,Bathroom Fittings,Shower,Bathroom - Shower - Overhead Round - Jaquar,NOS,1650,1650,1650,18,Bengaluru,Karnataka,admin_manual,TRUE
MAT-000046,MAT-000046,MAT-000046,Bathroom - Shower - Overhead Round - Parryware - Fusion,Bathroom - Shower - Overhead Round - Parryware - Fusion,Bathroom Fittings,Shower,Bathroom - Shower - Overhead Round - Parryware - Fusion,NOS,1450,1450,1450,18,Bengaluru,Karnataka,admin_manual,TRUE
MAT-000029,MAT-000029,MAT-000029,Bathroom - Shower - Overhead Square - Hindware,Bathroom - Shower - Overhead Square - Hindware,Bathroom Fittings,Shower,Bathroom - Shower - Overhead Square - Hindware,NOS,1550,1550,1550,18,Bengaluru,Karnataka,admin_manual,TRUE
MAT-000051,MAT-000051,MAT-000051,Bathroom - Shower - Overhead Square - Roca - Loft,Bathroom - Shower - Overhead Square - Roca - Loft,Bathroom Fittings,Shower,Bathroom - Shower - Overhead Square - Roca - Loft,NOS,1950,1950,1950,18,Bengaluru,Karnataka,admin_manual,TRUE
MAT-000084,MAT-000084,MAT-000084,Bathroom - Shower Curtain - Fabric - Cera - RainDrop,Bathroom - Shower Curtain - Fabric - Cera - RainDrop,Bathroom Fittings,Shower,Bathroom - Shower Curtain - Fabric - Cera - RainDrop,NOS,480,480,480,18,Bengaluru,Karnataka,admin_manual,TRUE
MAT-000083,MAT-000083,MAT-000083,Bathroom - Shower Curtain - PEVA - Roca - Misty,Bathroom - Shower Curtain - PEVA - Roca - Misty,Bathroom Fittings,Shower,Bathroom - Shower Curtain - PEVA - Roca - Misty,NOS,520,520,520,18,Bengaluru,Karnataka,admin_manual,TRUE
MAT-000082,MAT-000082,MAT-000082,Bathroom - Shower Curtain - Polyester - Parryware - AquaFlow,Bathroom - Shower Curtain - Polyester - Parryware - AquaFlow,Bathroom Fittings,Shower,Bathroom - Shower Curtain - Polyester - Parryware - AquaFlow,NOS,450,450,450,18,Bengaluru,Karnataka,admin_manual,TRUE
MAT-000110,MAT-000110,MAT-000110,Bathroom - Smart Mirror - LED + Bluetooth Speaker - Roca - LumiSound,Bathroom - Smart Mirror - LED + Bluetooth Speaker - Roca - LumiSound,Bathroom Fittings,Bathroom Fitting,Bathroom - Smart Mirror - LED + Bluetooth Speaker - Roca - LumiSound,NOS,4250,4250,4250,18,Bengaluru,Karnataka,admin_manual,TRUE
MAT-000111,MAT-000111,MAT-000111,Bathroom - Smart Mirror - LED + Clock Display - Cera - TimeGlow,Bathroom - Smart Mirror - LED + Clock Display - Cera - TimeGlow,Bathroom Fittings,Bathroom Fitting,Bathroom - Smart Mirror - LED + Clock Display - Cera - TimeGlow,NOS,3450,3450,3450,18,Bengaluru,Karnataka,admin_manual,TRUE
MAT-000112,MAT-000112,MAT-000112,Bathroom - Smart Mirror - LED + Motion Sensor - Grohe - SenseMirror,Bathroom - Smart Mirror - LED + Motion Sensor - Grohe - SenseMirror,Bathroom Fittings,Bathroom Fitting,Bathroom - Smart Mirror - LED + Motion Sensor - Grohe - SenseMirror,NOS,4650,4650,4650,18,Bengaluru,Karnataka,admin_manual,TRUE
MAT-000109,MAT-000109,MAT-000109,Bathroom - Smart Mirror - LED Touch + Defogger - Parryware - IntelliView,Bathroom - Smart Mirror - LED Touch + Defogger - Parryware - IntelliView,Bathroom Fittings,Bathroom Fitting,Bathroom - Smart Mirror - LED Touch + Defogger - Parryware - IntelliView,NOS,3850,3850,3850,18,Bengaluru,Karnataka,admin_manual,TRUE
MAT-000038,MAT-000038,MAT-000038,Bathroom - Soap Tray - Glass Type - Jaquar,Bathroom - Soap Tray - Glass Type - Jaquar,Bathroom Fittings,Bathroom Fitting,Bathroom - Soap Tray - Glass Type - Jaquar,NOS,390,390,390,18,Bengaluru,Karnataka,admin_manual,TRUE
MAT-000037,MAT-000037,MAT-000037,Bathroom - Soap Tray - Wall Mount - Cera,Bathroom - Soap Tray - Wall Mount - Cera,Bathroom Fittings,Bathroom Fitting,Bathroom - Soap Tray - Wall Mount - Cera,NOS,320,320,320,18,Bengaluru,Karnataka,admin_manual,TRUE
MAT-000090,MAT-000090,MAT-000090,Bathroom - Toilet Paper Holder - SS Round - Cera - Ring,Bathroom - Toilet Paper Holder - SS Round - Cera - Ring,Bathroom Fittings,Bathroom Fitting,Bathroom - Toilet Paper Holder - SS Round - Cera - Ring,NOS,260,260,260,18,Bengaluru,Karnataka,admin_manual,TRUE
MAT-000088,MAT-000088,MAT-000088,Bathroom - Toilet Paper Holder - SS Round - Parryware - Loop,Bathroom - Toilet Paper Holder - SS Round - Parryware - Loop,Bathroom Fittings,Bathroom Fitting,Bathroom - Toilet Paper Holder - SS Round - Parryware - Loop,NOS,280,280,280,18,Bengaluru,Karnataka,admin_manual,TRUE
MAT-000089,MAT-000089,MAT-000089,Bathroom - Toilet Paper Holder - SS Square - Roca - Edge,Bathroom - Toilet Paper Holder - SS Square - Roca - Edge,Bathroom Fittings,Bathroom Fitting,Bathroom - Toilet Paper Holder - SS Square - Roca - Edge,NOS,320,320,320,18,Bengaluru,Karnataka,admin_manual,TRUE
MAT-000102,MAT-000102,MAT-000102,Bathroom - Toilet Seat Cover - Slimline - Roca - FlexFit,Bathroom - Toilet Seat Cover - Slimline - Roca - FlexFit,Bathroom Fittings,Bathroom Fitting,Bathroom - Toilet Seat Cover - Slimline - Roca - FlexFit,NOS,980,980,980,18,Bengaluru,Karnataka,admin_manual,TRUE
MAT-000104,MAT-000104,MAT-000104,Bathroom - Toilet Seat Cover - Soft Close - Grohe - Glide,Bathroom - Toilet Seat Cover - Soft Close - Grohe - Glide,Bathroom Fittings,Bathroom Fitting,Bathroom - Toilet Seat Cover - Soft Close - Grohe - Glide,NOS,1150,1150,1150,18,Bengaluru,Karnataka,admin_manual,TRUE
MAT-000101,MAT-000101,MAT-000101,Bathroom - Toilet Seat Cover - Soft Close - Parryware - ComfortSeal,Bathroom - Toilet Seat Cover - Soft Close - Parryware - ComfortSeal,Bathroom Fittings,Bathroom Fitting,Bathroom - Toilet Seat Cover - Soft Close - Parryware - ComfortSeal,NOS,850,850,850,18,Bengaluru,Karnataka,admin_manual,TRUE
MAT-000103,MAT-000103,MAT-000103,Bathroom - Toilet Seat Cover - Standard - Cera - SnapOn,Bathroom - Toilet Seat Cover - Standard - Cera - SnapOn,Bathroom Fittings,Bathroom Fitting,Bathroom - Toilet Seat Cover - Standard - Cera - SnapOn,NOS,780,780,780,18,Bengaluru,Karnataka,admin_manual,TRUE
MAT-000035,MAT-000035,MAT-000035,Bathroom - Towel Holder - Ring Type - Jaquar,Bathroom - Towel Holder - Ring Type - Jaquar,Bathroom Fittings,Bathroom Fitting,Bathroom - Towel Holder - Ring Type - Jaquar,NOS,420,420,420,18,Bengaluru,Karnataka,admin_manual,TRUE
MAT-000036,MAT-000036,MAT-000036,Bathroom - Towel Holder - Rod Type - Hindware,Bathroom - Towel Holder - Rod Type - Hindware,Bathroom Fittings,Bathroom Fitting,Bathroom - Towel Holder - Rod Type - Hindware,NOS,480,480,480,18,Bengaluru,Karnataka,admin_manual,TRUE
MAT-000073,MAT-000073,MAT-000073,Bathroom - Towel Warmer - Electric - Grohe - WarmTouch,Bathroom - Towel Warmer - Electric - Grohe - WarmTouch,Bathroom Fittings,Bathroom Fitting,Bathroom - Towel Warmer - Electric - Grohe - WarmTouch,NOS,4200,4200,4200,18,Bengaluru,Karnataka,admin_manual,TRUE
MAT-000072,MAT-000072,MAT-000072,Bathroom - Towel Warmer - Electric - Roca - ThermoDry,Bathroom - Towel Warmer - Electric - Roca - ThermoDry,Bathroom Fittings,Bathroom Fitting,Bathroom - Towel Warmer - Electric - Roca - ThermoDry,NOS,3850,3850,3850,18,Bengaluru,Karnataka,admin_manual,TRUE
MAT-000091,MAT-000091,MAT-000091,Bathroom - Vanity Light - LED Bar - Parryware - GlowLine,Bathroom - Vanity Light - LED Bar - Parryware - GlowLine,Bathroom Fittings,Bathroom Fitting,Bathroom - Vanity Light - LED Bar - Parryware - GlowLine,NOS,850,850,850,18,Bengaluru,Karnataka,admin_manual,TRUE
MAT-000092,MAT-000092,MAT-000092,Bathroom - Vanity Light - LED Mirror Strip - Roca - LumiEdge,Bathroom - Vanity Light - LED Mirror Strip - Roca - LumiEdge,Bathroom Fittings,Bathroom Fitting,Bathroom - Vanity Light - LED Mirror Strip - Roca - LumiEdge,NOS,980,980,980,18,Bengaluru,Karnataka,admin_manual,TRUE
MAT-000093,MAT-000093,MAT-000093,Bathroom - Vanity Light - LED Spot - Grohe - ShinePoint,Bathroom - Vanity Light - LED Spot - Grohe - ShinePoint,Bathroom Fittings,Bathroom Fitting,Bathroom - Vanity Light - LED Spot - Grohe - ShinePoint,NOS,1150,1150,1150,18,Bengaluru,Karnataka,admin_manual,TRUE
MAT-000142,MAT-000142,MAT-000142,Cabriole  Single-control lavatory faucet with lever handle without drain,Cabriole  Single-control lavatory faucet with lever handle without drain,Bathroom Fittings,Faucet,Cabriole  Single-control lavatory faucet with lever handle without drain,NOS,5610,5610,5610,18,Bengaluru,Karnataka,admin_manual,TRUE
MAT-000152,MAT-000152,MAT-000152,Cera's Angle cock with Wall Flange,Cera's Angle cock with Wall Flange,Bathroom Fittings,Bathroom Fitting,Cera's Angle cock with Wall Flange,NOS,2187,2187,2187,18,Bengaluru,Karnataka,admin_manual,TRUE
MAT-000138,MAT-000138,MAT-000138,Concealed Uppar Part,Concealed Uppar Part,Bathroom Fittings,Bathroom Fitting,Concealed Uppar Part,NOS,490,490,490,18,Bengaluru,Karnataka,admin_manual,TRUE
MAT-000137,MAT-000137,MAT-000137,FUZUNEX Bib Cock FS-101,FUZUNEX Bib Cock FS-101,Bathroom Fittings,Bathroom Fitting,FUZUNEX Bib Cock FS-101,NOS,1200,1200,1200,18,Bengaluru,Karnataka,admin_manual,TRUE
MAT-000131,MAT-000131,MAT-000131,Jaquar Concealed body for Single Lever Diverter - 40mm,Jaquar Concealed body for Single Lever Diverter - 40mm,Bathroom Fittings,Diverter,Jaquar Concealed body for Single Lever Diverter - 40mm,NOS,3120,3120,3120,18,Bengaluru,Karnataka,admin_manual,TRUE
MAT-000123,MAT-000123,MAT-000123,"Parryware 1"" EXTENSION NIPPLE","Parryware 1"" EXTENSION NIPPLE",Bathroom Fittings,Bathroom Fitting,"Parryware 1"" EXTENSION NIPPLE",NOS,62.72,62.72,62.72,18,Bengaluru,Karnataka,admin_manual,TRUE
MAT-000127,MAT-000127,MAT-000127,"Parryware 1.5"" EXTENSION NIPPLE","Parryware 1.5"" EXTENSION NIPPLE",Bathroom Fittings,Bathroom Fitting,"Parryware 1.5"" EXTENSION NIPPLE",NOS,75.52,75.52,75.52,18,Bengaluru,Karnataka,admin_manual,TRUE
MAT-000128,MAT-000128,MAT-000128,"Parryware CONNECTION PIPE 24""","Parryware CONNECTION PIPE 24""",Bathroom Fittings,Bathroom Fitting,"Parryware CONNECTION PIPE 24""",NOS,80.24,80.24,80.24,18,Bengaluru,Karnataka,admin_manual,TRUE
MAT-000132,MAT-000132,MAT-000132,Parryware SLIMLINE NEO HEALTH FAUCET,Parryware SLIMLINE NEO HEALTH FAUCET,Bathroom Fittings,Health Faucet,Parryware SLIMLINE NEO HEALTH FAUCET,NOS,627.2,627.2,627.2,18,Bengaluru,Karnataka,admin_manual,TRUE
MAT-000125,MAT-000125,MAT-000125,Parryware TEFLON TAPE 12MM,Parryware TEFLON TAPE 12MM,Bathroom Fittings,Bathroom Fitting,Parryware TEFLON TAPE 12MM,NOS,32.64,32.64,32.64,18,Bengaluru,Karnataka,admin_manual,TRUE
MAT-000124,MAT-000124,MAT-000124,Parryware TRIGON ANGLE VALVE,Parryware TRIGON ANGLE VALVE,Bathroom Fittings,Angle Valve,Parryware TRIGON ANGLE VALVE,NOS,313.6,313.6,313.6,18,Bengaluru,Karnataka,admin_manual,TRUE
MAT-000130,MAT-000130,MAT-000130,Parryware UNO 2 IN 1WALLMIXER,Parryware UNO 2 IN 1WALLMIXER,Bathroom Fittings,Bathroom Fitting,Parryware UNO 2 IN 1WALLMIXER,NOS,3104,3104,3104,18,Bengaluru,Karnataka,admin_manual,TRUE
MAT-000129,MAT-000129,MAT-000129,Parryware UNO PILLAR COCK,Parryware UNO PILLAR COCK,Bathroom Fittings,Bathroom Fitting,Parryware UNO PILLAR COCK,NOS,652.8,652.8,652.8,18,Bengaluru,Karnataka,admin_manual,TRUE
MAT-000151,MAT-000151,MAT-000151,Pillar Cock,Pillar Cock,Bathroom Fittings,Bathroom Fitting,Pillar Cock,NOS,1750,1750,1750,18,Bengaluru,Karnataka,admin_manual,TRUE
MAT-000133,MAT-000133,MAT-000133,Pillar Tap,Pillar Tap,Bathroom Fittings,Pillar Tap,Pillar Tap,NOS,1925,1925,1925,18,Bengaluru,Karnataka,admin_manual,TRUE
MAT-000126,MAT-000126,MAT-000126,ROUND JALI WITH FRAME,ROUND JALI WITH FRAME,Bathroom Fittings,Bathroom Fitting,ROUND JALI WITH FRAME,NOS,146,146,146,18,Bengaluru,Karnataka,admin_manual,TRUE
MAT-000143,MAT-000143,MAT-000143,Roca Shower Enclosure - Angel BathEncosure,Roca Shower Enclosure - Angel BathEncosure,Bathroom Fittings,Shower,Roca Shower Enclosure - Angel BathEncosure,NOS,30000,30000,30000,18,Bengaluru,Karnataka,admin_manual,TRUE
MAT-000146,MAT-000146,MAT-000146,Roca Shower Enclosure - Twin Shower Enclosure,Roca Shower Enclosure - Twin Shower Enclosure,Bathroom Fittings,Shower,Roca Shower Enclosure - Twin Shower Enclosure,NOS,30000,30000,30000,18,Bengaluru,Karnataka,admin_manual,TRUE
MAT-000150,MAT-000150,MAT-000150,Roca Shower Heads - 5 Flow ShowerArm,Roca Shower Heads - 5 Flow ShowerArm,Bathroom Fittings,Shower,Roca Shower Heads - 5 Flow ShowerArm,NOS,1400,1400,1400,18,Bengaluru,Karnataka,admin_manual,TRUE
MAT-000147,MAT-000147,MAT-000147,Roca Shower Heads - Cloud squareRain,Roca Shower Heads - Cloud squareRain,Bathroom Fittings,Shower,Roca Shower Heads - Cloud squareRain,NOS,6000,6000,6000,18,Bengaluru,Karnataka,admin_manual,TRUE
MAT-000148,MAT-000148,MAT-000148,Roca Shower Heads - Rain Showerround,Roca Shower Heads - Rain Showerround,Bathroom Fittings,Shower,Roca Shower Heads - Rain Showerround,NOS,2700,2700,2700,18,Bengaluru,Karnataka,admin_manual,TRUE
MAT-000149,MAT-000149,MAT-000149,Roca Shower Heads - Single Flow ShowerArm,Roca Shower Heads - Single Flow ShowerArm,Bathroom Fittings,Shower,Roca Shower Heads - Single Flow ShowerArm,NOS,1100,1100,1100,18,Bengaluru,Karnataka,admin_manual,TRUE
MAT-000144,MAT-000144,MAT-000144,Roca Shower Heads - Square Rainshower,Roca Shower Heads - Square Rainshower,Bathroom Fittings,Shower,Roca Shower Heads - Square Rainshower,NOS,2900,2900,2900,18,Bengaluru,Karnataka,admin_manual,TRUE
MAT-000139,MAT-000139,MAT-000139,Single Lever Basin Mixer Wall Mounted (with Concealed Body),Single Lever Basin Mixer Wall Mounted (with Concealed Body),Bathroom Fittings,Basin Mixer,Single Lever Basin Mixer Wall Mounted (with Concealed Body),NOS,6455,6455,6455,18,Bengaluru,Karnataka,admin_manual,TRUE
MAT-000140,MAT-000140,MAT-000140,Single Lever Basin mixer with 450mm braided connection pipe (without pop-up),Single Lever Basin mixer with 450mm braided connection pipe (without pop-up),Bathroom Fittings,Basin Mixer,Single Lever Basin mixer with 450mm braided connection pipe (without pop-up),NOS,5997,5997,5997,18,Bengaluru,Karnataka,admin_manual,TRUE
MAT-000136,MAT-000136,MAT-000136,Singulier  Wall-mount lavatory faucet with valve without drain,Singulier  Wall-mount lavatory faucet with valve without drain,Bathroom Fittings,Faucet,Singulier  Wall-mount lavatory faucet with valve without drain,NOS,12270,12270,12270,18,Bengaluru,Karnataka,admin_manual,TRUE
MAT-000145,MAT-000145,MAT-000145,Ultra Thin SS Rain Shower 200mm Round,Ultra Thin SS Rain Shower 200mm Round,Bathroom Fittings,Shower,Ultra Thin SS Rain Shower 200mm Round,NOS,2990,2990,2990,18,Bengaluru,Karnataka,admin_manual,TRUE
MAT-000156,MAT-000156,MAT-000156,Bathroom - Vanity Unit - Floor Mount - Cera - Garnet,Bathroom - Vanity Unit - Floor Mount - Cera - Garnet,Bathroom Vanity,Vanity Unit,Bathroom - Vanity Unit - Floor Mount - Cera - Garnet,NOS,4650,4650,4650,18,Bengaluru,Karnataka,admin_manual,TRUE
MAT-000154,MAT-000154,MAT-000154,Bathroom - Vanity Unit - Floor Mount - Parryware - Alpha,Bathroom - Vanity Unit - Floor Mount - Parryware - Alpha,Bathroom Vanity,Vanity Unit,Bathroom - Vanity Unit - Floor Mount - Parryware - Alpha,NOS,4850,4850,4850,18,Bengaluru,Karnataka,admin_manual,TRUE
MAT-000157,MAT-000157,MAT-000157,Bathroom - Vanity Unit - Wall Mount - Grohe - EuroCube,Bathroom - Vanity Unit - Wall Mount - Grohe - EuroCube,Bathroom Vanity,Vanity Unit,Bathroom - Vanity Unit - Wall Mount - Grohe - EuroCube,NOS,5800,5800,5800,18,Bengaluru,Karnataka,admin_manual,TRUE
MAT-000155,MAT-000155,MAT-000155,Bathroom - Vanity Unit - Wall Mount - Roca - Dama,Bathroom - Vanity Unit - Wall Mount - Roca - Dama,Bathroom Vanity,Vanity Unit,Bathroom - Vanity Unit - Wall Mount - Roca - Dama,NOS,5250,5250,5250,18,Bengaluru,Karnataka,admin_manual,TRUE
MAT-000158,MAT-000158,MAT-000158,Clay Brick - Standard - 190x90x90mm,Clay Brick - Standard - 190x90x90mm,Bricks,Standard,Clay Brick - Standard - 190x90x90mm,NOS,7.5,7.5,7.5,5,Bengaluru,Karnataka,admin_manual,TRUE
MAT-000159,MAT-000159,MAT-000159,Clay Brick - Table Mould - 230x110x75mm,Clay Brick - Table Mould - 230x110x75mm,Bricks,Table Mould,Clay Brick - Table Mould - 230x110x75mm,NOS,9.5,9.5,9.5,5,Bengaluru,Karnataka,admin_manual,TRUE
MAT-000160,MAT-000160,MAT-000160,Fly Ash Brick - Standard - 190x90x90mm,Fly Ash Brick - Standard - 190x90x90mm,Bricks,Standard,Fly Ash Brick - Standard - 190x90x90mm,NOS,5.5,5.5,5.5,5,Bengaluru,Karnataka,admin_manual,TRUE
MAT-000166,MAT-000166,MAT-000166,12mm Aggregate - Crushed - Granite,12mm Aggregate - Crushed - Granite,Bulk Material,Granite,12mm Aggregate - Crushed - Granite,CFT,40,40,40,5,Bengaluru,Karnataka,admin_manual,TRUE
MAT-000167,MAT-000167,MAT-000167,20mm Aggregate - Crushed - Granite,20mm Aggregate - Crushed - Granite,Bulk Material,Granite,20mm Aggregate - Crushed - Granite,CFT,38,38,38,5,Bengaluru,Karnataka,admin_manual,TRUE
MAT-000168,MAT-000168,MAT-000168,40mm Aggregate - Crushed - Granite,40mm Aggregate - Crushed - Granite,Bulk Material,Granite,40mm Aggregate - Crushed - Granite,CFT,36,36,36,5,Bengaluru,Karnataka,admin_manual,TRUE
MAT-000165,MAT-000165,MAT-000165,6mm Aggregate - Crushed - Granite,6mm Aggregate - Crushed - Granite,Bulk Material,Granite,6mm Aggregate - Crushed - Granite,CFT,42,42,42,5,Bengaluru,Karnataka,admin_manual,TRUE
MAT-000181,MAT-000181,MAT-000181,Boulder - Crushed - 40mm Down - Granite,Boulder - Crushed - 40mm Down - Granite,Bulk Material,Crushed,Boulder - Crushed - 40mm Down - Granite,CFT,30,30,30,5,Bengaluru,Karnataka,admin_manual,TRUE
MAT-000179,MAT-000179,MAT-000179,Boulder - Uncut - 300mm+ - Mixed Grade,Boulder - Uncut - 300mm+ - Mixed Grade,Bulk Material,Uncut,Boulder - Uncut - 300mm+ - Mixed Grade,CFT,28,28,28,5,Bengaluru,Karnataka,admin_manual,TRUE
MAT-000180,MAT-000180,MAT-000180,Boulder - Uncut - 450mm+ - Mixed Grade,Boulder - Uncut - 450mm+ - Mixed Grade,Bulk Material,Uncut,Boulder - Uncut - 450mm+ - Mixed Grade,CFT,26,26,26,5,Bengaluru,Karnataka,admin_manual,TRUE
MAT-000172,MAT-000172,MAT-000172,Fly Ash - Fine Grade - Thermal Source,Fly Ash - Fine Grade - Thermal Source,Bulk Material,Fine Grade,Fly Ash - Fine Grade - Thermal Source,KG,6.5,6.5,6.5,5,Bengaluru,Karnataka,admin_manual,TRUE
MAT-000171,MAT-000171,MAT-000171,Gravel - Mixed Grade - Quarry Source,Gravel - Mixed Grade - Quarry Source,Bulk Material,Mixed Grade,Gravel - Mixed Grade - Quarry Source,CFT,30,30,30,5,Bengaluru,Karnataka,admin_manual,TRUE
MAT-000173,MAT-000173,MAT-000173,Hydrated Lime - Powder - Construction Grade,Hydrated Lime - Powder - Construction Grade,Bulk Material,Powder,Hydrated Lime - Powder - Construction Grade,KG,8.5,8.5,8.5,5,Bengaluru,Karnataka,admin_manual,TRUE
MAT-000164,MAT-000164,MAT-000164,M-Sand - Coarse - Crusher Dust,M-Sand - Coarse - Crusher Dust,Bulk Material,Coarse,M-Sand - Coarse - Crusher Dust,CFT,46,46,46,5,Bengaluru,Karnataka,admin_manual,TRUE
MAT-000163,MAT-000163,MAT-000163,M-Sand - Fine - VSI Grade,M-Sand - Fine - VSI Grade,Bulk Material,Fine,M-Sand - Fine - VSI Grade,CFT,50,50,50,5,Bengaluru,Karnataka,admin_manual,TRUE
MAT-000170,MAT-000170,MAT-000170,Red Soil - Site Fill - Compacted,Red Soil - Site Fill - Compacted,Bulk Material,Site Fill,Red Soil - Site Fill - Compacted,CFT,26,26,26,5,Bengaluru,Karnataka,admin_manual,TRUE
MAT-000169,MAT-000169,MAT-000169,Red Soil - Site Fill - Loose,Red Soil - Site Fill - Loose,Bulk Material,Site Fill,Red Soil - Site Fill - Loose,CFT,22,22,22,5,Bengaluru,Karnataka,admin_manual,TRUE
MAT-000162,MAT-000162,MAT-000162,River Sand - Coarse - Unwashed,River Sand - Coarse - Unwashed,Bulk Material,Coarse,River Sand - Coarse - Unwashed,CFT,48,48,48,5,Bengaluru,Karnataka,admin_manual,TRUE
MAT-000161,MAT-000161,MAT-000161,River Sand - Fine - Washed,River Sand - Fine - Washed,Bulk Material,Fine,River Sand - Fine - Washed,CFT,52,52,52,5,Bengaluru,Karnataka,admin_manual,TRUE
MAT-000177,MAT-000177,MAT-000177,"Size Stone - 12""x6""x6"" - Dressed - Granite","Size Stone - 12""x6""x6"" - Dressed - Granite",Bulk Material,Dressed,"Size Stone - 12""x6""x6"" - Dressed - Granite",NOS,18.5,18.5,18.5,5,Bengaluru,Karnataka,admin_manual,TRUE
MAT-000178,MAT-000178,MAT-000178,"Size Stone - 18""x9""x9"" - Rough - Granite","Size Stone - 18""x9""x9"" - Rough - Granite",Bulk Material,Rough,"Size Stone - 18""x9""x9"" - Rough - Granite",NOS,24.5,24.5,24.5,5,Bengaluru,Karnataka,admin_manual,TRUE
MAT-000176,MAT-000176,MAT-000176,"Size Stone - 9""x4""x4"" - Dressed - Granite","Size Stone - 9""x4""x4"" - Dressed - Granite",Bulk Material,Dressed,"Size Stone - 9""x4""x4"" - Dressed - Granite",NOS,12.5,12.5,12.5,5,Bengaluru,Karnataka,admin_manual,TRUE
MAT-000174,MAT-000174,MAT-000174,Soling Stone - Hand Packed - 150mm Avg - Quarry Source,Soling Stone - Hand Packed - 150mm Avg - Quarry Source,Bulk Material,Hand Packed,Soling Stone - Hand Packed - 150mm Avg - Quarry Source,CFT,42,42,42,5,Bengaluru,Karnataka,admin_manual,TRUE
MAT-000175,MAT-000175,MAT-000175,Soling Stone - Machine Packed - 100mm Avg - Quarry Source,Soling Stone - Machine Packed - 100mm Avg - Quarry Source,Bulk Material,Machine Packed,Soling Stone - Machine Packed - 100mm Avg - Quarry Source,CFT,40,40,40,5,Bengaluru,Karnataka,admin_manual,TRUE
MAT-000257,MAT-000257,MAT-000257,CI Chamber Cover - Round - 600mm Dia - Heavy Duty,CI Chamber Cover - Round - 600mm Dia - Heavy Duty,CI-Chamber Covers,Round,CI Chamber Cover - Round - 600mm Dia - Heavy Duty,KG,74,74,74,18,Bengaluru,Karnataka,admin_manual,TRUE
MAT-000255,MAT-000255,MAT-000255,CI Chamber Cover - Square - 300x300mm - Medium Duty,CI Chamber Cover - Square - 300x300mm - Medium Duty,CI-Chamber Covers,Square,CI Chamber Cover - Square - 300x300mm - Medium Duty,KG,76,76,76,18,Bengaluru,Karnataka,admin_manual,TRUE
MAT-000256,MAT-000256,MAT-000256,CI Chamber Cover - Square - 450x450mm - Heavy Duty,CI Chamber Cover - Square - 450x450mm - Heavy Duty,CI-Chamber Covers,Square,CI Chamber Cover - Square - 450x450mm - Heavy Duty,KG,75,75,75,18,Bengaluru,Karnataka,admin_manual,TRUE
MAT-000260,MAT-000260,MAT-000260,CI Frame & Cover - Round - 450mm Dia - Medium Duty,CI Frame & Cover - Round - 450mm Dia - Medium Duty,CI-Chamber Covers,Round,CI Frame & Cover - Round - 450mm Dia - Medium Duty,KG,76,76,76,18,Bengaluru,Karnataka,admin_manual,TRUE
MAT-000258,MAT-000258,MAT-000258,CI Grating - Rectangular - 300x600mm - Medium Duty,CI Grating - Rectangular - 300x600mm - Medium Duty,CI-Chamber Covers,Rectangular,CI Grating - Rectangular - 300x600mm - Medium Duty,KG,76,76,76,18,Bengaluru,Karnataka,admin_manual,TRUE
MAT-000259,MAT-000259,MAT-000259,CI Grating - Square - 450x450mm - Heavy Duty,CI Grating - Square - 450x450mm - Heavy Duty,CI-Chamber Covers,Square,CI Grating - Square - 450x450mm - Heavy Duty,KG,75,75,75,18,Bengaluru,Karnataka,admin_manual,TRUE
MAT-000182,MAT-000182,MAT-000182,CI Pipe - Socketed - 100mm Dia - IS3989,CI Pipe - Socketed - 100mm Dia - IS3989,Cast Iron,Socketed,CI Pipe - Socketed - 100mm Dia - IS3989,KG,78,78,78,18,Bengaluru,Karnataka,admin_manual,TRUE
MAT-000183,MAT-000183,MAT-000183,CI Pipe - Socketed - 150mm Dia - IS3989,CI Pipe - Socketed - 150mm Dia - IS3989,Cast Iron,Socketed,CI Pipe - Socketed - 150mm Dia - IS3989,KG,76,76,76,18,Bengaluru,Karnataka,admin_manual,TRUE
MAT-000184,MAT-000184,MAT-000184,CI Pipe - Socketed - 200mm Dia - IS3989,CI Pipe - Socketed - 200mm Dia - IS3989,Cast Iron,Socketed,CI Pipe - Socketed - 200mm Dia - IS3989,KG,75,75,75,18,Bengaluru,Karnataka,admin_manual,TRUE
MAT-000185,MAT-000185,MAT-000185,CI Pipe - Spigot - 100mm Dia - IS3989,CI Pipe - Spigot - 100mm Dia - IS3989,Cast Iron,Spigot,CI Pipe - Spigot - 100mm Dia - IS3989,KG,77,77,77,18,Bengaluru,Karnataka,admin_manual,TRUE
MAT-000186,MAT-000186,MAT-000186,CI Pipe - Spigot - 150mm Dia - IS3989,CI Pipe - Spigot - 150mm Dia - IS3989,Cast Iron,Spigot,CI Pipe - Spigot - 150mm Dia - IS3989,KG,75,75,75,18,Bengaluru,Karnataka,admin_manual,TRUE
MAT-000187,MAT-000187,MAT-000187,CI Pipe Bend - 100mm - 90° - IS3989,CI Pipe Bend - 100mm - 90° - IS3989,Cast Iron,90°,CI Pipe Bend - 100mm - 90° - IS3989,KG,80,80,80,18,Bengaluru,Karnataka,admin_manual,TRUE
MAT-000188,MAT-000188,MAT-000188,CI Pipe Bend - 150mm - 45° - IS3989,CI Pipe Bend - 150mm - 45° - IS3989,Cast Iron,45°,CI Pipe Bend - 150mm - 45° - IS3989,KG,78,78,78,18,Bengaluru,Karnataka,admin_manual,TRUE
MAT-000189,MAT-000189,MAT-000189,CI Pipe Tee - 100mm - Equal - IS3989,CI Pipe Tee - 100mm - Equal - IS3989,Cast Iron,Equal,CI Pipe Tee - 100mm - Equal - IS3989,KG,82,82,82,18,Bengaluru,Karnataka,admin_manual,TRUE
CEMG106474,CEMG106474,CEMG106474,Cement - OPC 53 Grade,Cement - OPC 53 Grade,Cement,,OPC 53 grade,BAG,430,430,430,18,Bengaluru,Karnataka,admin_manual,TRUE
CEMG106475,CEMG106475,CEMG106475,Cement - PPC,Cement - PPC,Cement,,Portland pozzolana cement,BAG,410,410,410,18,Bengaluru,Karnataka,admin_manual,TRUE
MAT-000195,MAT-000195,MAT-000195,Cement 50kg Bag - OPC 43 Grade - ACC,Cement 50kg Bag - OPC 43 Grade - ACC,Cement,OPC 43 Grade,Cement 50kg Bag - OPC 43 Grade - ACC,BAG,380,380,380,18,Bengaluru,Karnataka,admin_manual,TRUE
MAT-000199,MAT-000199,MAT-000199,Cement 50kg Bag - OPC 43 Grade - Ambuja,Cement 50kg Bag - OPC 43 Grade - Ambuja,Cement,OPC 43 Grade,Cement 50kg Bag - OPC 43 Grade - Ambuja,BAG,378,378,378,18,Bengaluru,Karnataka,admin_manual,TRUE
MAT-000227,MAT-000227,MAT-000227,Cement 50kg Bag - OPC 43 Grade - Bangur,Cement 50kg Bag - OPC 43 Grade - Bangur,Cement,OPC 43 Grade,Cement 50kg Bag - OPC 43 Grade - Bangur,BAG,340,340,340,18,Bengaluru,Karnataka,admin_manual,TRUE
MAT-000239,MAT-000239,MAT-000239,Cement 50kg Bag - OPC 43 Grade - Bharathi,Cement 50kg Bag - OPC 43 Grade - Bharathi,Cement,OPC 43 Grade,Cement 50kg Bag - OPC 43 Grade - Bharathi,BAG,380,380,380,18,Bengaluru,Karnataka,admin_manual,TRUE
MAT-000231,MAT-000231,MAT-000231,Cement 50kg Bag - OPC 43 Grade - Chettinad,Cement 50kg Bag - OPC 43 Grade - Chettinad,Cement,OPC 43 Grade,Cement 50kg Bag - OPC 43 Grade - Chettinad,BAG,375,375,375,18,Bengaluru,Karnataka,admin_manual,TRUE
MAT-000207,MAT-000207,MAT-000207,Cement 50kg Bag - OPC 43 Grade - Dalmia,Cement 50kg Bag - OPC 43 Grade - Dalmia,Cement,OPC 43 Grade,Cement 50kg Bag - OPC 43 Grade - Dalmia,BAG,375,375,375,18,Bengaluru,Karnataka,admin_manual,TRUE
MAT-000235,MAT-000235,MAT-000235,Cement 50kg Bag - OPC 43 Grade - India Cements,Cement 50kg Bag - OPC 43 Grade - India Cements,Cement,OPC 43 Grade,Cement 50kg Bag - OPC 43 Grade - India Cements,BAG,372,372,372,18,Bengaluru,Karnataka,admin_manual,TRUE
MAT-000211,MAT-000211,MAT-000211,Cement 50kg Bag - OPC 43 Grade - JK Lakshmi,Cement 50kg Bag - OPC 43 Grade - JK Lakshmi,Cement,OPC 43 Grade,Cement 50kg Bag - OPC 43 Grade - JK Lakshmi,BAG,375,375,375,18,Bengaluru,Karnataka,admin_manual,TRUE
MAT-000219,MAT-000219,MAT-000219,Cement 50kg Bag - OPC 43 Grade - MP Birla,Cement 50kg Bag - OPC 43 Grade - MP Birla,Cement,OPC 43 Grade,Cement 50kg Bag - OPC 43 Grade - MP Birla,BAG,345,345,345,18,Bengaluru,Karnataka,admin_manual,TRUE
MAT-000215,MAT-000215,MAT-000215,Cement 50kg Bag - OPC 43 Grade - Ramco,Cement 50kg Bag - OPC 43 Grade - Ramco,Cement,OPC 43 Grade,Cement 50kg Bag - OPC 43 Grade - Ramco,BAG,378,378,378,18,Bengaluru,Karnataka,admin_manual,TRUE
MAT-000203,MAT-000203,MAT-000203,Cement 50kg Bag - OPC 43 Grade - Shree,Cement 50kg Bag - OPC 43 Grade - Shree,Cement,OPC 43 Grade,Cement 50kg Bag - OPC 43 Grade - Shree,BAG,365,365,365,18,Bengaluru,Karnataka,admin_manual,TRUE
MAT-000223,MAT-000223,MAT-000223,Cement 50kg Bag - OPC 43 Grade - Star Cement,Cement 50kg Bag - OPC 43 Grade - Star Cement,Cement,OPC 43 Grade,Cement 50kg Bag - OPC 43 Grade - Star Cement,BAG,345,345,345,18,Bengaluru,Karnataka,admin_manual,TRUE
MAT-000191,MAT-000191,MAT-000191,Cement 50kg Bag - OPC 43 Grade - Ultratech,Cement 50kg Bag - OPC 43 Grade - Ultratech,Cement,OPC 43 Grade,Cement 50kg Bag - OPC 43 Grade - Ultratech,BAG,385,385,385,18,Bengaluru,Karnataka,admin_manual,TRUE
MAT-000247,MAT-000247,MAT-000247,Cement 50kg Bag - OPC 43 Grade - Zuari,Cement 50kg Bag - OPC 43 Grade - Zuari,Cement,OPC 43 Grade,Cement 50kg Bag - OPC 43 Grade - Zuari,BAG,435,435,435,18,Bengaluru,Karnataka,admin_manual,TRUE
MAT-000194,MAT-000194,MAT-000194,Cement 50kg Bag - OPC 53 Grade - ACC,Cement 50kg Bag - OPC 53 Grade - ACC,Cement,OPC 53 Grade,Cement 50kg Bag - OPC 53 Grade - ACC,BAG,390,390,390,18,Bengaluru,Karnataka,admin_manual,TRUE
MAT-000198,MAT-000198,MAT-000198,Cement 50kg Bag - OPC 53 Grade - Ambuja,Cement 50kg Bag - OPC 53 Grade - Ambuja,Cement,OPC 53 Grade,Cement 50kg Bag - OPC 53 Grade - Ambuja,BAG,388,388,388,18,Bengaluru,Karnataka,admin_manual,TRUE
MAT-000226,MAT-000226,MAT-000226,Cement 50kg Bag - OPC 53 Grade - Bangur,Cement 50kg Bag - OPC 53 Grade - Bangur,Cement,OPC 53 Grade,Cement 50kg Bag - OPC 53 Grade - Bangur,BAG,350,350,350,18,Bengaluru,Karnataka,admin_manual,TRUE
MAT-000238,MAT-000238,MAT-000238,Cement 50kg Bag - OPC 53 Grade - Bharathi,Cement 50kg Bag - OPC 53 Grade - Bharathi,Cement,OPC 53 Grade,Cement 50kg Bag - OPC 53 Grade - Bharathi,BAG,390,390,390,18,Bengaluru,Karnataka,admin_manual,TRUE
MAT-000230,MAT-000230,MAT-000230,Cement 50kg Bag - OPC 53 Grade - Chettinad,Cement 50kg Bag - OPC 53 Grade - Chettinad,Cement,OPC 53 Grade,Cement 50kg Bag - OPC 53 Grade - Chettinad,BAG,385,385,385,18,Bengaluru,Karnataka,admin_manual,TRUE
MAT-000206,MAT-000206,MAT-000206,Cement 50kg Bag - OPC 53 Grade - Dalmia,Cement 50kg Bag - OPC 53 Grade - Dalmia,Cement,OPC 53 Grade,Cement 50kg Bag - OPC 53 Grade - Dalmia,BAG,385,385,385,18,Bengaluru,Karnataka,admin_manual,TRUE
MAT-000234,MAT-000234,MAT-000234,Cement 50kg Bag - OPC 53 Grade - India Cements,Cement 50kg Bag - OPC 53 Grade - India Cements,Cement,OPC 53 Grade,Cement 50kg Bag - OPC 53 Grade - India Cements,BAG,382,382,382,18,Bengaluru,Karnataka,admin_manual,TRUE
MAT-000210,MAT-000210,MAT-000210,Cement 50kg Bag - OPC 53 Grade - JK Lakshmi,Cement 50kg Bag - OPC 53 Grade - JK Lakshmi,Cement,OPC 53 Grade,Cement 50kg Bag - OPC 53 Grade - JK Lakshmi,BAG,385,385,385,18,Bengaluru,Karnataka,admin_manual,TRUE
MAT-000218,MAT-000218,MAT-000218,Cement 50kg Bag - OPC 53 Grade - MP Birla,Cement 50kg Bag - OPC 53 Grade - MP Birla,Cement,OPC 53 Grade,Cement 50kg Bag - OPC 53 Grade - MP Birla,BAG,355,355,355,18,Bengaluru,Karnataka,admin_manual,TRUE
MAT-000214,MAT-000214,MAT-000214,Cement 50kg Bag - OPC 53 Grade - Ramco,Cement 50kg Bag - OPC 53 Grade - Ramco,Cement,OPC 53 Grade,Cement 50kg Bag - OPC 53 Grade - Ramco,BAG,388,388,388,18,Bengaluru,Karnataka,admin_manual,TRUE
MAT-000202,MAT-000202,MAT-000202,Cement 50kg Bag - OPC 53 Grade - Shree,Cement 50kg Bag - OPC 53 Grade - Shree,Cement,OPC 53 Grade,Cement 50kg Bag - OPC 53 Grade - Shree,BAG,375,375,375,18,Bengaluru,Karnataka,admin_manual,TRUE
MAT-000222,MAT-000222,MAT-000222,Cement 50kg Bag - OPC 53 Grade - Star Cement,Cement 50kg Bag - OPC 53 Grade - Star Cement,Cement,OPC 53 Grade,Cement 50kg Bag - OPC 53 Grade - Star Cement,BAG,355,355,355,18,Bengaluru,Karnataka,admin_manual,TRUE
MAT-000190,MAT-000190,MAT-000190,Cement 50kg Bag - OPC 53 Grade - Ultratech,Cement 50kg Bag - OPC 53 Grade - Ultratech,Cement,OPC 53 Grade,Cement 50kg Bag - OPC 53 Grade - Ultratech,BAG,395,395,395,18,Bengaluru,Karnataka,admin_manual,TRUE
MAT-000246,MAT-000246,MAT-000246,Cement 50kg Bag - OPC 53 Grade - Zuari,Cement 50kg Bag - OPC 53 Grade - Zuari,Cement,OPC 53 Grade,Cement 50kg Bag - OPC 53 Grade - Zuari,BAG,445,445,445,18,Bengaluru,Karnataka,admin_manual,TRUE
MAT-000196,MAT-000196,MAT-000196,Cement 50kg Bag - PPC - ACC,Cement 50kg Bag - PPC - ACC,Cement,PPC,Cement 50kg Bag - PPC - ACC,BAG,370,370,370,18,Bengaluru,Karnataka,admin_manual,TRUE
MAT-000200,MAT-000200,MAT-000200,Cement 50kg Bag - PPC - Ambuja,Cement 50kg Bag - PPC - Ambuja,Cement,PPC,Cement 50kg Bag - PPC - Ambuja,BAG,365,365,365,18,Bengaluru,Karnataka,admin_manual,TRUE
MAT-000228,MAT-000228,MAT-000228,Cement 50kg Bag - PPC - Bangur,Cement 50kg Bag - PPC - Bangur,Cement,PPC,Cement 50kg Bag - PPC - Bangur,BAG,340,340,340,18,Bengaluru,Karnataka,admin_manual,TRUE
MAT-000240,MAT-000240,MAT-000240,Cement 50kg Bag - PPC - Bharathi,Cement 50kg Bag - PPC - Bharathi,Cement,PPC,Cement 50kg Bag - PPC - Bharathi,BAG,375,375,375,18,Bengaluru,Karnataka,admin_manual,TRUE
MAT-000232,MAT-000232,MAT-000232,Cement 50kg Bag - PPC - Chettinad,Cement 50kg Bag - PPC - Chettinad,Cement,PPC,Cement 50kg Bag - PPC - Chettinad,BAG,370,370,370,18,Bengaluru,Karnataka,admin_manual,TRUE
MAT-000208,MAT-000208,MAT-000208,Cement 50kg Bag - PPC - Dalmia,Cement 50kg Bag - PPC - Dalmia,Cement,PPC,Cement 50kg Bag - PPC - Dalmia,BAG,358,358,358,18,Bengaluru,Karnataka,admin_manual,TRUE
MAT-000236,MAT-000236,MAT-000236,Cement 50kg Bag - PPC - India Cements,Cement 50kg Bag - PPC - India Cements,Cement,PPC,Cement 50kg Bag - PPC - India Cements,BAG,368,368,368,18,Bengaluru,Karnataka,admin_manual,TRUE
MAT-000212,MAT-000212,MAT-000212,Cement 50kg Bag - PPC - JK Lakshmi,Cement 50kg Bag - PPC - JK Lakshmi,Cement,PPC,Cement 50kg Bag - PPC - JK Lakshmi,BAG,370,370,370,18,Bengaluru,Karnataka,admin_manual,TRUE
MAT-000220,MAT-000220,MAT-000220,Cement 50kg Bag - PPC - MP Birla,Cement 50kg Bag - PPC - MP Birla,Cement,PPC,Cement 50kg Bag - PPC - MP Birla,BAG,348,348,348,18,Bengaluru,Karnataka,admin_manual,TRUE
MAT-000216,MAT-000216,MAT-000216,Cement 50kg Bag - PPC - Ramco,Cement 50kg Bag - PPC - Ramco,Cement,PPC,Cement 50kg Bag - PPC - Ramco,BAG,368,368,368,18,Bengaluru,Karnataka,admin_manual,TRUE
MAT-000204,MAT-000204,MAT-000204,Cement 50kg Bag - PPC - Shree,Cement 50kg Bag - PPC - Shree,Cement,PPC,Cement 50kg Bag - PPC - Shree,BAG,355,355,355,18,Bengaluru,Karnataka,admin_manual,TRUE
MAT-000224,MAT-000224,MAT-000224,Cement 50kg Bag - PPC - Star Cement,Cement 50kg Bag - PPC - Star Cement,Cement,PPC,Cement 50kg Bag - PPC - Star Cement,BAG,345,345,345,18,Bengaluru,Karnataka,admin_manual,TRUE
MAT-000192,MAT-000192,MAT-000192,Cement 50kg Bag - PPC - Ultratech,Cement 50kg Bag - PPC - Ultratech,Cement,PPC,Cement 50kg Bag - PPC - Ultratech,BAG,375,375,375,18,Bengaluru,Karnataka,admin_manual,TRUE
MAT-000248,MAT-000248,MAT-000248,Cement 50kg Bag - PPC - Zuari,Cement 50kg Bag - PPC - Zuari,Cement,PPC,Cement 50kg Bag - PPC - Zuari,BAG,410,410,410,18,Bengaluru,Karnataka,admin_manual,TRUE
MAT-000197,MAT-000197,MAT-000197,Cement 50kg Bag - PSC - ACC,Cement 50kg Bag - PSC - ACC,Cement,PSC,Cement 50kg Bag - PSC - ACC,BAG,360,360,360,18,Bengaluru,Karnataka,admin_manual,TRUE
MAT-000201,MAT-000201,MAT-000201,Cement 50kg Bag - PSC - Ambuja,Cement 50kg Bag - PSC - Ambuja,Cement,PSC,Cement 50kg Bag - PSC - Ambuja,BAG,358,358,358,18,Bengaluru,Karnataka,admin_manual,TRUE
MAT-000229,MAT-000229,MAT-000229,Cement 50kg Bag - PSC - Bangur,Cement 50kg Bag - PSC - Bangur,Cement,PSC,Cement 50kg Bag - PSC - Bangur,BAG,335,335,335,18,Bengaluru,Karnataka,admin_manual,TRUE
MAT-000241,MAT-000241,MAT-000241,Cement 50kg Bag - PSC - Bharathi,Cement 50kg Bag - PSC - Bharathi,Cement,PSC,Cement 50kg Bag - PSC - Bharathi,BAG,370,370,370,18,Bengaluru,Karnataka,admin_manual,TRUE
MAT-000233,MAT-000233,MAT-000233,Cement 50kg Bag - PSC - Chettinad,Cement 50kg Bag - PSC - Chettinad,Cement,PSC,Cement 50kg Bag - PSC - Chettinad,BAG,365,365,365,18,Bengaluru,Karnataka,admin_manual,TRUE
MAT-000209,MAT-000209,MAT-000209,Cement 50kg Bag - PSC - Dalmia,Cement 50kg Bag - PSC - Dalmia,Cement,PSC,Cement 50kg Bag - PSC - Dalmia,BAG,365,365,365,18,Bengaluru,Karnataka,admin_manual,TRUE
MAT-000237,MAT-000237,MAT-000237,Cement 50kg Bag - PSC - India Cements,Cement 50kg Bag - PSC - India Cements,Cement,PSC,Cement 50kg Bag - PSC - India Cements,BAG,360,360,360,18,Bengaluru,Karnataka,admin_manual,TRUE
MAT-000213,MAT-000213,MAT-000213,Cement 50kg Bag - PSC - JK Lakshmi,Cement 50kg Bag - PSC - JK Lakshmi,Cement,PSC,Cement 50kg Bag - PSC - JK Lakshmi,BAG,357,357,357,18,Bengaluru,Karnataka,admin_manual,TRUE
MAT-000221,MAT-000221,MAT-000221,Cement 50kg Bag - PSC - MP Birla,Cement 50kg Bag - PSC - MP Birla,Cement,PSC,Cement 50kg Bag - PSC - MP Birla,BAG,340,340,340,18,Bengaluru,Karnataka,admin_manual,TRUE
MAT-000217,MAT-000217,MAT-000217,Cement 50kg Bag - PSC - Ramco,Cement 50kg Bag - PSC - Ramco,Cement,PSC,Cement 50kg Bag - PSC - Ramco,BAG,360,360,360,18,Bengaluru,Karnataka,admin_manual,TRUE
MAT-000205,MAT-000205,MAT-000205,Cement 50kg Bag - PSC - Shree,Cement 50kg Bag - PSC - Shree,Cement,PSC,Cement 50kg Bag - PSC - Shree,BAG,350,350,350,18,Bengaluru,Karnataka,admin_manual,TRUE
MAT-000225,MAT-000225,MAT-000225,Cement 50kg Bag - PSC - Star Cement,Cement 50kg Bag - PSC - Star Cement,Cement,PSC,Cement 50kg Bag - PSC - Star Cement,BAG,340,340,340,18,Bengaluru,Karnataka,admin_manual,TRUE
MAT-000193,MAT-000193,MAT-000193,Cement 50kg Bag - PSC - Ultratech,Cement 50kg Bag - PSC - Ultratech,Cement,PSC,Cement 50kg Bag - PSC - Ultratech,BAG,365,365,365,18,Bengaluru,Karnataka,admin_manual,TRUE
MAT-000249,MAT-000249,MAT-000249,Cement 50kg Bag - PSC - Zuari,Cement 50kg Bag - PSC - Zuari,Cement,PSC,Cement 50kg Bag - PSC - Zuari,BAG,400,400,400,18,Bengaluru,Karnataka,admin_manual,TRUE
MAT-000243,MAT-000243,MAT-000243,Cement Loose Supply - OPC 43 Grade - Generic,Cement Loose Supply - OPC 43 Grade - Generic,Cement,OPC 43 Grade,Cement Loose Supply - OPC 43 Grade - Generic,MT,7350,7350,7350,18,Bengaluru,Karnataka,admin_manual,TRUE
MAT-000242,MAT-000242,MAT-000242,Cement Loose Supply - OPC 53 Grade - Generic,Cement Loose Supply - OPC 53 Grade - Generic,Cement,OPC 53 Grade,Cement Loose Supply - OPC 53 Grade - Generic,MT,7450,7450,7450,18,Bengaluru,Karnataka,admin_manual,TRUE
MAT-000244,MAT-000244,MAT-000244,Cement Loose Supply - PPC - Generic,Cement Loose Supply - PPC - Generic,Cement,PPC,Cement Loose Supply - PPC - Generic,MT,7200,7200,7200,18,Bengaluru,Karnataka,admin_manual,TRUE
MAT-000245,MAT-000245,MAT-000245,Cement Loose Supply - PSC - Generic,Cement Loose Supply - PSC - Generic,Cement,PSC,Cement Loose Supply - PSC - Generic,MT,7050,7050,7050,18,Bengaluru,Karnataka,admin_manual,TRUE
MAT-000252,MAT-000252,MAT-000252,Kitchen Chimney 60cm Baffle Filter – Glen,Kitchen Chimney 60cm Baffle Filter – Glen,Chimney,Kitchen Chimney 60cm Baffle Filter – Glen,Kitchen Chimney 60cm Baffle Filter – Glen,NOS,12500,12500,12500,18,Bengaluru,Karnataka,admin_manual,TRUE
MAT-000250,MAT-000250,MAT-000250,Kitchen Chimney 60cm Filterless – Faber,Kitchen Chimney 60cm Filterless – Faber,Chimney,Kitchen Chimney 60cm Filterless – Faber,Kitchen Chimney 60cm Filterless – Faber,NOS,14500,14500,14500,18,Bengaluru,Karnataka,admin_manual,TRUE
MAT-000254,MAT-000254,MAT-000254,Kitchen Chimney 60cm Motion Sensor – Hindware,Kitchen Chimney 60cm Motion Sensor – Hindware,Chimney,Kitchen Chimney 60cm Motion Sensor – Hindware,Kitchen Chimney 60cm Motion Sensor – Hindware,NOS,15500,15500,15500,18,Bengaluru,Karnataka,admin_manual,TRUE
MAT-000251,MAT-000251,MAT-000251,Kitchen Chimney 90cm Auto Clean – Elica,Kitchen Chimney 90cm Auto Clean – Elica,Chimney,Kitchen Chimney 90cm Auto Clean – Elica,Kitchen Chimney 90cm Auto Clean – Elica,NOS,16500,16500,16500,18,Bengaluru,Karnataka,admin_manual,TRUE
MAT-000253,MAT-000253,MAT-000253,Kitchen Chimney 90cm Touch Control – Kaff,Kitchen Chimney 90cm Touch Control – Kaff,Chimney,Kitchen Chimney 90cm Touch Control – Kaff,Kitchen Chimney 90cm Touch Control – Kaff,NOS,17500,17500,17500,18,Bengaluru,Karnataka,admin_manual,TRUE
MAT-000261,MAT-000261,MAT-000261,ACP Sheet 3mm Matte Finish,ACP Sheet 3mm Matte Finish,Cladding Sheet,ACP Sheet 3mm Matte Finish,ACP Sheet 3mm Matte Finish,SQFT,105,105,105,18,Bengaluru,Karnataka,admin_manual,TRUE
MAT-000262,MAT-000262,MAT-000262,ACP Sheet 4mm Glossy Finish,ACP Sheet 4mm Glossy Finish,Cladding Sheet,ACP Sheet 4mm Glossy Finish,ACP Sheet 4mm Glossy Finish,SQFT,115,115,115,18,Bengaluru,Karnataka,admin_manual,TRUE
MAT-000264,MAT-000264,MAT-000264,Fiber Cement Board 8ft x 4ft x 6mm,Fiber Cement Board 8ft x 4ft x 6mm,Cladding Sheet,Fiber Cement Board 8ft x 4ft x 6mm,Fiber Cement Board 8ft x 4ft x 6mm,NOS,480,480,480,18,Bengaluru,Karnataka,admin_manual,TRUE
MAT-000263,MAT-000263,MAT-000263,HPL Sheet 6mm Woodgrain Finish,HPL Sheet 6mm Woodgrain Finish,Cladding Sheet,HPL Sheet 6mm Woodgrain Finish,HPL Sheet 6mm Woodgrain Finish,SQFT,135,135,135,18,Bengaluru,Karnataka,admin_manual,TRUE
MAT-000268,MAT-000268,MAT-000268,Concrete Block - Hollow - 400x200x150mm,Concrete Block - Hollow - 400x200x150mm,Concrete Blocks,Hollow,Concrete Block - Hollow - 400x200x150mm,NOS,36,36,36,5,Bengaluru,Karnataka,admin_manual,TRUE
MAT-000269,MAT-000269,MAT-000269,Concrete Block - Hollow - 400x200x200mm,Concrete Block - Hollow - 400x200x200mm,Concrete Blocks,Hollow,Concrete Block - Hollow - 400x200x200mm,NOS,42,42,42,5,Bengaluru,Karnataka,admin_manual,TRUE
MAT-000270,MAT-000270,MAT-000270,Concrete Block - Solid - 300x200x100mm,Concrete Block - Solid - 300x200x100mm,Concrete Blocks,Solid,Concrete Block - Solid - 300x200x100mm,NOS,28,28,28,5,Bengaluru,Karnataka,admin_manual,TRUE
MAT-000265,MAT-000265,MAT-000265,Concrete Block - Solid - 400x200x100mm,Concrete Block - Solid - 400x200x100mm,Concrete Blocks,Solid,Concrete Block - Solid - 400x200x100mm,NOS,32,32,32,5,Bengaluru,Karnataka,admin_manual,TRUE
MAT-000266,MAT-000266,MAT-000266,Concrete Block - Solid - 400x200x150mm,Concrete Block - Solid - 400x200x150mm,Concrete Blocks,Solid,Concrete Block - Solid - 400x200x150mm,NOS,38,38,38,5,Bengaluru,Karnataka,admin_manual,TRUE
MAT-000267,MAT-000267,MAT-000267,Concrete Block - Solid - 400x200x200mm,Concrete Block - Solid - 400x200x200mm,Concrete Blocks,Solid,Concrete Block - Solid - 400x200x200mm,NOS,44,44,44,5,Bengaluru,Karnataka,admin_manual,TRUE
ANTG594811,ANTG594811,ANTG594811,Anti-termite chemical soil treatment below floor slab & foundation zone.,Anti-termite chemical soil treatment below floor slab & foundation zone.,Construction BOQ,,BOQ line 6; primary non-labour rate only. Quantity remains calculated by the BOQ module.,LTR,15,15,15,0,Bengaluru,Karnataka,admin_manual,TRUE
BACG594809,BACG594809,BACG594809,Backfilling in foundation pits & plinth using excavated soil with watering & ramming.,Backfilling in foundation pits & plinth using excavated soil with watering & ramming.,Construction BOQ,,BOQ line 5; primary non-labour rate only. Quantity remains calculated by the BOQ module.,CUM,40,40,40,0,Bengaluru,Karnataka,admin_manual,TRUE
CPVG594834,CPVG594834,CPVG594834,CPVC/UPVC plumbing and sanitary fixtures consolidated points.,CPVC/UPVC plumbing and sanitary fixtures consolidated points.,Construction BOQ,,BOQ line 17; primary non-labour rate only. Quantity remains calculated by the BOQ module.,POINT,504,504,504,0,Bengaluru,Karnataka,admin_manual,TRUE
CENG594813,CENG594813,CENG594813,"Centering & formwork shuttering rental for footings, columns, beams & slab RCC works.","Centering & formwork shuttering rental for footings, columns, beams & slab RCC works.",Construction BOQ,,BOQ line 7; primary non-labour rate only. Quantity remains calculated by the BOQ module.,SQFT,49,49,49,0,Bengaluru,Karnataka,admin_manual,TRUE
COMG594842,COMG594842,COMG594842,"Compound wall 5ft high with RCC columns, block masonry and plaster finish.","Compound wall 5ft high with RCC columns, block masonry and plaster finish.",Construction BOQ,,BOQ line 21; primary non-labour rate only. Quantity remains calculated by the BOQ module.,SQFT,252,252,252,18,Bengaluru,Karnataka,admin_manual,TRUE
CONG594820,CONG594820,CONG594820,Concrete block masonry: 6 inch external blocks and 4 inch internal blocks; openings deducted.,Concrete block masonry: 6 inch external blocks and 4 inch internal blocks; openings deducted.,Construction BOQ,,BOQ line 10; primary non-labour rate only. Quantity remains calculated by the BOQ module.,NOS,58.8,58.8,58.8,18,Bengaluru,Karnataka,admin_manual,TRUE
EARG594803,EARG594803,EARG594803,Earthwork excavation for foundation pits & plinth trenches. SBC considered: 210 kN/sqm.,Earthwork excavation for foundation pits & plinth trenches. SBC considered: 210 kN/sqm.,Construction BOQ,,BOQ line 2; primary non-labour rate only. Quantity remains calculated by the BOQ module.,CUM,80,80,80,0,Bengaluru,Karnataka,admin_manual,TRUE
FRLG594832,FRLG594832,FRLG594832,"FRLS copper wiring, modular switches and DB/MCB distribution points.","FRLS copper wiring, modular switches and DB/MCB distribution points.",Construction BOQ,,BOQ line 16; primary non-labour rate only. Quantity remains calculated by the BOQ module.,POINT,868,868,868,0,Bengaluru,Karnataka,admin_manual,TRUE
INTG594826,INTG594826,INTG594826,Internal 12mm 1:4 plus External 18mm 1:5 waterproofing plastering.,Internal 12mm 1:4 plus External 18mm 1:5 waterproofing plastering.,Construction BOQ,,BOQ line 13; primary non-labour rate only. Quantity remains calculated by the BOQ module.,SQMTR,49,49,49,0,Bengaluru,Karnataka,admin_manual,TRUE
JETG594830,JETG594830,JETG594830,Jet Black Granite 18mm kitchen countertop platform.,Jet Black Granite 18mm kitchen countertop platform.,Construction BOQ,,BOQ line 15; primary non-labour rate only. Quantity remains calculated by the BOQ module.,RMT,203,203,203,18,Bengaluru,Karnataka,admin_manual,TRUE
PCCG594805,PCCG594805,PCCG594805,PCC M10 (1:3:6) levelling bed under footings & plinth protection combined.,PCC M10 (1:3:6) levelling bed under footings & plinth protection combined.,Construction BOQ,,BOQ line 3; primary non-labour rate only. Quantity remains calculated by the BOQ module.,CUM,3800,3800,3800,0,Bengaluru,Karnataka,admin_manual,TRUE
PARG594836,PARG594836,PARG594836,Parking area heavy-duty chequered or paver tile flooring allowance.,Parking area heavy-duty chequered or paver tile flooring allowance.,Construction BOQ,,BOQ line 18; primary non-labour rate only. Quantity remains calculated by the BOQ module.,SQFT,63,63,63,18,Bengaluru,Karnataka,admin_manual,TRUE
RCCG594817,RCCG594817,RCCG594817,"RCC M20/M25 structural concrete for footings, columns, beams, slabs, lintels, staircase & chajjas.","RCC M20/M25 structural concrete for footings, columns, beams, slabs, lintels, staircase & chajjas.",Construction BOQ,,BOQ line 9; primary non-labour rate only. Quantity remains calculated by the BOQ module.,CUM,6720,6720,6720,18,Bengaluru,Karnataka,admin_manual,TRUE
SIZG594807,SIZG594807,SIZG594807,Size stone masonry (SSM) substructure foundation below plinth level. Recommended footing: 5.5ft x 5.5ft x 2.25ft.,Size stone masonry (SSM) substructure foundation below plinth level. Recommended footing: 5.5ft x 5.5ft x 2.25ft.,Construction BOQ,,BOQ line 4; primary non-labour rate only. Quantity remains calculated by the BOQ module.,CUM,1342,1342,1342,18,Bengaluru,Karnataka,admin_manual,TRUE
SOIG594802,SOIG594802,SOIG594802,Soil investigation based on plot area (1200 sft). Engine: 1 borehole(s).,Soil investigation based on plot area (1200 sft). Engine: 1 borehole(s).,Construction BOQ,,BOQ line 1; primary non-labour rate only. Quantity remains calculated by the BOQ module.,NOS,12000,12000,12000,0,Bengaluru,Karnataka,admin_manual,TRUE
TMTG594815,TMTG594815,TMTG594815,"TMT Steel Rebar Fe 500D. Column: 12in x 18in, Beam: 12in x 18in, Slab: 150mm.","TMT Steel Rebar Fe 500D. Column: 12in x 18in, Beam: 12in x 18in, Slab: 150mm.",Construction BOQ,,BOQ line 8; primary non-labour rate only. Quantity remains calculated by the BOQ module.,KG,93.8,93.8,93.8,18,Bengaluru,Karnataka,admin_manual,TRUE
TEAG594822,TEAG594822,TEAG594822,Teakwood main door plus Flush/WPC internal doors.,Teakwood main door plus Flush/WPC internal doors.,Construction BOQ,,BOQ line 11; primary non-labour rate only. Quantity remains calculated by the BOQ module.,NOS,7700,7700,7700,18,Bengaluru,Karnataka,admin_manual,TRUE
TERG594838,TERG594838,TERG594838,Terrace structural steel truss with clay Mangalore tile roofing.,Terrace structural steel truss with clay Mangalore tile roofing.,Construction BOQ,,BOQ line 19; primary non-labour rate only. Quantity remains calculated by the BOQ module.,SQFT,67.2,67.2,67.2,18,Bengaluru,Karnataka,admin_manual,TRUE
UPVG594824,UPVG594824,UPVG594824,UPVC 3-track sliding windows plus toilet louvered ventilators.,UPVC 3-track sliding windows plus toilet louvered ventilators.,Construction BOQ,,BOQ line 12; primary non-labour rate only. Quantity remains calculated by the BOQ module.,NOS,3990,3990,3990,18,Bengaluru,Karnataka,admin_manual,TRUE
VITG594828,VITG594828,VITG594828,Vitrified tiles 2ft x 2ft flooring with skirting plus kitchen and toilet dado tiles.,Vitrified tiles 2ft x 2ft flooring with skirting plus kitchen and toilet dado tiles.,Construction BOQ,,BOQ line 14; primary non-labour rate only. Quantity remains calculated by the BOQ module.,SQFT,81.2,81.2,81.2,18,Bengaluru,Karnataka,admin_manual,TRUE
WALG594844,WALG594844,WALG594844,"Wall putty, primer and two coats premium emulsion paint coating.","Wall putty, primer and two coats premium emulsion paint coating.",Construction BOQ,,BOQ line 22; primary non-labour rate only. Quantity remains calculated by the BOQ module.,SQFT,25.2,25.2,25.2,18,Bengaluru,Karnataka,admin_manual,TRUE
MAT-000273,MAT-000273,MAT-000273,DG Set 10 kVA Silent – Cummins,DG Set 10 kVA Silent – Cummins,DG-Set,DG Set 10 kVA Silent – Cummins,DG Set 10 kVA Silent – Cummins,NOS,245000,245000,245000,18,Bengaluru,Karnataka,admin_manual,TRUE
MAT-000282,MAT-000282,MAT-000282,DG Set 100 kVA Silent – Mahindra,DG Set 100 kVA Silent – Mahindra,DG-Set,DG Set 100 kVA Silent – Mahindra,DG Set 100 kVA Silent – Mahindra,NOS,645000,645000,645000,18,Bengaluru,Karnataka,admin_manual,TRUE
MAT-000283,MAT-000283,MAT-000283,DG Set 125 kVA Silent – Cummins,DG Set 125 kVA Silent – Cummins,DG-Set,DG Set 125 kVA Silent – Cummins,DG Set 125 kVA Silent – Cummins,NOS,725000,725000,725000,18,Bengaluru,Karnataka,admin_manual,TRUE
MAT-000274,MAT-000274,MAT-000274,DG Set 15 kVA Silent – Ashok Leyland,DG Set 15 kVA Silent – Ashok Leyland,DG-Set,DG Set 15 kVA Silent – Ashok Leyland,DG Set 15 kVA Silent – Ashok Leyland,NOS,275000,275000,275000,18,Bengaluru,Karnataka,admin_manual,TRUE
MAT-000284,MAT-000284,MAT-000284,DG Set 160 kVA Silent – Ashok Leyland,DG Set 160 kVA Silent – Ashok Leyland,DG-Set,DG Set 160 kVA Silent – Ashok Leyland,DG Set 160 kVA Silent – Ashok Leyland,NOS,815000,815000,815000,18,Bengaluru,Karnataka,admin_manual,TRUE
MAT-000275,MAT-000275,MAT-000275,DG Set 20 kVA Silent – Greaves,DG Set 20 kVA Silent – Greaves,DG-Set,DG Set 20 kVA Silent – Greaves,DG Set 20 kVA Silent – Greaves,NOS,310000,310000,310000,18,Bengaluru,Karnataka,admin_manual,TRUE
MAT-000285,MAT-000285,MAT-000285,DG Set 200 kVA Silent – Greaves,DG Set 200 kVA Silent – Greaves,DG-Set,DG Set 200 kVA Silent – Greaves,DG Set 200 kVA Silent – Greaves,NOS,925000,925000,925000,18,Bengaluru,Karnataka,admin_manual,TRUE
MAT-000276,MAT-000276,MAT-000276,DG Set 25 kVA Silent – Kirloskar,DG Set 25 kVA Silent – Kirloskar,DG-Set,DG Set 25 kVA Silent – Kirloskar,DG Set 25 kVA Silent – Kirloskar,NOS,345000,345000,345000,18,Bengaluru,Karnataka,admin_manual,TRUE
MAT-000286,MAT-000286,MAT-000286,DG Set 250 kVA Silent – Kirloskar,DG Set 250 kVA Silent – Kirloskar,DG-Set,DG Set 250 kVA Silent – Kirloskar,DG Set 250 kVA Silent – Kirloskar,NOS,1050000,1050000,1050000,18,Bengaluru,Karnataka,admin_manual,TRUE
MAT-000277,MAT-000277,MAT-000277,DG Set 30 kVA Silent – Mahindra,DG Set 30 kVA Silent – Mahindra,DG-Set,DG Set 30 kVA Silent – Mahindra,DG Set 30 kVA Silent – Mahindra,NOS,385000,385000,385000,18,Bengaluru,Karnataka,admin_manual,TRUE
MAT-000287,MAT-000287,MAT-000287,DG Set 320 kVA Silent – Cummins,DG Set 320 kVA Silent – Cummins,DG-Set,DG Set 320 kVA Silent – Cummins,DG Set 320 kVA Silent – Cummins,NOS,1220000,1220000,1220000,18,Bengaluru,Karnataka,admin_manual,TRUE
MAT-000278,MAT-000278,MAT-000278,DG Set 40 kVA Silent – Cummins,DG Set 40 kVA Silent – Cummins,DG-Set,DG Set 40 kVA Silent – Cummins,DG Set 40 kVA Silent – Cummins,NOS,425000,425000,425000,18,Bengaluru,Karnataka,admin_manual,TRUE
MAT-000288,MAT-000288,MAT-000288,DG Set 400 kVA Silent – Ashok Leyland,DG Set 400 kVA Silent – Ashok Leyland,DG-Set,DG Set 400 kVA Silent – Ashok Leyland,DG Set 400 kVA Silent – Ashok Leyland,NOS,1380000,1380000,1380000,18,Bengaluru,Karnataka,admin_manual,TRUE
MAT-000271,MAT-000271,MAT-000271,DG Set 5 kVA Silent – Kirloskar,DG Set 5 kVA Silent – Kirloskar,DG-Set,DG Set 5 kVA Silent – Kirloskar,DG Set 5 kVA Silent – Kirloskar,NOS,185000,185000,185000,18,Bengaluru,Karnataka,admin_manual,TRUE
MAT-000279,MAT-000279,MAT-000279,DG Set 50 kVA Silent – Ashok Leyland,DG Set 50 kVA Silent – Ashok Leyland,DG-Set,DG Set 50 kVA Silent – Ashok Leyland,DG Set 50 kVA Silent – Ashok Leyland,NOS,465000,465000,465000,18,Bengaluru,Karnataka,admin_manual,TRUE
MAT-000289,MAT-000289,MAT-000289,DG Set 500 kVA Silent – Greaves,DG Set 500 kVA Silent – Greaves,DG-Set,DG Set 500 kVA Silent – Greaves,DG Set 500 kVA Silent – Greaves,NOS,1550000,1550000,1550000,18,Bengaluru,Karnataka,admin_manual,TRUE
MAT-000280,MAT-000280,MAT-000280,DG Set 62.5 kVA Silent – Greaves,DG Set 62.5 kVA Silent – Greaves,DG-Set,DG Set 62.5 kVA Silent – Greaves,DG Set 62.5 kVA Silent – Greaves,NOS,510000,510000,510000,18,Bengaluru,Karnataka,admin_manual,TRUE
MAT-000272,MAT-000272,MAT-000272,DG Set 7.5 kVA Silent – Mahindra,DG Set 7.5 kVA Silent – Mahindra,DG-Set,DG Set 7.5 kVA Silent – Mahindra,DG Set 7.5 kVA Silent – Mahindra,NOS,215000,215000,215000,18,Bengaluru,Karnataka,admin_manual,TRUE
MAT-000281,MAT-000281,MAT-000281,DG Set 75 kVA Silent – Kirloskar,DG Set 75 kVA Silent – Kirloskar,DG-Set,DG Set 75 kVA Silent – Kirloskar,DG Set 75 kVA Silent – Kirloskar,NOS,565000,565000,565000,18,Bengaluru,Karnataka,admin_manual,TRUE
MAT-000291,MAT-000291,MAT-000291,Door Lock - Cylindrical - Europa - Brass Finish,Door Lock - Cylindrical - Europa - Brass Finish,Door-Hardware,Door Lock,Door Lock - Cylindrical - Europa - Brass Finish,NOS,780,780,780,18,Bengaluru,Karnataka,admin_manual,TRUE
MAT-000290,MAT-000290,MAT-000290,Door Lock - Mortise - Godrej - SS Finish,Door Lock - Mortise - Godrej - SS Finish,Door-Hardware,Door Lock,Door Lock - Mortise - Godrej - SS Finish,NOS,850,850,850,18,Bengaluru,Karnataka,admin_manual,TRUE
MAT-000292,MAT-000292,MAT-000292,Door Lock - Wardrobe - Link - Chrome Finish,Door Lock - Wardrobe - Link - Chrome Finish,Door-Hardware,Door Lock,Door Lock - Wardrobe - Link - Chrome Finish,NOS,320,320,320,18,Bengaluru,Karnataka,admin_manual,TRUE
MAT-000293,MAT-000293,MAT-000293,"Handle - D Type - Hettich - SS 6""","Handle - D Type - Hettich - SS 6""",Door-Hardware,Handle,"Handle - D Type - Hettich - SS 6""",NOS,180,180,180,18,Bengaluru,Karnataka,admin_manual,TRUE
MAT-000295,MAT-000295,MAT-000295,"Handle - Knob - Link - Chrome 1""","Handle - Knob - Link - Chrome 1""",Door-Hardware,Handle,"Handle - Knob - Link - Chrome 1""",NOS,90,90,90,18,Bengaluru,Karnataka,admin_manual,TRUE
MAT-000294,MAT-000294,MAT-000294,"Handle - Profile - Hafele - Black 8""","Handle - Profile - Hafele - Black 8""",Door-Hardware,Handle,"Handle - Profile - Hafele - Black 8""",NOS,220,220,220,18,Bengaluru,Karnataka,admin_manual,TRUE
MAT-000296,MAT-000296,MAT-000296,"Hinge - Butt - Godrej - SS 3""","Hinge - Butt - Godrej - SS 3""",Door-Hardware,Hinge,"Hinge - Butt - Godrej - SS 3""",NOS,65,65,65,18,Bengaluru,Karnataka,admin_manual,TRUE
MAT-000298,MAT-000298,MAT-000298,"Hinge - Piano - Link - SS 18""","Hinge - Piano - Link - SS 18""",Door-Hardware,Hinge,"Hinge - Piano - Link - SS 18""",NOS,240,240,240,18,Bengaluru,Karnataka,admin_manual,TRUE
MAT-000297,MAT-000297,MAT-000297,Hinge - Soft Close - Hettich - Modular Cabinet,Hinge - Soft Close - Hettich - Modular Cabinet,Door-Hardware,Soft Close,Hinge - Soft Close - Hettich - Modular Cabinet,NOS,180,180,180,18,Bengaluru,Karnataka,admin_manual,TRUE
MAT-000303,MAT-000303,MAT-000303,Magnetic Catcher - Flat - Europa - Brown,Magnetic Catcher - Flat - Europa - Brown,Door-Hardware,Hardware,Magnetic Catcher - Flat - Europa - Brown,NOS,55,55,55,18,Bengaluru,Karnataka,admin_manual,TRUE
MAT-000304,MAT-000304,MAT-000304,Magnetic Catcher - Heavy Duty - Hafele - Modular,Magnetic Catcher - Heavy Duty - Hafele - Modular,Door-Hardware,Hardware,Magnetic Catcher - Heavy Duty - Hafele - Modular,NOS,85,85,85,18,Bengaluru,Karnataka,admin_manual,TRUE
MAT-000302,MAT-000302,MAT-000302,Magnetic Catcher - Round - Link - White,Magnetic Catcher - Round - Link - White,Door-Hardware,Hardware,Magnetic Catcher - Round - Link - White,NOS,45,45,45,18,Bengaluru,Karnataka,admin_manual,TRUE
MAT-000300,MAT-000300,MAT-000300,"Tower Bolt - Brass - Godrej - 8""","Tower Bolt - Brass - Godrej - 8""",Door-Hardware,Tower Bolt,"Tower Bolt - Brass - Godrej - 8""",NOS,160,160,160,18,Bengaluru,Karnataka,admin_manual,TRUE
MAT-000301,MAT-000301,MAT-000301,"Tower Bolt - Concealed - Link - 4""","Tower Bolt - Concealed - Link - 4""",Door-Hardware,Tower Bolt,"Tower Bolt - Concealed - Link - 4""",NOS,95,95,95,18,Bengaluru,Karnataka,admin_manual,TRUE
MAT-000299,MAT-000299,MAT-000299,"Tower Bolt - SS - Europa - 6""","Tower Bolt - SS - Europa - 6""",Door-Hardware,Tower Bolt,"Tower Bolt - SS - Europa - 6""",NOS,120,120,120,18,Bengaluru,Karnataka,admin_manual,TRUE
MAT-000312,MAT-000312,MAT-000312,Main Door - Designer Laminate - Teak Texture - Century - 40mm - 7'x3.5',Main Door - Designer Laminate - Teak Texture - Century - 40mm - 7'x3.5',Doors-Main Door,Designer Laminate,Main Door - Designer Laminate - Teak Texture - Century - 40mm - 7'x3.5',NOS,4550,4550,4550,18,Bengaluru,Karnataka,admin_manual,TRUE
MAT-000313,MAT-000313,MAT-000313,Main Door - Designer Laminate - Walnut Texture - Greenply - 40mm - 7'x3.5',Main Door - Designer Laminate - Walnut Texture - Greenply - 40mm - 7'x3.5',Doors-Main Door,Designer Laminate,Main Door - Designer Laminate - Walnut Texture - Greenply - 40mm - 7'x3.5',NOS,4450,4450,4450,18,Bengaluru,Karnataka,admin_manual,TRUE
MAT-000317,MAT-000317,MAT-000317,Main Door - Designer Laminate - Wenge Texture - Greenply - 40mm - 7'x4',Main Door - Designer Laminate - Wenge Texture - Greenply - 40mm - 7'x4',Doors-Main Door,Designer Laminate,Main Door - Designer Laminate - Wenge Texture - Greenply - 40mm - 7'x4',NOS,4750,4750,4750,18,Bengaluru,Karnataka,admin_manual,TRUE
MAT-000309,MAT-000309,MAT-000309,Main Door - Engineered Wood - Laminate Finish - Greenply - 40mm - 7'x3.5',Main Door - Engineered Wood - Laminate Finish - Greenply - 40mm - 7'x3.5',Doors-Main Door,Engineered Wood,Main Door - Engineered Wood - Laminate Finish - Greenply - 40mm - 7'x3.5',NOS,4350,4350,4350,18,Bengaluru,Karnataka,admin_manual,TRUE
MAT-000308,MAT-000308,MAT-000308,Main Door - Engineered Wood - Veneer Finish - Century - 40mm - 7'x3.5',Main Door - Engineered Wood - Veneer Finish - Century - 40mm - 7'x3.5',Doors-Main Door,Engineered Wood,Main Door - Engineered Wood - Veneer Finish - Century - 40mm - 7'x3.5',NOS,4450,4450,4450,18,Bengaluru,Karnataka,admin_manual,TRUE
MAT-000316,MAT-000316,MAT-000316,Main Door - Engineered Wood - Veneer Finish - Century - 40mm - 7'x4',Main Door - Engineered Wood - Veneer Finish - Century - 40mm - 7'x4',Doors-Main Door,Engineered Wood,Main Door - Engineered Wood - Veneer Finish - Century - 40mm - 7'x4',NOS,4850,4850,4850,18,Bengaluru,Karnataka,admin_manual,TRUE
MAT-000311,MAT-000311,MAT-000311,Main Door - Solid Core - Glossy Finish - Sainik - 40mm - 7'x3.5',Main Door - Solid Core - Glossy Finish - Sainik - 40mm - 7'x3.5',Doors-Main Door,Solid Core,Main Door - Solid Core - Glossy Finish - Sainik - 40mm - 7'x3.5',NOS,3950,3950,3950,18,Bengaluru,Karnataka,admin_manual,TRUE
MAT-000310,MAT-000310,MAT-000310,Main Door - Solid Core - Matte Finish - Kitply - 40mm - 7'x3.5',Main Door - Solid Core - Matte Finish - Kitply - 40mm - 7'x3.5',Doors-Main Door,Solid Core,Main Door - Solid Core - Matte Finish - Kitply - 40mm - 7'x3.5',NOS,4150,4150,4150,18,Bengaluru,Karnataka,admin_manual,TRUE
MAT-000318,MAT-000318,MAT-000318,Main Door - Solid Core - Matte Finish - Kitply - 40mm - 7'x4',Main Door - Solid Core - Matte Finish - Kitply - 40mm - 7'x4',Doors-Main Door,Solid Core,Main Door - Solid Core - Matte Finish - Kitply - 40mm - 7'x4',NOS,4550,4550,4550,18,Bengaluru,Karnataka,admin_manual,TRUE
MAT-000307,MAT-000307,MAT-000307,Main Door - Teak Wood - Carved Finish - Duro - 40mm - 7'x3.5',Main Door - Teak Wood - Carved Finish - Duro - 40mm - 7'x3.5',Doors-Main Door,Teak Wood,Main Door - Teak Wood - Carved Finish - Duro - 40mm - 7'x3.5',NOS,5250,5250,5250,18,Bengaluru,Karnataka,admin_manual,TRUE
MAT-000315,MAT-000315,MAT-000315,Main Door - Teak Wood - Carved Finish - Duro - 40mm - 7'x4',Main Door - Teak Wood - Carved Finish - Duro - 40mm - 7'x4',Doors-Main Door,Teak Wood,Main Door - Teak Wood - Carved Finish - Duro - 40mm - 7'x4',NOS,5650,5650,5650,18,Bengaluru,Karnataka,admin_manual,TRUE
MAT-000305,MAT-000305,MAT-000305,Main Door - Teak Wood - Natural Finish - Century - 40mm - 7'x3.5',Main Door - Teak Wood - Natural Finish - Century - 40mm - 7'x3.5',Doors-Main Door,Teak Wood,Main Door - Teak Wood - Natural Finish - Century - 40mm - 7'x3.5',NOS,4850,4850,4850,18,Bengaluru,Karnataka,admin_manual,TRUE
MAT-000314,MAT-000314,MAT-000314,Main Door - Teak Wood - Natural Finish - Century - 40mm - 7'x4',Main Door - Teak Wood - Natural Finish - Century - 40mm - 7'x4',Doors-Main Door,Teak Wood,Main Door - Teak Wood - Natural Finish - Century - 40mm - 7'x4',NOS,5250,5250,5250,18,Bengaluru,Karnataka,admin_manual,TRUE
MAT-000306,MAT-000306,MAT-000306,Main Door - Teak Wood - Natural Finish - Greenply - 40mm - 7'x3.5',Main Door - Teak Wood - Natural Finish - Greenply - 40mm - 7'x3.5',Doors-Main Door,Teak Wood,Main Door - Teak Wood - Natural Finish - Greenply - 40mm - 7'x3.5',NOS,4750,4750,4750,18,Bengaluru,Karnataka,admin_manual,TRUE
ELEC-15,ELEC-15,ELEC-15,Concealed Electrical Conduit Boxes & Wire Complete Set,Concealed Electrical Conduit Boxes & Wire Complete Set,Electrical,,,NOS,15000,15000,15000,0,Bengaluru,Karnataka,admin_manual,TRUE
MAT-000322,MAT-000322,MAT-000322,Busbar 4-Way Copper - Anchor,Busbar 4-Way Copper - Anchor,Electrical - Busbars,Electrical,Busbar 4-Way Copper - Anchor,NOS,620,620,620,18,Bengaluru,Karnataka,admin_manual,TRUE
MAT-000320,MAT-000320,MAT-000320,Busbar 4-Way Copper - Havells,Busbar 4-Way Copper - Havells,Electrical - Busbars,Electrical,Busbar 4-Way Copper - Havells,NOS,620,620,620,18,Bengaluru,Karnataka,admin_manual,TRUE
MAT-000321,MAT-000321,MAT-000321,Busbar 4-Way Copper - Legrand,Busbar 4-Way Copper - Legrand,Electrical - Busbars,Electrical,Busbar 4-Way Copper - Legrand,NOS,620,620,620,18,Bengaluru,Karnataka,admin_manual,TRUE
MAT-000319,MAT-000319,MAT-000319,Busbar 4-Way Copper - Schneider,Busbar 4-Way Copper - Schneider,Electrical - Busbars,Electrical,Busbar 4-Way Copper - Schneider,NOS,620,620,620,18,Bengaluru,Karnataka,admin_manual,TRUE
MAT-000326,MAT-000326,MAT-000326,Busbar Chamber 4-Way 250A - Anchor,Busbar Chamber 4-Way 250A - Anchor,Electrical - Busbars,Electrical,Busbar Chamber 4-Way 250A - Anchor,NOS,1850,1850,1850,18,Bengaluru,Karnataka,admin_manual,TRUE
MAT-000324,MAT-000324,MAT-000324,Busbar Chamber 4-Way 250A - Havells,Busbar Chamber 4-Way 250A - Havells,Electrical - Busbars,Electrical,Busbar Chamber 4-Way 250A - Havells,NOS,1850,1850,1850,18,Bengaluru,Karnataka,admin_manual,TRUE
MAT-000325,MAT-000325,MAT-000325,Busbar Chamber 4-Way 250A - Legrand,Busbar Chamber 4-Way 250A - Legrand,Electrical - Busbars,Electrical,Busbar Chamber 4-Way 250A - Legrand,NOS,1850,1850,1850,18,Bengaluru,Karnataka,admin_manual,TRUE
MAT-000323,MAT-000323,MAT-000323,Busbar Chamber 4-Way 250A - Schneider,Busbar Chamber 4-Way 250A - Schneider,Electrical - Busbars,Electrical,Busbar Chamber 4-Way 250A - Schneider,NOS,1850,1850,1850,18,Bengaluru,Karnataka,admin_manual,TRUE
MAT-000330,MAT-000330,MAT-000330,VFD 2HP 1-Phase Input - Anchor,VFD 2HP 1-Phase Input - Anchor,Electrical - Drives,Electrical,VFD 2HP 1-Phase Input - Anchor,NOS,8650,8650,8650,18,Bengaluru,Karnataka,admin_manual,TRUE
MAT-000328,MAT-000328,MAT-000328,VFD 2HP 1-Phase Input - Havells,VFD 2HP 1-Phase Input - Havells,Electrical - Drives,Electrical,VFD 2HP 1-Phase Input - Havells,NOS,8650,8650,8650,18,Bengaluru,Karnataka,admin_manual,TRUE
MAT-000329,MAT-000329,MAT-000329,VFD 2HP 1-Phase Input - Legrand,VFD 2HP 1-Phase Input - Legrand,Electrical - Drives,Electrical,VFD 2HP 1-Phase Input - Legrand,NOS,8650,8650,8650,18,Bengaluru,Karnataka,admin_manual,TRUE
MAT-000327,MAT-000327,MAT-000327,VFD 2HP 1-Phase Input - Schneider,VFD 2HP 1-Phase Input - Schneider,Electrical - Drives,Electrical,VFD 2HP 1-Phase Input - Schneider,NOS,8650,8650,8650,18,Bengaluru,Karnataka,admin_manual,TRUE
MAT-000333,MAT-000333,MAT-000333,Earthing Rod 2m GI - Anchor,Earthing Rod 2m GI - Anchor,Electrical - Earthing,Electrical,Earthing Rod 2m GI - Anchor,NOS,380,380,380,18,Bengaluru,Karnataka,admin_manual,TRUE
MAT-000331,MAT-000331,MAT-000331,Earthing Rod 2m GI - Finolex,Earthing Rod 2m GI - Finolex,Electrical - Earthing,Electrical,Earthing Rod 2m GI - Finolex,NOS,380,380,380,18,Bengaluru,Karnataka,admin_manual,TRUE
MAT-000332,MAT-000332,MAT-000332,Earthing Rod 2m GI - Polycab,Earthing Rod 2m GI - Polycab,Electrical - Earthing,Electrical,Earthing Rod 2m GI - Polycab,NOS,380,380,380,18,Bengaluru,Karnataka,admin_manual,TRUE
MAT-000337,MAT-000337,MAT-000337,Enclosure Box IP65 200x150mm - Anchor,Enclosure Box IP65 200x150mm - Anchor,Electrical - Enclosures,Electrical,Enclosure Box IP65 200x150mm - Anchor,NOS,480,480,480,18,Bengaluru,Karnataka,admin_manual,TRUE
MAT-000335,MAT-000335,MAT-000335,Enclosure Box IP65 200x150mm - Havells,Enclosure Box IP65 200x150mm - Havells,Electrical - Enclosures,Electrical,Enclosure Box IP65 200x150mm - Havells,NOS,480,480,480,18,Bengaluru,Karnataka,admin_manual,TRUE
MAT-000336,MAT-000336,MAT-000336,Enclosure Box IP65 200x150mm - Legrand,Enclosure Box IP65 200x150mm - Legrand,Electrical - Enclosures,Electrical,Enclosure Box IP65 200x150mm - Legrand,NOS,480,480,480,18,Bengaluru,Karnataka,admin_manual,TRUE
MAT-000334,MAT-000334,MAT-000334,Enclosure Box IP65 200x150mm - Schneider,Enclosure Box IP65 200x150mm - Schneider,Electrical - Enclosures,Electrical,Enclosure Box IP65 200x150mm - Schneider,NOS,480,480,480,18,Bengaluru,Karnataka,admin_manual,TRUE
MAT-000341,MAT-000341,MAT-000341,Enclosure Cutout Plate 96x96mm - Anchor,Enclosure Cutout Plate 96x96mm - Anchor,Electrical - Enclosures,Electrical,Enclosure Cutout Plate 96x96mm - Anchor,NOS,65,65,65,18,Bengaluru,Karnataka,admin_manual,TRUE
MAT-000339,MAT-000339,MAT-000339,Enclosure Cutout Plate 96x96mm - Havells,Enclosure Cutout Plate 96x96mm - Havells,Electrical - Enclosures,Electrical,Enclosure Cutout Plate 96x96mm - Havells,NOS,65,65,65,18,Bengaluru,Karnataka,admin_manual,TRUE
MAT-000340,MAT-000340,MAT-000340,Enclosure Cutout Plate 96x96mm - Legrand,Enclosure Cutout Plate 96x96mm - Legrand,Electrical - Enclosures,Electrical,Enclosure Cutout Plate 96x96mm - Legrand,NOS,65,65,65,18,Bengaluru,Karnataka,admin_manual,TRUE
MAT-000338,MAT-000338,MAT-000338,Enclosure Cutout Plate 96x96mm - Schneider,Enclosure Cutout Plate 96x96mm - Schneider,Electrical - Enclosures,Electrical,Enclosure Cutout Plate 96x96mm - Schneider,NOS,65,65,65,18,Bengaluru,Karnataka,admin_manual,TRUE
MAT-000345,MAT-000345,MAT-000345,Industrial Socket 32A 3P - Anchor,Industrial Socket 32A 3P - Anchor,Electrical - Industrial Sockets,Socket,Industrial Socket 32A 3P - Anchor,NOS,620,620,620,18,Bengaluru,Karnataka,admin_manual,TRUE
MAT-000343,MAT-000343,MAT-000343,Industrial Socket 32A 3P - Havells,Industrial Socket 32A 3P - Havells,Electrical - Industrial Sockets,Socket,Industrial Socket 32A 3P - Havells,NOS,620,620,620,18,Bengaluru,Karnataka,admin_manual,TRUE
MAT-000344,MAT-000344,MAT-000344,Industrial Socket 32A 3P - Legrand,Industrial Socket 32A 3P - Legrand,Electrical - Industrial Sockets,Socket,Industrial Socket 32A 3P - Legrand,NOS,620,620,620,18,Bengaluru,Karnataka,admin_manual,TRUE
MAT-000342,MAT-000342,MAT-000342,Industrial Socket 32A 3P - Schneider,Industrial Socket 32A 3P - Schneider,Electrical - Industrial Sockets,Socket,Industrial Socket 32A 3P - Schneider,NOS,620,620,620,18,Bengaluru,Karnataka,admin_manual,TRUE
MAT-000349,MAT-000349,MAT-000349,MCB SP 10A - Anchor,MCB SP 10A - Anchor,Electrical - MCB,MCB,MCB SP 10A - Anchor,NOS,180,180,180,18,Bengaluru,Karnataka,admin_manual,TRUE
MAT-000347,MAT-000347,MAT-000347,MCB SP 10A - Havells,MCB SP 10A - Havells,Electrical - MCB,MCB,MCB SP 10A - Havells,NOS,180,180,180,18,Bengaluru,Karnataka,admin_manual,TRUE
MAT-000348,MAT-000348,MAT-000348,MCB SP 10A - Legrand,MCB SP 10A - Legrand,Electrical - MCB,MCB,MCB SP 10A - Legrand,NOS,180,180,180,18,Bengaluru,Karnataka,admin_manual,TRUE
MAT-000346,MAT-000346,MAT-000346,MCB SP 10A - Schneider,MCB SP 10A - Schneider,Electrical - MCB,MCB,MCB SP 10A - Schneider,NOS,180,180,180,18,Bengaluru,Karnataka,admin_manual,TRUE
MAT-000354,MAT-000354,MAT-000354,MCB SP 6A - Anchor,MCB SP 6A - Anchor,Electrical - MCB,MCB,MCB SP 6A - Anchor,NOS,95,95,95,18,Bengaluru,Karnataka,admin_manual,TRUE
MAT-000355,MAT-000355,MAT-000355,MCB SP 6A - GM,MCB SP 6A - GM,Electrical - MCB,MCB,MCB SP 6A - GM,NOS,95,95,95,18,Bengaluru,Karnataka,admin_manual,TRUE
MAT-000356,MAT-000356,MAT-000356,MCB SP 6A - Legrand,MCB SP 6A - Legrand,Electrical - MCB,MCB,MCB SP 6A - Legrand,NOS,95,95,95,18,Bengaluru,Karnataka,admin_manual,TRUE
MAT-000353,MAT-000353,MAT-000353,MCB TP 32A - Anchor,MCB TP 32A - Anchor,Electrical - MCB,MCB,MCB TP 32A - Anchor,NOS,340,340,340,18,Bengaluru,Karnataka,admin_manual,TRUE
MAT-000351,MAT-000351,MAT-000351,MCB TP 32A - Havells,MCB TP 32A - Havells,Electrical - MCB,MCB,MCB TP 32A - Havells,NOS,340,340,340,18,Bengaluru,Karnataka,admin_manual,TRUE
MAT-000352,MAT-000352,MAT-000352,MCB TP 32A - Legrand,MCB TP 32A - Legrand,Electrical - MCB,MCB,MCB TP 32A - Legrand,NOS,340,340,340,18,Bengaluru,Karnataka,admin_manual,TRUE
MAT-000350,MAT-000350,MAT-000350,MCB TP 32A - Schneider,MCB TP 32A - Schneider,Electrical - MCB,MCB,MCB TP 32A - Schneider,NOS,340,340,340,18,Bengaluru,Karnataka,admin_manual,TRUE
MAT-000363,MAT-000363,MAT-000363,Modular USB Socket 2.4A - Anchor,Modular USB Socket 2.4A - Anchor,Electrical - Outlets,Socket,Modular USB Socket 2.4A - Anchor,NOS,280,280,280,18,Bengaluru,Karnataka,admin_manual,TRUE
MAT-000364,MAT-000364,MAT-000364,Modular USB Socket 2.4A - GM,Modular USB Socket 2.4A - GM,Electrical - Outlets,Socket,Modular USB Socket 2.4A - GM,NOS,280,280,280,18,Bengaluru,Karnataka,admin_manual,TRUE
MAT-000365,MAT-000365,MAT-000365,Modular USB Socket 2.4A - Legrand,Modular USB Socket 2.4A - Legrand,Electrical - Outlets,Socket,Modular USB Socket 2.4A - Legrand,NOS,280,280,280,18,Bengaluru,Karnataka,admin_manual,TRUE
MAT-000369,MAT-000369,MAT-000369,Shuttered Socket 2-Pin - Anchor,Shuttered Socket 2-Pin - Anchor,Electrical - Outlets,Socket,Shuttered Socket 2-Pin - Anchor,NOS,65,65,65,18,Bengaluru,Karnataka,admin_manual,TRUE
MAT-000370,MAT-000370,MAT-000370,Shuttered Socket 2-Pin - GM,Shuttered Socket 2-Pin - GM,Electrical - Outlets,Socket,Shuttered Socket 2-Pin - GM,NOS,65,65,65,18,Bengaluru,Karnataka,admin_manual,TRUE
MAT-000371,MAT-000371,MAT-000371,Shuttered Socket 2-Pin - Legrand,Shuttered Socket 2-Pin - Legrand,Electrical - Outlets,Socket,Shuttered Socket 2-Pin - Legrand,NOS,65,65,65,18,Bengaluru,Karnataka,admin_manual,TRUE
MAT-000366,MAT-000366,MAT-000366,Socket 5-Pin Universal - Anchor,Socket 5-Pin Universal - Anchor,Electrical - Outlets,Socket,Socket 5-Pin Universal - Anchor,NOS,85,85,85,18,Bengaluru,Karnataka,admin_manual,TRUE
MAT-000367,MAT-000367,MAT-000367,Socket 5-Pin Universal - GM,Socket 5-Pin Universal - GM,Electrical - Outlets,Socket,Socket 5-Pin Universal - GM,NOS,85,85,85,18,Bengaluru,Karnataka,admin_manual,TRUE
MAT-000368,MAT-000368,MAT-000368,Socket 5-Pin Universal - Legrand,Socket 5-Pin Universal - Legrand,Electrical - Outlets,Socket,Socket 5-Pin Universal - Legrand,NOS,85,85,85,18,Bengaluru,Karnataka,admin_manual,TRUE
MAT-000357,MAT-000357,MAT-000357,TV Socket Coaxial - Anchor,TV Socket Coaxial - Anchor,Electrical - Outlets,Socket,TV Socket Coaxial - Anchor,NOS,65,65,65,18,Bengaluru,Karnataka,admin_manual,TRUE
MAT-000358,MAT-000358,MAT-000358,TV Socket Coaxial - GM,TV Socket Coaxial - GM,Electrical - Outlets,Socket,TV Socket Coaxial - GM,NOS,65,65,65,18,Bengaluru,Karnataka,admin_manual,TRUE
MAT-000359,MAT-000359,MAT-000359,TV Socket Coaxial - Legrand,TV Socket Coaxial - Legrand,Electrical - Outlets,Socket,TV Socket Coaxial - Legrand,NOS,65,65,65,18,Bengaluru,Karnataka,admin_manual,TRUE
MAT-000360,MAT-000360,MAT-000360,Telephone Jack RJ11 - Anchor,Telephone Jack RJ11 - Anchor,Electrical - Outlets,Electrical,Telephone Jack RJ11 - Anchor,NOS,55,55,55,18,Bengaluru,Karnataka,admin_manual,TRUE
MAT-000361,MAT-000361,MAT-000361,Telephone Jack RJ11 - GM,Telephone Jack RJ11 - GM,Electrical - Outlets,Electrical,Telephone Jack RJ11 - GM,NOS,55,55,55,18,Bengaluru,Karnataka,admin_manual,TRUE
MAT-000362,MAT-000362,MAT-000362,Telephone Jack RJ11 - Legrand,Telephone Jack RJ11 - Legrand,Electrical - Outlets,Electrical,Telephone Jack RJ11 - Legrand,NOS,55,55,55,18,Bengaluru,Karnataka,admin_manual,TRUE
MAT-000672,MAT-000672,MAT-000672,Bell Buzzer 230V AC - Anchor,Bell Buzzer 230V AC - Anchor,Electrical - Switches & Sockets,Electrical,Bell Buzzer 230V AC - Anchor,NOS,95,95,95,18,Bengaluru,Karnataka,admin_manual,TRUE
MAT-000673,MAT-000673,MAT-000673,Bell Buzzer 230V AC - GM,Bell Buzzer 230V AC - GM,Electrical - Switches & Sockets,Electrical,Bell Buzzer 230V AC - GM,NOS,95,95,95,18,Bengaluru,Karnataka,admin_manual,TRUE
MAT-000674,MAT-000674,MAT-000674,Bell Buzzer 230V AC - Legrand,Bell Buzzer 230V AC - Legrand,Electrical - Switches & Sockets,Electrical,Bell Buzzer 230V AC - Legrand,NOS,95,95,95,18,Bengaluru,Karnataka,admin_manual,TRUE
MAT-000660,MAT-000660,MAT-000660,Bell Indicator Neon - Anchor,Bell Indicator Neon - Anchor,Electrical - Switches & Sockets,Electrical,Bell Indicator Neon - Anchor,NOS,48,48,48,18,Bengaluru,Karnataka,admin_manual,TRUE
MAT-000661,MAT-000661,MAT-000661,Bell Indicator Neon - GM,Bell Indicator Neon - GM,Electrical - Switches & Sockets,Electrical,Bell Indicator Neon - GM,NOS,48,48,48,18,Bengaluru,Karnataka,admin_manual,TRUE
MAT-000662,MAT-000662,MAT-000662,Bell Indicator Neon - Legrand,Bell Indicator Neon - Legrand,Electrical - Switches & Sockets,Electrical,Bell Indicator Neon - Legrand,NOS,48,48,48,18,Bengaluru,Karnataka,admin_manual,TRUE
MAT-000654,MAT-000654,MAT-000654,Bell Transformer 8V AC - Anchor,Bell Transformer 8V AC - Anchor,Electrical - Switches & Sockets,Electrical,Bell Transformer 8V AC - Anchor,NOS,180,180,180,18,Bengaluru,Karnataka,admin_manual,TRUE
MAT-000655,MAT-000655,MAT-000655,Bell Transformer 8V AC - GM,Bell Transformer 8V AC - GM,Electrical - Switches & Sockets,Electrical,Bell Transformer 8V AC - GM,NOS,180,180,180,18,Bengaluru,Karnataka,admin_manual,TRUE
MAT-000656,MAT-000656,MAT-000656,Bell Transformer 8V AC - Legrand,Bell Transformer 8V AC - Legrand,Electrical - Switches & Sockets,Electrical,Bell Transformer 8V AC - Legrand,NOS,180,180,180,18,Bengaluru,Karnataka,admin_manual,TRUE
MAT-000675,MAT-000675,MAT-000675,Cable Clip Round 1 sqmm - Anchor,Cable Clip Round 1 sqmm - Anchor,Electrical - Switches & Sockets,Cable,Cable Clip Round 1 sqmm - Anchor,NOS,0.45,0.45,0.45,18,Bengaluru,Karnataka,admin_manual,TRUE
MAT-000676,MAT-000676,MAT-000676,Cable Clip Round 1 sqmm - GM,Cable Clip Round 1 sqmm - GM,Electrical - Switches & Sockets,Cable,Cable Clip Round 1 sqmm - GM,NOS,0.45,0.45,0.45,18,Bengaluru,Karnataka,admin_manual,TRUE
MAT-000677,MAT-000677,MAT-000677,Cable Clip Round 1 sqmm - Legrand,Cable Clip Round 1 sqmm - Legrand,Electrical - Switches & Sockets,Cable,Cable Clip Round 1 sqmm - Legrand,NOS,0.45,0.45,0.45,18,Bengaluru,Karnataka,admin_manual,TRUE
MAT-000648,MAT-000648,MAT-000648,Child Safety Cover 2-Pin - Anchor,Child Safety Cover 2-Pin - Anchor,Electrical - Switches & Sockets,Electrical,Child Safety Cover 2-Pin - Anchor,NOS,18,18,18,18,Bengaluru,Karnataka,admin_manual,TRUE
MAT-000649,MAT-000649,MAT-000649,Child Safety Cover 2-Pin - GM,Child Safety Cover 2-Pin - GM,Electrical - Switches & Sockets,Electrical,Child Safety Cover 2-Pin - GM,NOS,18,18,18,18,Bengaluru,Karnataka,admin_manual,TRUE
MAT-000650,MAT-000650,MAT-000650,Child Safety Cover 2-Pin - Legrand,Child Safety Cover 2-Pin - Legrand,Electrical - Switches & Sockets,Electrical,Child Safety Cover 2-Pin - Legrand,NOS,18,18,18,18,Bengaluru,Karnataka,admin_manual,TRUE
MAT-000663,MAT-000663,MAT-000663,Childproof Module Cover - Anchor,Childproof Module Cover - Anchor,Electrical - Switches & Sockets,Electrical,Childproof Module Cover - Anchor,NOS,22,22,22,18,Bengaluru,Karnataka,admin_manual,TRUE
MAT-000664,MAT-000664,MAT-000664,Childproof Module Cover - GM,Childproof Module Cover - GM,Electrical - Switches & Sockets,Electrical,Childproof Module Cover - GM,NOS,22,22,22,18,Bengaluru,Karnataka,admin_manual,TRUE
MAT-000665,MAT-000665,MAT-000665,Childproof Module Cover - Legrand,Childproof Module Cover - Legrand,Electrical - Switches & Sockets,Electrical,Childproof Module Cover - Legrand,NOS,22,22,22,18,Bengaluru,Karnataka,admin_manual,TRUE
MAT-000641,MAT-000641,MAT-000641,Control Station 2-Button Start/Stop - Anchor,Control Station 2-Button Start/Stop - Anchor,Electrical - Switches & Sockets,Electrical,Control Station 2-Button Start/Stop - Anchor,NOS,420,420,420,18,Bengaluru,Karnataka,admin_manual,TRUE
MAT-000639,MAT-000639,MAT-000639,Control Station 2-Button Start/Stop - Havells,Control Station 2-Button Start/Stop - Havells,Electrical - Switches & Sockets,Electrical,Control Station 2-Button Start/Stop - Havells,NOS,420,420,420,18,Bengaluru,Karnataka,admin_manual,TRUE
MAT-000640,MAT-000640,MAT-000640,Control Station 2-Button Start/Stop - Legrand,Control Station 2-Button Start/Stop - Legrand,Electrical - Switches & Sockets,Electrical,Control Station 2-Button Start/Stop - Legrand,NOS,420,420,420,18,Bengaluru,Karnataka,admin_manual,TRUE
MAT-000638,MAT-000638,MAT-000638,Control Station 2-Button Start/Stop - Schneider,Control Station 2-Button Start/Stop - Schneider,Electrical - Switches & Sockets,Electrical,Control Station 2-Button Start/Stop - Schneider,NOS,420,420,420,18,Bengaluru,Karnataka,admin_manual,TRUE
MAT-000637,MAT-000637,MAT-000637,Custom Panel Assembly 6-Module - Anchor,Custom Panel Assembly 6-Module - Anchor,Electrical - Switches & Sockets,Custom Panel,Custom Panel Assembly 6-Module - Anchor,NOS,3850,3850,3850,18,Bengaluru,Karnataka,admin_manual,TRUE
MAT-000635,MAT-000635,MAT-000635,Custom Panel Assembly 6-Module - Havells,Custom Panel Assembly 6-Module - Havells,Electrical - Switches & Sockets,Custom Panel,Custom Panel Assembly 6-Module - Havells,NOS,3850,3850,3850,18,Bengaluru,Karnataka,admin_manual,TRUE
MAT-000636,MAT-000636,MAT-000636,Custom Panel Assembly 6-Module - Legrand,Custom Panel Assembly 6-Module - Legrand,Electrical - Switches & Sockets,Custom Panel,Custom Panel Assembly 6-Module - Legrand,NOS,3850,3850,3850,18,Bengaluru,Karnataka,admin_manual,TRUE
MAT-000634,MAT-000634,MAT-000634,Custom Panel Assembly 6-Module - Schneider,Custom Panel Assembly 6-Module - Schneider,Electrical - Switches & Sockets,Custom Panel,Custom Panel Assembly 6-Module - Schneider,NOS,3850,3850,3850,18,Bengaluru,Karnataka,admin_manual,TRUE
MAT-000632,MAT-000632,MAT-000632,Door Bell Wired - Havells,Door Bell Wired - Havells,Electrical - Switches & Sockets,Wire,Door Bell Wired - Havells,NOS,180,180,180,18,Bengaluru,Karnataka,admin_manual,TRUE
MAT-000633,MAT-000633,MAT-000633,Door Bell Wired - Schneider,Door Bell Wired - Schneider,Electrical - Switches & Sockets,Wire,Door Bell Wired - Schneider,NOS,180,180,180,18,Bengaluru,Karnataka,admin_manual,TRUE
MAT-000651,MAT-000651,MAT-000651,Door Chime Wireless - Anchor,Door Chime Wireless - Anchor,Electrical - Switches & Sockets,Wire,Door Chime Wireless - Anchor,NOS,420,420,420,18,Bengaluru,Karnataka,admin_manual,TRUE
MAT-000652,MAT-000652,MAT-000652,Door Chime Wireless - GM,Door Chime Wireless - GM,Electrical - Switches & Sockets,Wire,Door Chime Wireless - GM,NOS,420,420,420,18,Bengaluru,Karnataka,admin_manual,TRUE
MAT-000653,MAT-000653,MAT-000653,Door Chime Wireless - Legrand,Door Chime Wireless - Legrand,Electrical - Switches & Sockets,Wire,Door Chime Wireless - Legrand,NOS,420,420,420,18,Bengaluru,Karnataka,admin_manual,TRUE
MAT-000681,MAT-000681,MAT-000681,"Downrod Extension 12"" - Anchor","Downrod Extension 12"" - Anchor",Electrical - Switches & Sockets,Electrical,"Downrod Extension 12"" - Anchor",NOS,38,38,38,18,Bengaluru,Karnataka,admin_manual,TRUE
MAT-000682,MAT-000682,MAT-000682,"Downrod Extension 12"" - GM","Downrod Extension 12"" - GM",Electrical - Switches & Sockets,Electrical,"Downrod Extension 12"" - GM",NOS,38,38,38,18,Bengaluru,Karnataka,admin_manual,TRUE
MAT-000683,MAT-000683,MAT-000683,"Downrod Extension 12"" - Polycab","Downrod Extension 12"" - Polycab",Electrical - Switches & Sockets,Electrical,"Downrod Extension 12"" - Polycab",NOS,38,38,38,18,Bengaluru,Karnataka,admin_manual,TRUE
MAT-000666,MAT-000666,MAT-000666,Fuse Carrier 10A Modular - Anchor,Fuse Carrier 10A Modular - Anchor,Electrical - Switches & Sockets,Electrical,Fuse Carrier 10A Modular - Anchor,NOS,55,55,55,18,Bengaluru,Karnataka,admin_manual,TRUE
MAT-000667,MAT-000667,MAT-000667,Fuse Carrier 10A Modular - GM,Fuse Carrier 10A Modular - GM,Electrical - Switches & Sockets,Electrical,Fuse Carrier 10A Modular - GM,NOS,55,55,55,18,Bengaluru,Karnataka,admin_manual,TRUE
MAT-000668,MAT-000668,MAT-000668,Fuse Carrier 10A Modular - Legrand,Fuse Carrier 10A Modular - Legrand,Electrical - Switches & Sockets,Electrical,Fuse Carrier 10A Modular - Legrand,NOS,55,55,55,18,Bengaluru,Karnataka,admin_manual,TRUE
MAT-000669,MAT-000669,MAT-000669,Indicator Module Neon Red - Anchor,Indicator Module Neon Red - Anchor,Electrical - Switches & Sockets,Electrical,Indicator Module Neon Red - Anchor,NOS,48,48,48,18,Bengaluru,Karnataka,admin_manual,TRUE
MAT-000670,MAT-000670,MAT-000670,Indicator Module Neon Red - GM,Indicator Module Neon Red - GM,Electrical - Switches & Sockets,Electrical,Indicator Module Neon Red - GM,NOS,48,48,48,18,Bengaluru,Karnataka,admin_manual,TRUE
MAT-000671,MAT-000671,MAT-000671,Indicator Module Neon Red - Legrand,Indicator Module Neon Red - Legrand,Electrical - Switches & Sockets,Electrical,Indicator Module Neon Red - Legrand,NOS,48,48,48,18,Bengaluru,Karnataka,admin_manual,TRUE
MAT-000657,MAT-000657,MAT-000657,Night Switch Photo Sensor - Anchor,Night Switch Photo Sensor - Anchor,Electrical - Switches & Sockets,Switch,Night Switch Photo Sensor - Anchor,NOS,185,185,185,18,Bengaluru,Karnataka,admin_manual,TRUE
MAT-000658,MAT-000658,MAT-000658,Night Switch Photo Sensor - GM,Night Switch Photo Sensor - GM,Electrical - Switches & Sockets,Switch,Night Switch Photo Sensor - GM,NOS,185,185,185,18,Bengaluru,Karnataka,admin_manual,TRUE
MAT-000659,MAT-000659,MAT-000659,Night Switch Photo Sensor - Legrand,Night Switch Photo Sensor - Legrand,Electrical - Switches & Sockets,Switch,Night Switch Photo Sensor - Legrand,NOS,185,185,185,18,Bengaluru,Karnataka,admin_manual,TRUE
MAT-000642,MAT-000642,MAT-000642,Spike Guard 4 Socket with Switch - Anchor,Spike Guard 4 Socket with Switch - Anchor,Electrical - Switches & Sockets,Switch,Spike Guard 4 Socket with Switch - Anchor,NOS,320,320,320,18,Bengaluru,Karnataka,admin_manual,TRUE
MAT-000643,MAT-000643,MAT-000643,Spike Guard 4 Socket with Switch - GM,Spike Guard 4 Socket with Switch - GM,Electrical - Switches & Sockets,Switch,Spike Guard 4 Socket with Switch - GM,NOS,320,320,320,18,Bengaluru,Karnataka,admin_manual,TRUE
MAT-000644,MAT-000644,MAT-000644,Spike Guard 4 Socket with Switch - Legrand,Spike Guard 4 Socket with Switch - Legrand,Electrical - Switches & Sockets,Switch,Spike Guard 4 Socket with Switch - Legrand,NOS,320,320,320,18,Bengaluru,Karnataka,admin_manual,TRUE
MAT-000645,MAT-000645,MAT-000645,USB Charger 2.1A Dual Port - Anchor,USB Charger 2.1A Dual Port - Anchor,Electrical - Switches & Sockets,Electrical,USB Charger 2.1A Dual Port - Anchor,NOS,320,320,320,18,Bengaluru,Karnataka,admin_manual,TRUE
MAT-000646,MAT-000646,MAT-000646,USB Charger 2.1A Dual Port - GM,USB Charger 2.1A Dual Port - GM,Electrical - Switches & Sockets,Electrical,USB Charger 2.1A Dual Port - GM,NOS,320,320,320,18,Bengaluru,Karnataka,admin_manual,TRUE
MAT-000647,MAT-000647,MAT-000647,USB Charger 2.1A Dual Port - Legrand,USB Charger 2.1A Dual Port - Legrand,Electrical - Switches & Sockets,Electrical,USB Charger 2.1A Dual Port - Legrand,NOS,320,320,320,18,Bengaluru,Karnataka,admin_manual,TRUE
MAT-000680,MAT-000680,MAT-000680,Wire Marker Sleeve 1.5 sqmm A-Z - Anchor,Wire Marker Sleeve 1.5 sqmm A-Z - Anchor,Electrical - Switches & Sockets,Wire,Wire Marker Sleeve 1.5 sqmm A-Z - Anchor,NOS,0.85,0.85,0.85,18,Bengaluru,Karnataka,admin_manual,TRUE
MAT-000678,MAT-000678,MAT-000678,Wire Marker Sleeve 1.5 sqmm A-Z - Finolex,Wire Marker Sleeve 1.5 sqmm A-Z - Finolex,Electrical - Switches & Sockets,Wire,Wire Marker Sleeve 1.5 sqmm A-Z - Finolex,NOS,0.85,0.85,0.85,18,Bengaluru,Karnataka,admin_manual,TRUE
MAT-000679,MAT-000679,MAT-000679,Wire Marker Sleeve 1.5 sqmm A-Z - Polycab,Wire Marker Sleeve 1.5 sqmm A-Z - Polycab,Electrical - Switches & Sockets,Wire,Wire Marker Sleeve 1.5 sqmm A-Z - Polycab,NOS,0.85,0.85,0.85,18,Bengaluru,Karnataka,admin_manual,TRUE
MAT-000389,MAT-000389,MAT-000389,ELCB 40A 2P - Anchor,ELCB 40A 2P - Anchor,Electrical -Circuit Protection,Electrical,ELCB 40A 2P - Anchor,NOS,740,740,740,18,Bengaluru,Karnataka,admin_manual,TRUE
MAT-000387,MAT-000387,MAT-000387,ELCB 40A 2P - Havells,ELCB 40A 2P - Havells,Electrical -Circuit Protection,Electrical,ELCB 40A 2P - Havells,NOS,740,740,740,18,Bengaluru,Karnataka,admin_manual,TRUE
MAT-000388,MAT-000388,MAT-000388,ELCB 40A 2P - Legrand,ELCB 40A 2P - Legrand,Electrical -Circuit Protection,Electrical,ELCB 40A 2P - Legrand,NOS,740,740,740,18,Bengaluru,Karnataka,admin_manual,TRUE
MAT-000386,MAT-000386,MAT-000386,ELCB 40A 2P - Schneider,ELCB 40A 2P - Schneider,Electrical -Circuit Protection,Electrical,ELCB 40A 2P - Schneider,NOS,740,740,740,18,Bengaluru,Karnataka,admin_manual,TRUE
MAT-000393,MAT-000393,MAT-000393,Isolator 63A DP - Anchor,Isolator 63A DP - Anchor,Electrical -Circuit Protection,Isolator,Isolator 63A DP - Anchor,NOS,320,320,320,18,Bengaluru,Karnataka,admin_manual,TRUE
MAT-000391,MAT-000391,MAT-000391,Isolator 63A DP - Havells,Isolator 63A DP - Havells,Electrical -Circuit Protection,Isolator,Isolator 63A DP - Havells,NOS,320,320,320,18,Bengaluru,Karnataka,admin_manual,TRUE
MAT-000392,MAT-000392,MAT-000392,Isolator 63A DP - Legrand,Isolator 63A DP - Legrand,Electrical -Circuit Protection,Isolator,Isolator 63A DP - Legrand,NOS,320,320,320,18,Bengaluru,Karnataka,admin_manual,TRUE
MAT-000390,MAT-000390,MAT-000390,Isolator 63A DP - Schneider,Isolator 63A DP - Schneider,Electrical -Circuit Protection,Isolator,Isolator 63A DP - Schneider,NOS,320,320,320,18,Bengaluru,Karnataka,admin_manual,TRUE
MAT-000385,MAT-000385,MAT-000385,RCCB 25A 2P - Anchor,RCCB 25A 2P - Anchor,Electrical -Circuit Protection,RCCB,RCCB 25A 2P - Anchor,NOS,680,680,680,18,Bengaluru,Karnataka,admin_manual,TRUE
MAT-000383,MAT-000383,MAT-000383,RCCB 25A 2P - Havells,RCCB 25A 2P - Havells,Electrical -Circuit Protection,RCCB,RCCB 25A 2P - Havells,NOS,680,680,680,18,Bengaluru,Karnataka,admin_manual,TRUE
MAT-000384,MAT-000384,MAT-000384,RCCB 25A 2P - Legrand,RCCB 25A 2P - Legrand,Electrical -Circuit Protection,RCCB,RCCB 25A 2P - Legrand,NOS,680,680,680,18,Bengaluru,Karnataka,admin_manual,TRUE
MAT-000397,MAT-000397,MAT-000397,Heavy Duty Connector 16A 4P - Anchor,Heavy Duty Connector 16A 4P - Anchor,Electrical -Connectors,Electrical,Heavy Duty Connector 16A 4P - Anchor,NOS,620,620,620,18,Bengaluru,Karnataka,admin_manual,TRUE
MAT-000395,MAT-000395,MAT-000395,Heavy Duty Connector 16A 4P - Havells,Heavy Duty Connector 16A 4P - Havells,Electrical -Connectors,Electrical,Heavy Duty Connector 16A 4P - Havells,NOS,620,620,620,18,Bengaluru,Karnataka,admin_manual,TRUE
MAT-000396,MAT-000396,MAT-000396,Heavy Duty Connector 16A 4P - Legrand,Heavy Duty Connector 16A 4P - Legrand,Electrical -Connectors,Electrical,Heavy Duty Connector 16A 4P - Legrand,NOS,620,620,620,18,Bengaluru,Karnataka,admin_manual,TRUE
MAT-000394,MAT-000394,MAT-000394,Heavy Duty Connector 16A 4P - Schneider,Heavy Duty Connector 16A 4P - Schneider,Electrical -Connectors,Electrical,Heavy Duty Connector 16A 4P - Schneider,NOS,620,620,620,18,Bengaluru,Karnataka,admin_manual,TRUE
MAT-000398,MAT-000398,MAT-000398,Distribution Box 4-Way SPN - Anchor,Distribution Box 4-Way SPN - Anchor,Electrical -Distribution Box,Electrical,Distribution Box 4-Way SPN - Anchor,NOS,320,320,320,18,Bengaluru,Karnataka,admin_manual,TRUE
MAT-000399,MAT-000399,MAT-000399,Distribution Box 4-Way SPN - GM,Distribution Box 4-Way SPN - GM,Electrical -Distribution Box,Electrical,Distribution Box 4-Way SPN - GM,NOS,320,320,320,18,Bengaluru,Karnataka,admin_manual,TRUE
MAT-000401,MAT-000401,MAT-000401,Distribution Box 4-Way SPN - Havells,Distribution Box 4-Way SPN - Havells,Electrical -Distribution Box,Electrical,Distribution Box 4-Way SPN - Havells,NOS,320,320,320,18,Bengaluru,Karnataka,admin_manual,TRUE
MAT-000400,MAT-000400,MAT-000400,Distribution Box 4-Way SPN - Legrand,Distribution Box 4-Way SPN - Legrand,Electrical -Distribution Box,Electrical,Distribution Box 4-Way SPN - Legrand,NOS,320,320,320,18,Bengaluru,Karnataka,admin_manual,TRUE
MAT-000402,MAT-000402,MAT-000402,Distribution Box 4-Way SPN - Schneider,Distribution Box 4-Way SPN - Schneider,Electrical -Distribution Box,Electrical,Distribution Box 4-Way SPN - Schneider,NOS,320,320,320,18,Bengaluru,Karnataka,admin_manual,TRUE
MAT-000410,MAT-000410,MAT-000410,Industrial DB TPN 8-Way - Anchor,Industrial DB TPN 8-Way - Anchor,Electrical -Distribution Box,DB,Industrial DB TPN 8-Way - Anchor,NOS,2450,2450,2450,18,Bengaluru,Karnataka,admin_manual,TRUE
MAT-000408,MAT-000408,MAT-000408,Industrial DB TPN 8-Way - Havells,Industrial DB TPN 8-Way - Havells,Electrical -Distribution Box,DB,Industrial DB TPN 8-Way - Havells,NOS,2450,2450,2450,18,Bengaluru,Karnataka,admin_manual,TRUE
MAT-000409,MAT-000409,MAT-000409,Industrial DB TPN 8-Way - Legrand,Industrial DB TPN 8-Way - Legrand,Electrical -Distribution Box,DB,Industrial DB TPN 8-Way - Legrand,NOS,2450,2450,2450,18,Bengaluru,Karnataka,admin_manual,TRUE
MAT-000407,MAT-000407,MAT-000407,Industrial DB TPN 8-Way - Schneider,Industrial DB TPN 8-Way - Schneider,Electrical -Distribution Box,DB,Industrial DB TPN 8-Way - Schneider,NOS,2450,2450,2450,18,Bengaluru,Karnataka,admin_manual,TRUE
MAT-000406,MAT-000406,MAT-000406,TPN Distribution Box 4-Way - Anchor,TPN Distribution Box 4-Way - Anchor,Electrical -Distribution Box,Electrical,TPN Distribution Box 4-Way - Anchor,NOS,1450,1450,1450,18,Bengaluru,Karnataka,admin_manual,TRUE
MAT-000404,MAT-000404,MAT-000404,TPN Distribution Box 4-Way - Havells,TPN Distribution Box 4-Way - Havells,Electrical -Distribution Box,Electrical,TPN Distribution Box 4-Way - Havells,NOS,1450,1450,1450,18,Bengaluru,Karnataka,admin_manual,TRUE
MAT-000405,MAT-000405,MAT-000405,TPN Distribution Box 4-Way - Legrand,TPN Distribution Box 4-Way - Legrand,Electrical -Distribution Box,Electrical,TPN Distribution Box 4-Way - Legrand,NOS,1450,1450,1450,18,Bengaluru,Karnataka,admin_manual,TRUE
MAT-000403,MAT-000403,MAT-000403,TPN Distribution Box 4-Way - Schneider,TPN Distribution Box 4-Way - Schneider,Electrical -Distribution Box,Electrical,TPN Distribution Box 4-Way - Schneider,NOS,1450,1450,1450,18,Bengaluru,Karnataka,admin_manual,TRUE
SQMG594729,SQMG594729,SQMG594729,1.5 sqmm Copper FRLS Wire Lighting/Fan,1.5 sqmm Copper FRLS Wire Lighting/Fan,Electrical BOQ,,1.5 sqmm copper FRLS wire for lighting and fan circuits,M,18,18,18,18,Bengaluru,Karnataka,admin_manual,TRUE
SQMG594731,SQMG594731,SQMG594731,2.5 sqmm Copper FRLS Wire Power,2.5 sqmm Copper FRLS Wire Power,Electrical BOQ,,2.5 sqmm copper FRLS power wire,M,28,28,28,18,Bengaluru,Karnataka,admin_manual,TRUE
SQMG594733,SQMG594733,SQMG594733,4 sqmm Copper FRLS Wire AC/Geyser,4 sqmm Copper FRLS Wire AC/Geyser,Electrical BOQ,,4 sqmm copper FRLS wire for AC/geyser,M,28,28,28,18,Bengaluru,Karnataka,admin_manual,TRUE
SQMG594735,SQMG594735,SQMG594735,6 sqmm Copper FRLS Wire Main,6 sqmm Copper FRLS Wire Main,Electrical BOQ,,6 sqmm copper FRLS main wire,M,42,42,42,18,Bengaluru,Karnataka,admin_manual,TRUE
ACUG594753,ACUG594753,ACUG594753,AC Unit 1.5 Ton,AC Unit 1.5 Ton,Electrical BOQ,,1.5-ton air-conditioning unit,NOS,35000,35000,35000,18,Bengaluru,Karnataka,admin_manual,TRUE
BATG594773,BATG594773,BATG594773,Battery 150Ah,Battery 150Ah,Electrical BOQ,,150Ah battery,NOS,12800,12800,12800,18,Bengaluru,Karnataka,admin_manual,TRUE
BUSG594775,BUSG594775,BUSG594775,Bus Bar / Wiring Accessories,Bus Bar / Wiring Accessories,Electrical BOQ,,Bus bar and wiring accessories,LUMP,5000,5000,5000,18,Bengaluru,Karnataka,admin_manual,TRUE
CEIG594747,CEIG594747,CEIG594747,Ceiling Fan,Ceiling Fan,Electrical BOQ,,Ceiling fan,NOS,1450,1450,1450,18,Bengaluru,Karnataka,admin_manual,TRUE
DISG594757,DISG594757,DISG594757,Distribution Board 12 Way,Distribution Board 12 Way,Electrical BOQ,,12-way distribution board,NOS,2500,2500,2500,18,Bengaluru,Karnataka,admin_manual,TRUE
DISG594755,DISG594755,DISG594755,Distribution Board 8 Way,Distribution Board 8 Way,Electrical BOQ,,8-way distribution board,NOS,1200,1200,1200,18,Bengaluru,Karnataka,admin_manual,TRUE
EARG594767,EARG594767,EARG594767,Earthing Plate Type,Earthing Plate Type,Electrical BOQ,,Plate-type earthing set,NOS,2500,2500,2500,18,Bengaluru,Karnataka,admin_manual,TRUE
ELEG594777,ELEG594777,ELEG594777,Electrical Testing & Commissioning,Electrical Testing & Commissioning,Electrical BOQ,,Electrical testing and commissioning,LUMP,3000,3000,3000,0,Bengaluru,Karnataka,admin_manual,TRUE
EXHG594749,EXHG594749,EXHG594749,Exhaust Fan 6 Inch,Exhaust Fan 6 Inch,Electrical BOQ,,6-inch exhaust fan,NOS,950,950,950,18,Bengaluru,Karnataka,admin_manual,TRUE
LEDG594743,LEDG594743,LEDG594743,LED Batten 20W,LED Batten 20W,Electrical BOQ,,20W LED batten,NOS,180,180,180,18,Bengaluru,Karnataka,admin_manual,TRUE
LEDG594741,LEDG594741,LEDG594741,LED Light Point / Bulb,LED Light Point / Bulb,Electrical BOQ,,LED light point or bulb,NOS,95,95,95,18,Bengaluru,Karnataka,admin_manual,TRUE
LEDG594745,LEDG594745,LEDG594745,LED Panel Light 12x12,LED Panel Light 12x12,Electrical BOQ,,12x12 LED panel light,NOS,280,280,280,18,Bengaluru,Karnataka,admin_manual,TRUE
LIGG594769,LIGG594769,LIGG594769,Lightning Arrester,Lightning Arrester,Electrical BOQ,,Lightning arrester set,NOS,3500,3500,3500,18,Bengaluru,Karnataka,admin_manual,TRUE
MCBG594763,MCBG594763,MCBG594763,MCB DP 32A,MCB DP 32A,Electrical BOQ,,Double-pole 32A MCB,NOS,350,350,350,18,Bengaluru,Karnataka,admin_manual,TRUE
MCBG594765,MCBG594765,MCBG594765,MCB DP 63A Main,MCB DP 63A Main,Electrical BOQ,,Double-pole 63A main MCB,NOS,650,650,650,18,Bengaluru,Karnataka,admin_manual,TRUE
MCBG594761,MCBG594761,MCBG594761,MCB SP 16A,MCB SP 16A,Electrical BOQ,,Single-pole 16A MCB,NOS,220,220,220,18,Bengaluru,Karnataka,admin_manual,TRUE
MCBG594759,MCBG594759,MCBG594759,MCB SP 6A/10A,MCB SP 6A/10A,Electrical BOQ,,Single-pole 6A/10A MCB,NOS,180,180,180,18,Bengaluru,Karnataka,admin_manual,TRUE
MODG594739,MODG594739,MODG594739,Modular Switch Plates,Modular Switch Plates,Electrical BOQ,,Modular switch plates,NOS,45,45,45,18,Bengaluru,Karnataka,admin_manual,TRUE
MODG594737,MODG594737,MODG594737,Modular Switches,Modular Switches,Electrical BOQ,,Modular electrical switches,NOS,145,145,145,18,Bengaluru,Karnataka,admin_manual,TRUE
PVCG594725,PVCG594725,PVCG594725,PVC Conduit Pipe 20mm ISI Marked,PVC Conduit Pipe 20mm ISI Marked,Electrical BOQ,,20mm ISI-marked PVC conduit pipe,M,25,25,25,18,Bengaluru,Karnataka,admin_manual,TRUE
PVCG594727,PVCG594727,PVCG594727,PVC Conduit Pipe 25mm ISI Marked,PVC Conduit Pipe 25mm ISI Marked,Electrical BOQ,,25mm ISI-marked PVC conduit pipe,M,35,35,35,18,Bengaluru,Karnataka,admin_manual,TRUE
UPSG594771,UPSG594771,UPSG594771,UPS/Inverter 3kVA,UPS/Inverter 3kVA,Electrical BOQ,,3kVA UPS/inverter set,NOS,6800,6800,6800,18,Bengaluru,Karnataka,admin_manual,TRUE
WATG594751,WATG594751,WATG594751,Water Heater 25L,Water Heater 25L,Electrical BOQ,,25-litre water heater,NOS,5200,5200,5200,18,Bengaluru,Karnataka,admin_manual,TRUE
MAT-000379,MAT-000379,MAT-000379,Coaxial Cable RG6 90m Roll - Anchor,Coaxial Cable RG6 90m Roll - Anchor,Electrical- CAT-Cables,Cable,Coaxial Cable RG6 90m Roll - Anchor,ROLL,1150,1150,1150,18,Bengaluru,Karnataka,admin_manual,TRUE
MAT-000377,MAT-000377,MAT-000377,Coaxial Cable RG6 90m Roll - Finolex,Coaxial Cable RG6 90m Roll - Finolex,Electrical- CAT-Cables,Cable,Coaxial Cable RG6 90m Roll - Finolex,ROLL,1150,1150,1150,18,Bengaluru,Karnataka,admin_manual,TRUE
MAT-000378,MAT-000378,MAT-000378,Coaxial Cable RG6 90m Roll - Polycab,Coaxial Cable RG6 90m Roll - Polycab,Electrical- CAT-Cables,Cable,Coaxial Cable RG6 90m Roll - Polycab,ROLL,1150,1150,1150,18,Bengaluru,Karnataka,admin_manual,TRUE
MAT-000374,MAT-000374,MAT-000374,LAN Cable Cat6 305m Box - Anchor,LAN Cable Cat6 305m Box - Anchor,Electrical- CAT-Cables,Cable,LAN Cable Cat6 305m Box - Anchor,BOX,3850,3850,3850,18,Bengaluru,Karnataka,admin_manual,TRUE
MAT-000372,MAT-000372,MAT-000372,LAN Cable Cat6 305m Box - Finolex,LAN Cable Cat6 305m Box - Finolex,Electrical- CAT-Cables,Cable,LAN Cable Cat6 305m Box - Finolex,BOX,3850,3850,3850,18,Bengaluru,Karnataka,admin_manual,TRUE
MAT-000375,MAT-000375,MAT-000375,LAN Cable Cat6 305m Box - Havells,LAN Cable Cat6 305m Box - Havells,Electrical- CAT-Cables,Cable,LAN Cable Cat6 305m Box - Havells,BOX,3850,3850,3850,18,Bengaluru,Karnataka,admin_manual,TRUE
MAT-000376,MAT-000376,MAT-000376,LAN Cable Cat6 305m Box - Legrand,LAN Cable Cat6 305m Box - Legrand,Electrical- CAT-Cables,Cable,LAN Cable Cat6 305m Box - Legrand,BOX,3850,3850,3850,18,Bengaluru,Karnataka,admin_manual,TRUE
MAT-000373,MAT-000373,MAT-000373,LAN Cable Cat6 305m Box - Polycab,LAN Cable Cat6 305m Box - Polycab,Electrical- CAT-Cables,Cable,LAN Cable Cat6 305m Box - Polycab,BOX,3850,3850,3850,18,Bengaluru,Karnataka,admin_manual,TRUE
MAT-000380,MAT-000380,MAT-000380,Telephone Cable 2 Pair - Finolex,Telephone Cable 2 Pair - Finolex,Electrical- CAT-Cables,Cable,Telephone Cable 2 Pair - Finolex,M,9,9,9,18,Bengaluru,Karnataka,admin_manual,TRUE
MAT-000382,MAT-000382,MAT-000382,Telephone Cable 2 Pair - Havells,Telephone Cable 2 Pair - Havells,Electrical- CAT-Cables,Cable,Telephone Cable 2 Pair - Havells,M,9,9,9,18,Bengaluru,Karnataka,admin_manual,TRUE
MAT-000381,MAT-000381,MAT-000381,Telephone Cable 2 Pair - Polycab,Telephone Cable 2 Pair - Polycab,Electrical- CAT-Cables,Cable,Telephone Cable 2 Pair - Polycab,M,9,9,9,18,Bengaluru,Karnataka,admin_manual,TRUE
MAT-000420,MAT-000420,MAT-000420,Blank Plate Modular 1M - Anchor,Blank Plate Modular 1M - Anchor,Electrical- Plates,Electrical,Blank Plate Modular 1M - Anchor,NOS,12,12,12,18,Bengaluru,Karnataka,admin_manual,TRUE
MAT-000421,MAT-000421,MAT-000421,Blank Plate Modular 1M - GM,Blank Plate Modular 1M - GM,Electrical- Plates,Electrical,Blank Plate Modular 1M - GM,NOS,12,12,12,18,Bengaluru,Karnataka,admin_manual,TRUE
MAT-000422,MAT-000422,MAT-000422,Blank Plate Modular 1M - Legrand,Blank Plate Modular 1M - Legrand,Electrical- Plates,Electrical,Blank Plate Modular 1M - Legrand,NOS,12,12,12,18,Bengaluru,Karnataka,admin_manual,TRUE
MAT-000426,MAT-000426,MAT-000426,Ceiling Plate Modular 2M - Anchor,Ceiling Plate Modular 2M - Anchor,Electrical- Plates,Electrical,Ceiling Plate Modular 2M - Anchor,NOS,22,22,22,18,Bengaluru,Karnataka,admin_manual,TRUE
MAT-000427,MAT-000427,MAT-000427,Ceiling Plate Modular 2M - GM,Ceiling Plate Modular 2M - GM,Electrical- Plates,Electrical,Ceiling Plate Modular 2M - GM,NOS,22,22,22,18,Bengaluru,Karnataka,admin_manual,TRUE
MAT-000428,MAT-000428,MAT-000428,Ceiling Plate Modular 2M - Legrand,Ceiling Plate Modular 2M - Legrand,Electrical- Plates,Electrical,Ceiling Plate Modular 2M - Legrand,NOS,22,22,22,18,Bengaluru,Karnataka,admin_manual,TRUE
MAT-000423,MAT-000423,MAT-000423,Extension Plate 2M to 3M - Anchor,Extension Plate 2M to 3M - Anchor,Electrical- Plates,Electrical,Extension Plate 2M to 3M - Anchor,NOS,18,18,18,18,Bengaluru,Karnataka,admin_manual,TRUE
MAT-000424,MAT-000424,MAT-000424,Extension Plate 2M to 3M - GM,Extension Plate 2M to 3M - GM,Electrical- Plates,Electrical,Extension Plate 2M to 3M - GM,NOS,18,18,18,18,Bengaluru,Karnataka,admin_manual,TRUE
MAT-000425,MAT-000425,MAT-000425,Extension Plate 2M to 3M - Legrand,Extension Plate 2M to 3M - Legrand,Electrical- Plates,Electrical,Extension Plate 2M to 3M - Legrand,NOS,18,18,18,18,Bengaluru,Karnataka,admin_manual,TRUE
MAT-000411,MAT-000411,MAT-000411,Modular Plate 1 Module - Anchor,Modular Plate 1 Module - Anchor,Electrical- Plates,Electrical,Modular Plate 1 Module - Anchor,NOS,18,18,18,18,Bengaluru,Karnataka,admin_manual,TRUE
MAT-000412,MAT-000412,MAT-000412,Modular Plate 1 Module - GM,Modular Plate 1 Module - GM,Electrical- Plates,Electrical,Modular Plate 1 Module - GM,NOS,18,18,18,18,Bengaluru,Karnataka,admin_manual,TRUE
MAT-000413,MAT-000413,MAT-000413,Modular Plate 1 Module - Legrand,Modular Plate 1 Module - Legrand,Electrical- Plates,Electrical,Modular Plate 1 Module - Legrand,NOS,18,18,18,18,Bengaluru,Karnataka,admin_manual,TRUE
MAT-000414,MAT-000414,MAT-000414,Modular Plate 2 Module - Anchor,Modular Plate 2 Module - Anchor,Electrical- Plates,Electrical,Modular Plate 2 Module - Anchor,NOS,22,22,22,18,Bengaluru,Karnataka,admin_manual,TRUE
MAT-000415,MAT-000415,MAT-000415,Modular Plate 2 Module - GM,Modular Plate 2 Module - GM,Electrical- Plates,Electrical,Modular Plate 2 Module - GM,NOS,22,22,22,18,Bengaluru,Karnataka,admin_manual,TRUE
MAT-000416,MAT-000416,MAT-000416,Modular Plate 2 Module - Legrand,Modular Plate 2 Module - Legrand,Electrical- Plates,Electrical,Modular Plate 2 Module - Legrand,NOS,22,22,22,18,Bengaluru,Karnataka,admin_manual,TRUE
MAT-000417,MAT-000417,MAT-000417,Surface Plate 3 Module - Anchor,Surface Plate 3 Module - Anchor,Electrical- Plates,Electrical,Surface Plate 3 Module - Anchor,NOS,28,28,28,18,Bengaluru,Karnataka,admin_manual,TRUE
MAT-000418,MAT-000418,MAT-000418,Surface Plate 3 Module - GM,Surface Plate 3 Module - GM,Electrical- Plates,Electrical,Surface Plate 3 Module - GM,NOS,28,28,28,18,Bengaluru,Karnataka,admin_manual,TRUE
MAT-000419,MAT-000419,MAT-000419,Surface Plate 3 Module - Legrand,Surface Plate 3 Module - Legrand,Electrical- Plates,Electrical,Surface Plate 3 Module - Legrand,NOS,28,28,28,18,Bengaluru,Karnataka,admin_manual,TRUE
MAT-000429,MAT-000429,MAT-000429,Plug Top 6A 3-Pin - Anchor,Plug Top 6A 3-Pin - Anchor,Electrical- Switches & Plugs,Electrical,Plug Top 6A 3-Pin - Anchor,NOS,25,25,25,18,Bengaluru,Karnataka,admin_manual,TRUE
MAT-000430,MAT-000430,MAT-000430,Plug Top 6A 3-Pin - GM,Plug Top 6A 3-Pin - GM,Electrical- Switches & Plugs,Electrical,Plug Top 6A 3-Pin - GM,NOS,25,25,25,18,Bengaluru,Karnataka,admin_manual,TRUE
MAT-000432,MAT-000432,MAT-000432,Plug Top 6A 3-Pin - Havells,Plug Top 6A 3-Pin - Havells,Electrical- Switches & Plugs,Electrical,Plug Top 6A 3-Pin - Havells,NOS,25,25,25,18,Bengaluru,Karnataka,admin_manual,TRUE
MAT-000431,MAT-000431,MAT-000431,Plug Top 6A 3-Pin - Legrand,Plug Top 6A 3-Pin - Legrand,Electrical- Switches & Plugs,Electrical,Plug Top 6A 3-Pin - Legrand,NOS,25,25,25,18,Bengaluru,Karnataka,admin_manual,TRUE
MAT-000433,MAT-000433,MAT-000433,Plug Top 6A 3-Pin - Schneider,Plug Top 6A 3-Pin - Schneider,Electrical- Switches & Plugs,Electrical,Plug Top 6A 3-Pin - Schneider,NOS,25,25,25,18,Bengaluru,Karnataka,admin_manual,TRUE
MAT-000442,MAT-000442,MAT-000442,Cable Gland 25mm Brass - Anchor,Cable Gland 25mm Brass - Anchor,Electrical-Cable Accessories,Cable,Cable Gland 25mm Brass - Anchor,NOS,22,22,22,18,Bengaluru,Karnataka,admin_manual,TRUE
MAT-000440,MAT-000440,MAT-000440,Cable Gland 25mm Brass - Finolex,Cable Gland 25mm Brass - Finolex,Electrical-Cable Accessories,Cable,Cable Gland 25mm Brass - Finolex,NOS,22,22,22,18,Bengaluru,Karnataka,admin_manual,TRUE
MAT-000443,MAT-000443,MAT-000443,Cable Gland 25mm Brass - Havells,Cable Gland 25mm Brass - Havells,Electrical-Cable Accessories,Cable,Cable Gland 25mm Brass - Havells,NOS,22,22,22,18,Bengaluru,Karnataka,admin_manual,TRUE
MAT-000444,MAT-000444,MAT-000444,Cable Gland 25mm Brass - Legrand,Cable Gland 25mm Brass - Legrand,Electrical-Cable Accessories,Cable,Cable Gland 25mm Brass - Legrand,NOS,22,22,22,18,Bengaluru,Karnataka,admin_manual,TRUE
MAT-000441,MAT-000441,MAT-000441,Cable Gland 25mm Brass - Polycab,Cable Gland 25mm Brass - Polycab,Electrical-Cable Accessories,Cable,Cable Gland 25mm Brass - Polycab,NOS,22,22,22,18,Bengaluru,Karnataka,admin_manual,TRUE
MAT-000439,MAT-000439,MAT-000439,Cable Lug 16 sqmm - Anchor,Cable Lug 16 sqmm - Anchor,Electrical-Cable Accessories,Cable,Cable Lug 16 sqmm - Anchor,NOS,12,12,12,18,Bengaluru,Karnataka,admin_manual,TRUE
MAT-000437,MAT-000437,MAT-000437,Cable Lug 16 sqmm - Finolex,Cable Lug 16 sqmm - Finolex,Electrical-Cable Accessories,Cable,Cable Lug 16 sqmm - Finolex,NOS,12,12,12,18,Bengaluru,Karnataka,admin_manual,TRUE
MAT-000438,MAT-000438,MAT-000438,Cable Lug 16 sqmm - Polycab,Cable Lug 16 sqmm - Polycab,Electrical-Cable Accessories,Cable,Cable Lug 16 sqmm - Polycab,NOS,12,12,12,18,Bengaluru,Karnataka,admin_manual,TRUE
MAT-000436,MAT-000436,MAT-000436,Cable Tie 100mm - Anchor,Cable Tie 100mm - Anchor,Electrical-Cable Accessories,Cable,Cable Tie 100mm - Anchor,PACK,45,45,45,18,Bengaluru,Karnataka,admin_manual,TRUE
MAT-000434,MAT-000434,MAT-000434,Cable Tie 100mm - Finolex,Cable Tie 100mm - Finolex,Electrical-Cable Accessories,Cable,Cable Tie 100mm - Finolex,PACK,45,45,45,18,Bengaluru,Karnataka,admin_manual,TRUE
MAT-000435,MAT-000435,MAT-000435,Cable Tie 100mm - Polycab,Cable Tie 100mm - Polycab,Electrical-Cable Accessories,Cable,Cable Tie 100mm - Polycab,PACK,45,45,45,18,Bengaluru,Karnataka,admin_manual,TRUE
MAT-000447,MAT-000447,MAT-000447,Cable Tray Perforated 100mm GI - Anchor,Cable Tray Perforated 100mm GI - Anchor,Electrical-Cable Accessories,Cable,Cable Tray Perforated 100mm GI - Anchor,M,185,185,185,18,Bengaluru,Karnataka,admin_manual,TRUE
MAT-000445,MAT-000445,MAT-000445,Cable Tray Perforated 100mm GI - Finolex,Cable Tray Perforated 100mm GI - Finolex,Electrical-Cable Accessories,Cable,Cable Tray Perforated 100mm GI - Finolex,M,185,185,185,18,Bengaluru,Karnataka,admin_manual,TRUE
MAT-000446,MAT-000446,MAT-000446,Cable Tray Perforated 100mm GI - Polycab,Cable Tray Perforated 100mm GI - Polycab,Electrical-Cable Accessories,Cable,Cable Tray Perforated 100mm GI - Polycab,M,185,185,185,18,Bengaluru,Karnataka,admin_manual,TRUE
MAT-000448,MAT-000448,MAT-000448,Armoured Cable 2C x 2.5 sqmm AL - Finolex,Armoured Cable 2C x 2.5 sqmm AL - Finolex,Electrical-Cables,Cable,Armoured Cable 2C x 2.5 sqmm AL - Finolex,M,42,42,42,18,Bengaluru,Karnataka,admin_manual,TRUE
MAT-000450,MAT-000450,MAT-000450,Armoured Cable 2C x 2.5 sqmm AL - Havells,Armoured Cable 2C x 2.5 sqmm AL - Havells,Electrical-Cables,Cable,Armoured Cable 2C x 2.5 sqmm AL - Havells,M,42,42,42,18,Bengaluru,Karnataka,admin_manual,TRUE
MAT-000449,MAT-000449,MAT-000449,Armoured Cable 2C x 2.5 sqmm AL - Polycab,Armoured Cable 2C x 2.5 sqmm AL - Polycab,Electrical-Cables,Cable,Armoured Cable 2C x 2.5 sqmm AL - Polycab,M,42,42,42,18,Bengaluru,Karnataka,admin_manual,TRUE
MAT-000451,MAT-000451,MAT-000451,Armoured Cable 2C x 4 sqmm AL - Finolex,Armoured Cable 2C x 4 sqmm AL - Finolex,Electrical-Cables,Cable,Armoured Cable 2C x 4 sqmm AL - Finolex,M,58,58,58,18,Bengaluru,Karnataka,admin_manual,TRUE
MAT-000453,MAT-000453,MAT-000453,Armoured Cable 2C x 4 sqmm AL - Havells,Armoured Cable 2C x 4 sqmm AL - Havells,Electrical-Cables,Cable,Armoured Cable 2C x 4 sqmm AL - Havells,M,58,58,58,18,Bengaluru,Karnataka,admin_manual,TRUE
MAT-000452,MAT-000452,MAT-000452,Armoured Cable 2C x 4 sqmm AL - Polycab,Armoured Cable 2C x 4 sqmm AL - Polycab,Electrical-Cables,Cable,Armoured Cable 2C x 4 sqmm AL - Polycab,M,58,58,58,18,Bengaluru,Karnataka,admin_manual,TRUE
MAT-000457,MAT-000457,MAT-000457,Armoured Cable 3.5C x 10 sqmm AL - Finolex,Armoured Cable 3.5C x 10 sqmm AL - Finolex,Electrical-Cables,Cable,Armoured Cable 3.5C x 10 sqmm AL - Finolex,M,112,112,112,18,Bengaluru,Karnataka,admin_manual,TRUE
MAT-000459,MAT-000459,MAT-000459,Armoured Cable 3.5C x 10 sqmm AL - Havells,Armoured Cable 3.5C x 10 sqmm AL - Havells,Electrical-Cables,Cable,Armoured Cable 3.5C x 10 sqmm AL - Havells,M,112,112,112,18,Bengaluru,Karnataka,admin_manual,TRUE
MAT-000458,MAT-000458,MAT-000458,Armoured Cable 3.5C x 10 sqmm AL - Polycab,Armoured Cable 3.5C x 10 sqmm AL - Polycab,Electrical-Cables,Cable,Armoured Cable 3.5C x 10 sqmm AL - Polycab,M,112,112,112,18,Bengaluru,Karnataka,admin_manual,TRUE
MAT-000460,MAT-000460,MAT-000460,Armoured Cable 3.5C x 25 sqmm AL - Finolex,Armoured Cable 3.5C x 25 sqmm AL - Finolex,Electrical-Cables,Cable,Armoured Cable 3.5C x 25 sqmm AL - Finolex,M,185,185,185,18,Bengaluru,Karnataka,admin_manual,TRUE
MAT-000462,MAT-000462,MAT-000462,Armoured Cable 3.5C x 25 sqmm AL - Havells,Armoured Cable 3.5C x 25 sqmm AL - Havells,Electrical-Cables,Cable,Armoured Cable 3.5C x 25 sqmm AL - Havells,M,185,185,185,18,Bengaluru,Karnataka,admin_manual,TRUE
MAT-000461,MAT-000461,MAT-000461,Armoured Cable 3.5C x 25 sqmm AL - Polycab,Armoured Cable 3.5C x 25 sqmm AL - Polycab,Electrical-Cables,Cable,Armoured Cable 3.5C x 25 sqmm AL - Polycab,M,185,185,185,18,Bengaluru,Karnataka,admin_manual,TRUE
MAT-000454,MAT-000454,MAT-000454,Armoured Cable 4C x 6 sqmm CU - Finolex,Armoured Cable 4C x 6 sqmm CU - Finolex,Electrical-Cables,Cable,Armoured Cable 4C x 6 sqmm CU - Finolex,M,145,145,145,18,Bengaluru,Karnataka,admin_manual,TRUE
MAT-000456,MAT-000456,MAT-000456,Armoured Cable 4C x 6 sqmm CU - Havells,Armoured Cable 4C x 6 sqmm CU - Havells,Electrical-Cables,Cable,Armoured Cable 4C x 6 sqmm CU - Havells,M,145,145,145,18,Bengaluru,Karnataka,admin_manual,TRUE
MAT-000455,MAT-000455,MAT-000455,Armoured Cable 4C x 6 sqmm CU - Polycab,Armoured Cable 4C x 6 sqmm CU - Polycab,Electrical-Cables,Cable,Armoured Cable 4C x 6 sqmm CU - Polycab,M,145,145,145,18,Bengaluru,Karnataka,admin_manual,TRUE
MAT-000463,MAT-000463,MAT-000463,Submersible Cable 3C x 1.5 sqmm Flat - Finolex,Submersible Cable 3C x 1.5 sqmm Flat - Finolex,Electrical-Cables,Cable,Submersible Cable 3C x 1.5 sqmm Flat - Finolex,M,42,42,42,18,Bengaluru,Karnataka,admin_manual,TRUE
MAT-000465,MAT-000465,MAT-000465,Submersible Cable 3C x 1.5 sqmm Flat - Havells,Submersible Cable 3C x 1.5 sqmm Flat - Havells,Electrical-Cables,Cable,Submersible Cable 3C x 1.5 sqmm Flat - Havells,M,42,42,42,18,Bengaluru,Karnataka,admin_manual,TRUE
MAT-000464,MAT-000464,MAT-000464,Submersible Cable 3C x 1.5 sqmm Flat - Polycab,Submersible Cable 3C x 1.5 sqmm Flat - Polycab,Electrical-Cables,Cable,Submersible Cable 3C x 1.5 sqmm Flat - Polycab,M,42,42,42,18,Bengaluru,Karnataka,admin_manual,TRUE
MAT-000466,MAT-000466,MAT-000466,Submersible Cable 3C x 2.5 sqmm Flat - Finolex,Submersible Cable 3C x 2.5 sqmm Flat - Finolex,Electrical-Cables,Cable,Submersible Cable 3C x 2.5 sqmm Flat - Finolex,M,58,58,58,18,Bengaluru,Karnataka,admin_manual,TRUE
MAT-000468,MAT-000468,MAT-000468,Submersible Cable 3C x 2.5 sqmm Flat - Havells,Submersible Cable 3C x 2.5 sqmm Flat - Havells,Electrical-Cables,Cable,Submersible Cable 3C x 2.5 sqmm Flat - Havells,M,58,58,58,18,Bengaluru,Karnataka,admin_manual,TRUE
MAT-000467,MAT-000467,MAT-000467,Submersible Cable 3C x 2.5 sqmm Flat - Polycab,Submersible Cable 3C x 2.5 sqmm Flat - Polycab,Electrical-Cables,Cable,Submersible Cable 3C x 2.5 sqmm Flat - Polycab,M,58,58,58,18,Bengaluru,Karnataka,admin_manual,TRUE
MAT-000469,MAT-000469,MAT-000469,Submersible Cable 3C x 4 sqmm Flat - Finolex,Submersible Cable 3C x 4 sqmm Flat - Finolex,Electrical-Cables,Cable,Submersible Cable 3C x 4 sqmm Flat - Finolex,M,78,78,78,18,Bengaluru,Karnataka,admin_manual,TRUE
MAT-000471,MAT-000471,MAT-000471,Submersible Cable 3C x 4 sqmm Flat - Havells,Submersible Cable 3C x 4 sqmm Flat - Havells,Electrical-Cables,Cable,Submersible Cable 3C x 4 sqmm Flat - Havells,M,78,78,78,18,Bengaluru,Karnataka,admin_manual,TRUE
MAT-000470,MAT-000470,MAT-000470,Submersible Cable 3C x 4 sqmm Flat - Polycab,Submersible Cable 3C x 4 sqmm Flat - Polycab,Electrical-Cables,Cable,Submersible Cable 3C x 4 sqmm Flat - Polycab,M,78,78,78,18,Bengaluru,Karnataka,admin_manual,TRUE
MAT-000472,MAT-000472,MAT-000472,Submersible Cable 3C x 6 sqmm Flat - Finolex,Submersible Cable 3C x 6 sqmm Flat - Finolex,Electrical-Cables,Cable,Submersible Cable 3C x 6 sqmm Flat - Finolex,M,112,112,112,18,Bengaluru,Karnataka,admin_manual,TRUE
MAT-000474,MAT-000474,MAT-000474,Submersible Cable 3C x 6 sqmm Flat - Havells,Submersible Cable 3C x 6 sqmm Flat - Havells,Electrical-Cables,Cable,Submersible Cable 3C x 6 sqmm Flat - Havells,M,112,112,112,18,Bengaluru,Karnataka,admin_manual,TRUE
MAT-000473,MAT-000473,MAT-000473,Submersible Cable 3C x 6 sqmm Flat - Polycab,Submersible Cable 3C x 6 sqmm Flat - Polycab,Electrical-Cables,Cable,Submersible Cable 3C x 6 sqmm Flat - Polycab,M,112,112,112,18,Bengaluru,Karnataka,admin_manual,TRUE
MAT-000475,MAT-000475,MAT-000475,RCCB 25A 2P - Schneider,RCCB 25A 2P - Schneider,Electrical-Circuit Protection,RCCB,RCCB 25A 2P - Schneider,NOS,680,680,680,18,Bengaluru,Karnataka,admin_manual,TRUE
MAT-000481,MAT-000481,MAT-000481,Conduit Saddle 20mm PVC - Anchor,Conduit Saddle 20mm PVC - Anchor,Electrical-Conduit Accessories,Conduit,Conduit Saddle 20mm PVC - Anchor,NOS,4.5,4.5,4.5,18,Bengaluru,Karnataka,admin_manual,TRUE
MAT-000479,MAT-000479,MAT-000479,Conduit Saddle 20mm PVC - Finolex,Conduit Saddle 20mm PVC - Finolex,Electrical-Conduit Accessories,Conduit,Conduit Saddle 20mm PVC - Finolex,NOS,4.5,4.5,4.5,18,Bengaluru,Karnataka,admin_manual,TRUE
MAT-000480,MAT-000480,MAT-000480,Conduit Saddle 20mm PVC - Polycab,Conduit Saddle 20mm PVC - Polycab,Electrical-Conduit Accessories,Conduit,Conduit Saddle 20mm PVC - Polycab,NOS,4.5,4.5,4.5,18,Bengaluru,Karnataka,admin_manual,TRUE
MAT-000490,MAT-000490,MAT-000490,PVC Bushing 25mm - Anchor,PVC Bushing 25mm - Anchor,Electrical-Conduit Accessories,Electrical,PVC Bushing 25mm - Anchor,NOS,4,4,4,18,Bengaluru,Karnataka,admin_manual,TRUE
MAT-000488,MAT-000488,MAT-000488,PVC Bushing 25mm - Finolex,PVC Bushing 25mm - Finolex,Electrical-Conduit Accessories,Electrical,PVC Bushing 25mm - Finolex,NOS,4,4,4,18,Bengaluru,Karnataka,admin_manual,TRUE
MAT-000489,MAT-000489,MAT-000489,PVC Bushing 25mm - Polycab,PVC Bushing 25mm - Polycab,Electrical-Conduit Accessories,Electrical,PVC Bushing 25mm - Polycab,NOS,4,4,4,18,Bengaluru,Karnataka,admin_manual,TRUE
MAT-000478,MAT-000478,MAT-000478,PVC Coupler 20mm - Anchor,PVC Coupler 20mm - Anchor,Electrical-Conduit Accessories,Electrical,PVC Coupler 20mm - Anchor,NOS,6,6,6,18,Bengaluru,Karnataka,admin_manual,TRUE
MAT-000476,MAT-000476,MAT-000476,PVC Coupler 20mm - Finolex,PVC Coupler 20mm - Finolex,Electrical-Conduit Accessories,Electrical,PVC Coupler 20mm - Finolex,NOS,6,6,6,18,Bengaluru,Karnataka,admin_manual,TRUE
MAT-000477,MAT-000477,MAT-000477,PVC Coupler 20mm - Polycab,PVC Coupler 20mm - Polycab,Electrical-Conduit Accessories,Electrical,PVC Coupler 20mm - Polycab,NOS,6,6,6,18,Bengaluru,Karnataka,admin_manual,TRUE
MAT-000487,MAT-000487,MAT-000487,PVC Saddle 25mm - Anchor,PVC Saddle 25mm - Anchor,Electrical-Conduit Accessories,Electrical,PVC Saddle 25mm - Anchor,NOS,5,5,5,18,Bengaluru,Karnataka,admin_manual,TRUE
MAT-000485,MAT-000485,MAT-000485,PVC Saddle 25mm - Finolex,PVC Saddle 25mm - Finolex,Electrical-Conduit Accessories,Electrical,PVC Saddle 25mm - Finolex,NOS,5,5,5,18,Bengaluru,Karnataka,admin_manual,TRUE
MAT-000486,MAT-000486,MAT-000486,PVC Saddle 25mm - Polycab,PVC Saddle 25mm - Polycab,Electrical-Conduit Accessories,Electrical,PVC Saddle 25mm - Polycab,NOS,5,5,5,18,Bengaluru,Karnataka,admin_manual,TRUE
MAT-000484,MAT-000484,MAT-000484,PVC Tee 25mm - Anchor,PVC Tee 25mm - Anchor,Electrical-Conduit Accessories,Electrical,PVC Tee 25mm - Anchor,NOS,7,7,7,18,Bengaluru,Karnataka,admin_manual,TRUE
MAT-000482,MAT-000482,MAT-000482,PVC Tee 25mm - Finolex,PVC Tee 25mm - Finolex,Electrical-Conduit Accessories,Electrical,PVC Tee 25mm - Finolex,NOS,7,7,7,18,Bengaluru,Karnataka,admin_manual,TRUE
MAT-000483,MAT-000483,MAT-000483,PVC Tee 25mm - Polycab,PVC Tee 25mm - Polycab,Electrical-Conduit Accessories,Electrical,PVC Tee 25mm - Polycab,NOS,7,7,7,18,Bengaluru,Karnataka,admin_manual,TRUE
MAT-000496,MAT-000496,MAT-000496,PVC Conduit Pipe 20mm - Anchor,PVC Conduit Pipe 20mm - Anchor,Electrical-Conduit Pipes,Conduit,PVC Conduit Pipe 20mm - Anchor,M,48,48,48,18,Bengaluru,Karnataka,admin_manual,TRUE
MAT-000494,MAT-000494,MAT-000494,PVC Conduit Pipe 20mm - Finolex,PVC Conduit Pipe 20mm - Finolex,Electrical-Conduit Pipes,Conduit,PVC Conduit Pipe 20mm - Finolex,M,48,48,48,18,Bengaluru,Karnataka,admin_manual,TRUE
MAT-000495,MAT-000495,MAT-000495,PVC Conduit Pipe 20mm - Polycab,PVC Conduit Pipe 20mm - Polycab,Electrical-Conduit Pipes,Conduit,PVC Conduit Pipe 20mm - Polycab,M,48,48,48,18,Bengaluru,Karnataka,admin_manual,TRUE
MAT-000493,MAT-000493,MAT-000493,PVC Conduit Pipe 25mm - Anchor,PVC Conduit Pipe 25mm - Anchor,Electrical-Conduit Pipes,Conduit,PVC Conduit Pipe 25mm - Anchor,M,60,60,60,18,Bengaluru,Karnataka,admin_manual,TRUE
MAT-000491,MAT-000491,MAT-000491,PVC Conduit Pipe 25mm - Finolex,PVC Conduit Pipe 25mm - Finolex,Electrical-Conduit Pipes,Conduit,PVC Conduit Pipe 25mm - Finolex,M,60,60,60,18,Bengaluru,Karnataka,admin_manual,TRUE
MAT-000492,MAT-000492,MAT-000492,PVC Conduit Pipe 25mm - Polycab,PVC Conduit Pipe 25mm - Polycab,Electrical-Conduit Pipes,Conduit,PVC Conduit Pipe 25mm - Polycab,M,60,60,60,18,Bengaluru,Karnataka,admin_manual,TRUE
MAT-000499,MAT-000499,MAT-000499,PVC Elbow 25mm - Anchor,PVC Elbow 25mm - Anchor,Electrical-Conduit Pipes,Electrical,PVC Elbow 25mm - Anchor,NOS,6,6,6,18,Bengaluru,Karnataka,admin_manual,TRUE
MAT-000497,MAT-000497,MAT-000497,PVC Elbow 25mm - Finolex,PVC Elbow 25mm - Finolex,Electrical-Conduit Pipes,Electrical,PVC Elbow 25mm - Finolex,NOS,6,6,6,18,Bengaluru,Karnataka,admin_manual,TRUE
MAT-000498,MAT-000498,MAT-000498,PVC Elbow 25mm - Polycab,PVC Elbow 25mm - Polycab,Electrical-Conduit Pipes,Electrical,PVC Elbow 25mm - Polycab,NOS,6,6,6,18,Bengaluru,Karnataka,admin_manual,TRUE
MAT-000510,MAT-000510,MAT-000510,Concealed Box 1 Module - Anchor,Concealed Box 1 Module - Anchor,Electrical-Modular Boxes,Electrical,Concealed Box 1 Module - Anchor,NOS,20,20,20,18,Bengaluru,Karnataka,admin_manual,TRUE
MAT-000511,MAT-000511,MAT-000511,Concealed Box 1 Module - GM,Concealed Box 1 Module - GM,Electrical-Modular Boxes,Electrical,Concealed Box 1 Module - GM,NOS,20,20,20,18,Bengaluru,Karnataka,admin_manual,TRUE
MAT-000513,MAT-000513,MAT-000513,Concealed Box 1 Module - Havells,Concealed Box 1 Module - Havells,Electrical-Modular Boxes,Electrical,Concealed Box 1 Module - Havells,NOS,20,20,20,18,Bengaluru,Karnataka,admin_manual,TRUE
MAT-000512,MAT-000512,MAT-000512,Concealed Box 1 Module - Legrand,Concealed Box 1 Module - Legrand,Electrical-Modular Boxes,Electrical,Concealed Box 1 Module - Legrand,NOS,20,20,20,18,Bengaluru,Karnataka,admin_manual,TRUE
MAT-000514,MAT-000514,MAT-000514,Concealed Box 1 Module - Schneider,Concealed Box 1 Module - Schneider,Electrical-Modular Boxes,Electrical,Concealed Box 1 Module - Schneider,NOS,20,20,20,18,Bengaluru,Karnataka,admin_manual,TRUE
MAT-000515,MAT-000515,MAT-000515,Concealed Box 2 Module - Anchor,Concealed Box 2 Module - Anchor,Electrical-Modular Boxes,Electrical,Concealed Box 2 Module - Anchor,NOS,24,24,24,18,Bengaluru,Karnataka,admin_manual,TRUE
MAT-000516,MAT-000516,MAT-000516,Concealed Box 2 Module - GM,Concealed Box 2 Module - GM,Electrical-Modular Boxes,Electrical,Concealed Box 2 Module - GM,NOS,24,24,24,18,Bengaluru,Karnataka,admin_manual,TRUE
MAT-000518,MAT-000518,MAT-000518,Concealed Box 2 Module - Havells,Concealed Box 2 Module - Havells,Electrical-Modular Boxes,Electrical,Concealed Box 2 Module - Havells,NOS,24,24,24,18,Bengaluru,Karnataka,admin_manual,TRUE
MAT-000517,MAT-000517,MAT-000517,Concealed Box 2 Module - Legrand,Concealed Box 2 Module - Legrand,Electrical-Modular Boxes,Electrical,Concealed Box 2 Module - Legrand,NOS,24,24,24,18,Bengaluru,Karnataka,admin_manual,TRUE
MAT-000519,MAT-000519,MAT-000519,Concealed Box 2 Module - Schneider,Concealed Box 2 Module - Schneider,Electrical-Modular Boxes,Electrical,Concealed Box 2 Module - Schneider,NOS,24,24,24,18,Bengaluru,Karnataka,admin_manual,TRUE
MAT-000542,MAT-000542,MAT-000542,Fan Box Round Deep 100mm - Anchor,Fan Box Round Deep 100mm - Anchor,Electrical-Modular Boxes,Electrical,Fan Box Round Deep 100mm - Anchor,NOS,42,42,42,18,Bengaluru,Karnataka,admin_manual,TRUE
MAT-000543,MAT-000543,MAT-000543,Fan Box Round Deep 100mm - Finolex,Fan Box Round Deep 100mm - Finolex,Electrical-Modular Boxes,Electrical,Fan Box Round Deep 100mm - Finolex,NOS,42,42,42,18,Bengaluru,Karnataka,admin_manual,TRUE
MAT-000544,MAT-000544,MAT-000544,Fan Box Round Deep 100mm - Polycab,Fan Box Round Deep 100mm - Polycab,Electrical-Modular Boxes,Electrical,Fan Box Round Deep 100mm - Polycab,NOS,42,42,42,18,Bengaluru,Karnataka,admin_manual,TRUE
MAT-000545,MAT-000545,MAT-000545,Fan Box with Hook 100mm - Anchor,Fan Box with Hook 100mm - Anchor,Electrical-Modular Boxes,Electrical,Fan Box with Hook 100mm - Anchor,NOS,48,48,48,18,Bengaluru,Karnataka,admin_manual,TRUE
MAT-000546,MAT-000546,MAT-000546,Fan Box with Hook 100mm - Finolex,Fan Box with Hook 100mm - Finolex,Electrical-Modular Boxes,Electrical,Fan Box with Hook 100mm - Finolex,NOS,48,48,48,18,Bengaluru,Karnataka,admin_manual,TRUE
MAT-000547,MAT-000547,MAT-000547,Fan Box with Hook 100mm - Polycab,Fan Box with Hook 100mm - Polycab,Electrical-Modular Boxes,Electrical,Fan Box with Hook 100mm - Polycab,NOS,48,48,48,18,Bengaluru,Karnataka,admin_manual,TRUE
MAT-000520,MAT-000520,MAT-000520,Gang Box 3 Module - Anchor,Gang Box 3 Module - Anchor,Electrical-Modular Boxes,Electrical,Gang Box 3 Module - Anchor,NOS,32,32,32,18,Bengaluru,Karnataka,admin_manual,TRUE
MAT-000521,MAT-000521,MAT-000521,Gang Box 3 Module - GM,Gang Box 3 Module - GM,Electrical-Modular Boxes,Electrical,Gang Box 3 Module - GM,NOS,32,32,32,18,Bengaluru,Karnataka,admin_manual,TRUE
MAT-000523,MAT-000523,MAT-000523,Gang Box 3 Module - Havells,Gang Box 3 Module - Havells,Electrical-Modular Boxes,Electrical,Gang Box 3 Module - Havells,NOS,32,32,32,18,Bengaluru,Karnataka,admin_manual,TRUE
MAT-000522,MAT-000522,MAT-000522,Gang Box 3 Module - Legrand,Gang Box 3 Module - Legrand,Electrical-Modular Boxes,Electrical,Gang Box 3 Module - Legrand,NOS,32,32,32,18,Bengaluru,Karnataka,admin_manual,TRUE
MAT-000524,MAT-000524,MAT-000524,Gang Box 3 Module - Schneider,Gang Box 3 Module - Schneider,Electrical-Modular Boxes,Electrical,Gang Box 3 Module - Schneider,NOS,32,32,32,18,Bengaluru,Karnataka,admin_manual,TRUE
MAT-000525,MAT-000525,MAT-000525,Junction Box 4-Way - Anchor,Junction Box 4-Way - Anchor,Electrical-Modular Boxes,Electrical,Junction Box 4-Way - Anchor,NOS,38,38,38,18,Bengaluru,Karnataka,admin_manual,TRUE
MAT-000526,MAT-000526,MAT-000526,Junction Box 4-Way - GM,Junction Box 4-Way - GM,Electrical-Modular Boxes,Electrical,Junction Box 4-Way - GM,NOS,38,38,38,18,Bengaluru,Karnataka,admin_manual,TRUE
MAT-000528,MAT-000528,MAT-000528,Junction Box 4-Way - Havells,Junction Box 4-Way - Havells,Electrical-Modular Boxes,Electrical,Junction Box 4-Way - Havells,NOS,38,38,38,18,Bengaluru,Karnataka,admin_manual,TRUE
MAT-000527,MAT-000527,MAT-000527,Junction Box 4-Way - Legrand,Junction Box 4-Way - Legrand,Electrical-Modular Boxes,Electrical,Junction Box 4-Way - Legrand,NOS,38,38,38,18,Bengaluru,Karnataka,admin_manual,TRUE
MAT-000529,MAT-000529,MAT-000529,Junction Box 4-Way - Schneider,Junction Box 4-Way - Schneider,Electrical-Modular Boxes,Electrical,Junction Box 4-Way - Schneider,NOS,38,38,38,18,Bengaluru,Karnataka,admin_manual,TRUE
MAT-000550,MAT-000550,MAT-000550,Junction Box Ceiling PVC - Anchor,Junction Box Ceiling PVC - Anchor,Electrical-Modular Boxes,Electrical,Junction Box Ceiling PVC - Anchor,NOS,26,26,26,18,Bengaluru,Karnataka,admin_manual,TRUE
MAT-000548,MAT-000548,MAT-000548,Junction Box Ceiling PVC - Finolex,Junction Box Ceiling PVC - Finolex,Electrical-Modular Boxes,Electrical,Junction Box Ceiling PVC - Finolex,NOS,26,26,26,18,Bengaluru,Karnataka,admin_manual,TRUE
MAT-000549,MAT-000549,MAT-000549,Junction Box Ceiling PVC - Polycab,Junction Box Ceiling PVC - Polycab,Electrical-Modular Boxes,Electrical,Junction Box Ceiling PVC - Polycab,NOS,26,26,26,18,Bengaluru,Karnataka,admin_manual,TRUE
MAT-000538,MAT-000538,MAT-000538,Junction Box PVC 75mm - Anchor,Junction Box PVC 75mm - Anchor,Electrical-Modular Boxes,Electrical,Junction Box PVC 75mm - Anchor,NOS,22,22,22,18,Bengaluru,Karnataka,admin_manual,TRUE
MAT-000536,MAT-000536,MAT-000536,Junction Box PVC 75mm - Finolex,Junction Box PVC 75mm - Finolex,Electrical-Modular Boxes,Electrical,Junction Box PVC 75mm - Finolex,NOS,22,22,22,18,Bengaluru,Karnataka,admin_manual,TRUE
MAT-000537,MAT-000537,MAT-000537,Junction Box PVC 75mm - Polycab,Junction Box PVC 75mm - Polycab,Electrical-Modular Boxes,Electrical,Junction Box PVC 75mm - Polycab,NOS,22,22,22,18,Bengaluru,Karnataka,admin_manual,TRUE
MAT-000530,MAT-000530,MAT-000530,Modular Box 3 Module Concealed - Anchor,Modular Box 3 Module Concealed - Anchor,Electrical-Modular Boxes,Modular Box,Modular Box 3 Module Concealed - Anchor,NOS,32,32,32,18,Bengaluru,Karnataka,admin_manual,TRUE
MAT-000531,MAT-000531,MAT-000531,Modular Box 3 Module Concealed - GM,Modular Box 3 Module Concealed - GM,Electrical-Modular Boxes,Modular Box,Modular Box 3 Module Concealed - GM,NOS,32,32,32,18,Bengaluru,Karnataka,admin_manual,TRUE
MAT-000532,MAT-000532,MAT-000532,Modular Box 3 Module Concealed - Legrand,Modular Box 3 Module Concealed - Legrand,Electrical-Modular Boxes,Modular Box,Modular Box 3 Module Concealed - Legrand,NOS,32,32,32,18,Bengaluru,Karnataka,admin_manual,TRUE
MAT-000551,MAT-000551,MAT-000551,Modular Switchboard 6 Module - Anchor,Modular Switchboard 6 Module - Anchor,Electrical-Modular Boxes,Switch,Modular Switchboard 6 Module - Anchor,NOS,145,145,145,18,Bengaluru,Karnataka,admin_manual,TRUE
MAT-000552,MAT-000552,MAT-000552,Modular Switchboard 6 Module - GM,Modular Switchboard 6 Module - GM,Electrical-Modular Boxes,Switch,Modular Switchboard 6 Module - GM,NOS,145,145,145,18,Bengaluru,Karnataka,admin_manual,TRUE
MAT-000553,MAT-000553,MAT-000553,Modular Switchboard 6 Module - Legrand,Modular Switchboard 6 Module - Legrand,Electrical-Modular Boxes,Switch,Modular Switchboard 6 Module - Legrand,NOS,145,145,145,18,Bengaluru,Karnataka,admin_manual,TRUE
MAT-000541,MAT-000541,MAT-000541,PVC Junction Box 4-Way - Anchor,PVC Junction Box 4-Way - Anchor,Electrical-Modular Boxes,Electrical,PVC Junction Box 4-Way - Anchor,NOS,24,24,24,18,Bengaluru,Karnataka,admin_manual,TRUE
MAT-000539,MAT-000539,MAT-000539,PVC Junction Box 4-Way - Finolex,PVC Junction Box 4-Way - Finolex,Electrical-Modular Boxes,Electrical,PVC Junction Box 4-Way - Finolex,NOS,24,24,24,18,Bengaluru,Karnataka,admin_manual,TRUE
MAT-000540,MAT-000540,MAT-000540,PVC Junction Box 4-Way - Polycab,PVC Junction Box 4-Way - Polycab,Electrical-Modular Boxes,Electrical,PVC Junction Box 4-Way - Polycab,NOS,24,24,24,18,Bengaluru,Karnataka,admin_manual,TRUE
MAT-000500,MAT-000500,MAT-000500,Surface Box 1 Module - Anchor,Surface Box 1 Module - Anchor,Electrical-Modular Boxes,Surface Box,Surface Box 1 Module - Anchor,NOS,18,18,18,18,Bengaluru,Karnataka,admin_manual,TRUE
MAT-000501,MAT-000501,MAT-000501,Surface Box 1 Module - GM,Surface Box 1 Module - GM,Electrical-Modular Boxes,Surface Box,Surface Box 1 Module - GM,NOS,18,18,18,18,Bengaluru,Karnataka,admin_manual,TRUE
MAT-000503,MAT-000503,MAT-000503,Surface Box 1 Module - Havells,Surface Box 1 Module - Havells,Electrical-Modular Boxes,Surface Box,Surface Box 1 Module - Havells,NOS,18,18,18,18,Bengaluru,Karnataka,admin_manual,TRUE
MAT-000502,MAT-000502,MAT-000502,Surface Box 1 Module - Legrand,Surface Box 1 Module - Legrand,Electrical-Modular Boxes,Surface Box,Surface Box 1 Module - Legrand,NOS,18,18,18,18,Bengaluru,Karnataka,admin_manual,TRUE
MAT-000504,MAT-000504,MAT-000504,Surface Box 1 Module - Schneider,Surface Box 1 Module - Schneider,Electrical-Modular Boxes,Surface Box,Surface Box 1 Module - Schneider,NOS,18,18,18,18,Bengaluru,Karnataka,admin_manual,TRUE
MAT-000505,MAT-000505,MAT-000505,Surface Box 2 Module - Anchor,Surface Box 2 Module - Anchor,Electrical-Modular Boxes,Surface Box,Surface Box 2 Module - Anchor,NOS,22,22,22,18,Bengaluru,Karnataka,admin_manual,TRUE
MAT-000506,MAT-000506,MAT-000506,Surface Box 2 Module - GM,Surface Box 2 Module - GM,Electrical-Modular Boxes,Surface Box,Surface Box 2 Module - GM,NOS,22,22,22,18,Bengaluru,Karnataka,admin_manual,TRUE
MAT-000508,MAT-000508,MAT-000508,Surface Box 2 Module - Havells,Surface Box 2 Module - Havells,Electrical-Modular Boxes,Surface Box,Surface Box 2 Module - Havells,NOS,22,22,22,18,Bengaluru,Karnataka,admin_manual,TRUE
MAT-000507,MAT-000507,MAT-000507,Surface Box 2 Module - Legrand,Surface Box 2 Module - Legrand,Electrical-Modular Boxes,Surface Box,Surface Box 2 Module - Legrand,NOS,22,22,22,18,Bengaluru,Karnataka,admin_manual,TRUE
MAT-000509,MAT-000509,MAT-000509,Surface Box 2 Module - Schneider,Surface Box 2 Module - Schneider,Electrical-Modular Boxes,Surface Box,Surface Box 2 Module - Schneider,NOS,22,22,22,18,Bengaluru,Karnataka,admin_manual,TRUE
MAT-000533,MAT-000533,MAT-000533,Surface Box 3 Module - Anchor,Surface Box 3 Module - Anchor,Electrical-Modular Boxes,Surface Box,Surface Box 3 Module - Anchor,NOS,28,28,28,18,Bengaluru,Karnataka,admin_manual,TRUE
MAT-000534,MAT-000534,MAT-000534,Surface Box 3 Module - GM,Surface Box 3 Module - GM,Electrical-Modular Boxes,Surface Box,Surface Box 3 Module - GM,NOS,28,28,28,18,Bengaluru,Karnataka,admin_manual,TRUE
MAT-000535,MAT-000535,MAT-000535,Surface Box 3 Module - Legrand,Surface Box 3 Module - Legrand,Electrical-Modular Boxes,Surface Box,Surface Box 3 Module - Legrand,NOS,28,28,28,18,Bengaluru,Karnataka,admin_manual,TRUE
MAT-000577,MAT-000577,MAT-000577,Panel Buzzer 230V AC - Anchor,Panel Buzzer 230V AC - Anchor,Electrical-Panel Accessories,Electrical,Panel Buzzer 230V AC - Anchor,NOS,95,95,95,18,Bengaluru,Karnataka,admin_manual,TRUE
MAT-000575,MAT-000575,MAT-000575,Panel Buzzer 230V AC - Havells,Panel Buzzer 230V AC - Havells,Electrical-Panel Accessories,Electrical,Panel Buzzer 230V AC - Havells,NOS,95,95,95,18,Bengaluru,Karnataka,admin_manual,TRUE
MAT-000576,MAT-000576,MAT-000576,Panel Buzzer 230V AC - Legrand,Panel Buzzer 230V AC - Legrand,Electrical-Panel Accessories,Electrical,Panel Buzzer 230V AC - Legrand,NOS,95,95,95,18,Bengaluru,Karnataka,admin_manual,TRUE
MAT-000574,MAT-000574,MAT-000574,Panel Buzzer 230V AC - Schneider,Panel Buzzer 230V AC - Schneider,Electrical-Panel Accessories,Electrical,Panel Buzzer 230V AC - Schneider,NOS,95,95,95,18,Bengaluru,Karnataka,admin_manual,TRUE
MAT-000585,MAT-000585,MAT-000585,Panel Buzzer Continuous 230V - Anchor,Panel Buzzer Continuous 230V - Anchor,Electrical-Panel Accessories,Electrical,Panel Buzzer Continuous 230V - Anchor,NOS,95,95,95,18,Bengaluru,Karnataka,admin_manual,TRUE
MAT-000583,MAT-000583,MAT-000583,Panel Buzzer Continuous 230V - Havells,Panel Buzzer Continuous 230V - Havells,Electrical-Panel Accessories,Electrical,Panel Buzzer Continuous 230V - Havells,NOS,95,95,95,18,Bengaluru,Karnataka,admin_manual,TRUE
MAT-000584,MAT-000584,MAT-000584,Panel Buzzer Continuous 230V - Legrand,Panel Buzzer Continuous 230V - Legrand,Electrical-Panel Accessories,Electrical,Panel Buzzer Continuous 230V - Legrand,NOS,95,95,95,18,Bengaluru,Karnataka,admin_manual,TRUE
MAT-000582,MAT-000582,MAT-000582,Panel Buzzer Continuous 230V - Schneider,Panel Buzzer Continuous 230V - Schneider,Electrical-Panel Accessories,Electrical,Panel Buzzer Continuous 230V - Schneider,NOS,95,95,95,18,Bengaluru,Karnataka,admin_manual,TRUE
MAT-000565,MAT-000565,MAT-000565,Panel Cutout 96x96mm - Anchor,Panel Cutout 96x96mm - Anchor,Electrical-Panel Accessories,Electrical,Panel Cutout 96x96mm - Anchor,NOS,65,65,65,18,Bengaluru,Karnataka,admin_manual,TRUE
MAT-000563,MAT-000563,MAT-000563,Panel Cutout 96x96mm - Havells,Panel Cutout 96x96mm - Havells,Electrical-Panel Accessories,Electrical,Panel Cutout 96x96mm - Havells,NOS,65,65,65,18,Bengaluru,Karnataka,admin_manual,TRUE
MAT-000564,MAT-000564,MAT-000564,Panel Cutout 96x96mm - Legrand,Panel Cutout 96x96mm - Legrand,Electrical-Panel Accessories,Electrical,Panel Cutout 96x96mm - Legrand,NOS,65,65,65,18,Bengaluru,Karnataka,admin_manual,TRUE
MAT-000562,MAT-000562,MAT-000562,Panel Cutout 96x96mm - Schneider,Panel Cutout 96x96mm - Schneider,Electrical-Panel Accessories,Electrical,Panel Cutout 96x96mm - Schneider,NOS,65,65,65,18,Bengaluru,Karnataka,admin_manual,TRUE
MAT-000581,MAT-000581,MAT-000581,"Panel Fan 6"" 230V AC - Anchor","Panel Fan 6"" 230V AC - Anchor",Electrical-Panel Accessories,Electrical,"Panel Fan 6"" 230V AC - Anchor",NOS,580,580,580,18,Bengaluru,Karnataka,admin_manual,TRUE
MAT-000579,MAT-000579,MAT-000579,"Panel Fan 6"" 230V AC - Havells","Panel Fan 6"" 230V AC - Havells",Electrical-Panel Accessories,Electrical,"Panel Fan 6"" 230V AC - Havells",NOS,580,580,580,18,Bengaluru,Karnataka,admin_manual,TRUE
MAT-000580,MAT-000580,MAT-000580,"Panel Fan 6"" 230V AC - Legrand","Panel Fan 6"" 230V AC - Legrand",Electrical-Panel Accessories,Electrical,"Panel Fan 6"" 230V AC - Legrand",NOS,580,580,580,18,Bengaluru,Karnataka,admin_manual,TRUE
MAT-000578,MAT-000578,MAT-000578,"Panel Fan 6"" 230V AC - Schneider","Panel Fan 6"" 230V AC - Schneider",Electrical-Panel Accessories,Electrical,"Panel Fan 6"" 230V AC - Schneider",NOS,580,580,580,18,Bengaluru,Karnataka,admin_manual,TRUE
MAT-000557,MAT-000557,MAT-000557,Panel Indicator Red LED - Anchor,Panel Indicator Red LED - Anchor,Electrical-Panel Accessories,Panel Indicator,Panel Indicator Red LED - Anchor,NOS,85,85,85,18,Bengaluru,Karnataka,admin_manual,TRUE
MAT-000555,MAT-000555,MAT-000555,Panel Indicator Red LED - Havells,Panel Indicator Red LED - Havells,Electrical-Panel Accessories,Panel Indicator,Panel Indicator Red LED - Havells,NOS,85,85,85,18,Bengaluru,Karnataka,admin_manual,TRUE
MAT-000556,MAT-000556,MAT-000556,Panel Indicator Red LED - Legrand,Panel Indicator Red LED - Legrand,Electrical-Panel Accessories,Panel Indicator,Panel Indicator Red LED - Legrand,NOS,85,85,85,18,Bengaluru,Karnataka,admin_manual,TRUE
MAT-000554,MAT-000554,MAT-000554,Panel Indicator Red LED - Schneider,Panel Indicator Red LED - Schneider,Electrical-Panel Accessories,Panel Indicator,Panel Indicator Red LED - Schneider,NOS,85,85,85,18,Bengaluru,Karnataka,admin_manual,TRUE
MAT-000573,MAT-000573,MAT-000573,Panel Lock Universal Type - Anchor,Panel Lock Universal Type - Anchor,Electrical-Panel Accessories,Electrical,Panel Lock Universal Type - Anchor,NOS,48,48,48,18,Bengaluru,Karnataka,admin_manual,TRUE
MAT-000571,MAT-000571,MAT-000571,Panel Lock Universal Type - Havells,Panel Lock Universal Type - Havells,Electrical-Panel Accessories,Electrical,Panel Lock Universal Type - Havells,NOS,48,48,48,18,Bengaluru,Karnataka,admin_manual,TRUE
MAT-000572,MAT-000572,MAT-000572,Panel Lock Universal Type - Legrand,Panel Lock Universal Type - Legrand,Electrical-Panel Accessories,Electrical,Panel Lock Universal Type - Legrand,NOS,48,48,48,18,Bengaluru,Karnataka,admin_manual,TRUE
MAT-000570,MAT-000570,MAT-000570,Panel Lock Universal Type - Schneider,Panel Lock Universal Type - Schneider,Electrical-Panel Accessories,Electrical,Panel Lock Universal Type - Schneider,NOS,48,48,48,18,Bengaluru,Karnataka,admin_manual,TRUE
MAT-000561,MAT-000561,MAT-000561,Panel Meter Analog Ammeter 0–30A - Anchor,Panel Meter Analog Ammeter 0–30A - Anchor,Electrical-Panel Accessories,Electrical,Panel Meter Analog Ammeter 0–30A - Anchor,NOS,320,320,320,18,Bengaluru,Karnataka,admin_manual,TRUE
MAT-000559,MAT-000559,MAT-000559,Panel Meter Analog Ammeter 0–30A - Havells,Panel Meter Analog Ammeter 0–30A - Havells,Electrical-Panel Accessories,Electrical,Panel Meter Analog Ammeter 0–30A - Havells,NOS,320,320,320,18,Bengaluru,Karnataka,admin_manual,TRUE
MAT-000560,MAT-000560,MAT-000560,Panel Meter Analog Ammeter 0–30A - Legrand,Panel Meter Analog Ammeter 0–30A - Legrand,Electrical-Panel Accessories,Electrical,Panel Meter Analog Ammeter 0–30A - Legrand,NOS,320,320,320,18,Bengaluru,Karnataka,admin_manual,TRUE
MAT-000558,MAT-000558,MAT-000558,Panel Meter Analog Ammeter 0–30A - Schneider,Panel Meter Analog Ammeter 0–30A - Schneider,Electrical-Panel Accessories,Electrical,Panel Meter Analog Ammeter 0–30A - Schneider,NOS,320,320,320,18,Bengaluru,Karnataka,admin_manual,TRUE
MAT-000589,MAT-000589,MAT-000589,Pilot Lamp Green LED 230V - Anchor,Pilot Lamp Green LED 230V - Anchor,Electrical-Panel Accessories,Electrical,Pilot Lamp Green LED 230V - Anchor,NOS,85,85,85,18,Bengaluru,Karnataka,admin_manual,TRUE
MAT-000587,MAT-000587,MAT-000587,Pilot Lamp Green LED 230V - Havells,Pilot Lamp Green LED 230V - Havells,Electrical-Panel Accessories,Electrical,Pilot Lamp Green LED 230V - Havells,NOS,85,85,85,18,Bengaluru,Karnataka,admin_manual,TRUE
MAT-000588,MAT-000588,MAT-000588,Pilot Lamp Green LED 230V - Legrand,Pilot Lamp Green LED 230V - Legrand,Electrical-Panel Accessories,Electrical,Pilot Lamp Green LED 230V - Legrand,NOS,85,85,85,18,Bengaluru,Karnataka,admin_manual,TRUE
MAT-000586,MAT-000586,MAT-000586,Pilot Lamp Green LED 230V - Schneider,Pilot Lamp Green LED 230V - Schneider,Electrical-Panel Accessories,Electrical,Pilot Lamp Green LED 230V - Schneider,NOS,85,85,85,18,Bengaluru,Karnataka,admin_manual,TRUE
MAT-000569,MAT-000569,MAT-000569,Push Button NO Red - Anchor,Push Button NO Red - Anchor,Electrical-Panel Accessories,Electrical,Push Button NO Red - Anchor,NOS,65,65,65,18,Bengaluru,Karnataka,admin_manual,TRUE
MAT-000567,MAT-000567,MAT-000567,Push Button NO Red - Havells,Push Button NO Red - Havells,Electrical-Panel Accessories,Electrical,Push Button NO Red - Havells,NOS,65,65,65,18,Bengaluru,Karnataka,admin_manual,TRUE
MAT-000568,MAT-000568,MAT-000568,Push Button NO Red - Legrand,Push Button NO Red - Legrand,Electrical-Panel Accessories,Electrical,Push Button NO Red - Legrand,NOS,65,65,65,18,Bengaluru,Karnataka,admin_manual,TRUE
MAT-000566,MAT-000566,MAT-000566,Push Button NO Red - Schneider,Push Button NO Red - Schneider,Electrical-Panel Accessories,Electrical,Push Button NO Red - Schneider,NOS,65,65,65,18,Bengaluru,Karnataka,admin_manual,TRUE
MAT-000694,MAT-000694,MAT-000694,Bell Push Switch - Anchor,Bell Push Switch - Anchor,Electrical-Switches &Sockets,Switch,Bell Push Switch - Anchor,NOS,38,38,38,18,Bengaluru,Karnataka,admin_manual,TRUE
MAT-000695,MAT-000695,MAT-000695,Bell Push Switch - GM,Bell Push Switch - GM,Electrical-Switches &Sockets,Switch,Bell Push Switch - GM,NOS,38,38,38,18,Bengaluru,Karnataka,admin_manual,TRUE
MAT-000696,MAT-000696,MAT-000696,Bell Push Switch - Legrand,Bell Push Switch - Legrand,Electrical-Switches &Sockets,Switch,Bell Push Switch - Legrand,NOS,38,38,38,18,Bengaluru,Karnataka,admin_manual,TRUE
MAT-000706,MAT-000706,MAT-000706,Bell Switch with Neon - Anchor,Bell Switch with Neon - Anchor,Electrical-Switches &Sockets,Switch,Bell Switch with Neon - Anchor,NOS,58,58,58,18,Bengaluru,Karnataka,admin_manual,TRUE
MAT-000707,MAT-000707,MAT-000707,Bell Switch with Neon - GM,Bell Switch with Neon - GM,Electrical-Switches &Sockets,Switch,Bell Switch with Neon - GM,NOS,58,58,58,18,Bengaluru,Karnataka,admin_manual,TRUE
MAT-000708,MAT-000708,MAT-000708,Bell Switch with Neon - Legrand,Bell Switch with Neon - Legrand,Electrical-Switches &Sockets,Switch,Bell Switch with Neon - Legrand,NOS,58,58,58,18,Bengaluru,Karnataka,admin_manual,TRUE
MAT-000697,MAT-000697,MAT-000697,Dimmer Switch 100W - Anchor,Dimmer Switch 100W - Anchor,Electrical-Switches &Sockets,Switch,Dimmer Switch 100W - Anchor,NOS,65,65,65,18,Bengaluru,Karnataka,admin_manual,TRUE
MAT-000698,MAT-000698,MAT-000698,Dimmer Switch 100W - GM,Dimmer Switch 100W - GM,Electrical-Switches &Sockets,Switch,Dimmer Switch 100W - GM,NOS,65,65,65,18,Bengaluru,Karnataka,admin_manual,TRUE
MAT-000699,MAT-000699,MAT-000699,Dimmer Switch 100W - Legrand,Dimmer Switch 100W - Legrand,Electrical-Switches &Sockets,Switch,Dimmer Switch 100W - Legrand,NOS,65,65,65,18,Bengaluru,Karnataka,admin_manual,TRUE
MAT-000703,MAT-000703,MAT-000703,Fan Dimmer Rotary 100W - Anchor,Fan Dimmer Rotary 100W - Anchor,Electrical-Switches &Sockets,Electrical,Fan Dimmer Rotary 100W - Anchor,NOS,125,125,125,18,Bengaluru,Karnataka,admin_manual,TRUE
MAT-000704,MAT-000704,MAT-000704,Fan Dimmer Rotary 100W - GM,Fan Dimmer Rotary 100W - GM,Electrical-Switches &Sockets,Electrical,Fan Dimmer Rotary 100W - GM,NOS,125,125,125,18,Bengaluru,Karnataka,admin_manual,TRUE
MAT-000705,MAT-000705,MAT-000705,Fan Dimmer Rotary 100W - Legrand,Fan Dimmer Rotary 100W - Legrand,Electrical-Switches &Sockets,Electrical,Fan Dimmer Rotary 100W - Legrand,NOS,125,125,125,18,Bengaluru,Karnataka,admin_manual,TRUE
MAT-000700,MAT-000700,MAT-000700,Light Dimmer Rotary 400W - Anchor,Light Dimmer Rotary 400W - Anchor,Electrical-Switches &Sockets,Electrical,Light Dimmer Rotary 400W - Anchor,NOS,145,145,145,18,Bengaluru,Karnataka,admin_manual,TRUE
MAT-000701,MAT-000701,MAT-000701,Light Dimmer Rotary 400W - GM,Light Dimmer Rotary 400W - GM,Electrical-Switches &Sockets,Electrical,Light Dimmer Rotary 400W - GM,NOS,145,145,145,18,Bengaluru,Karnataka,admin_manual,TRUE
MAT-000702,MAT-000702,MAT-000702,Light Dimmer Rotary 400W - Legrand,Light Dimmer Rotary 400W - Legrand,Electrical-Switches &Sockets,Electrical,Light Dimmer Rotary 400W - Legrand,NOS,145,145,145,18,Bengaluru,Karnataka,admin_manual,TRUE
MAT-000689,MAT-000689,MAT-000689,Modular Socket 5-Pin - Anchor,Modular Socket 5-Pin - Anchor,Electrical-Switches &Sockets,Socket,Modular Socket 5-Pin - Anchor,NOS,55,55,55,18,Bengaluru,Karnataka,admin_manual,TRUE
MAT-000690,MAT-000690,MAT-000690,Modular Socket 5-Pin - GM,Modular Socket 5-Pin - GM,Electrical-Switches &Sockets,Socket,Modular Socket 5-Pin - GM,NOS,55,55,55,18,Bengaluru,Karnataka,admin_manual,TRUE
MAT-000692,MAT-000692,MAT-000692,Modular Socket 5-Pin - Havells,Modular Socket 5-Pin - Havells,Electrical-Switches &Sockets,Socket,Modular Socket 5-Pin - Havells,NOS,55,55,55,18,Bengaluru,Karnataka,admin_manual,TRUE
MAT-000691,MAT-000691,MAT-000691,Modular Socket 5-Pin - Legrand,Modular Socket 5-Pin - Legrand,Electrical-Switches &Sockets,Socket,Modular Socket 5-Pin - Legrand,NOS,55,55,55,18,Bengaluru,Karnataka,admin_manual,TRUE
MAT-000693,MAT-000693,MAT-000693,Modular Socket 5-Pin - Schneider,Modular Socket 5-Pin - Schneider,Electrical-Switches &Sockets,Socket,Modular Socket 5-Pin - Schneider,NOS,55,55,55,18,Bengaluru,Karnataka,admin_manual,TRUE
MAT-000684,MAT-000684,MAT-000684,Modular Switch 6A - Anchor,Modular Switch 6A - Anchor,Electrical-Switches &Sockets,Switch,Modular Switch 6A - Anchor,NOS,45,45,45,18,Bengaluru,Karnataka,admin_manual,TRUE
MAT-000685,MAT-000685,MAT-000685,Modular Switch 6A - GM,Modular Switch 6A - GM,Electrical-Switches &Sockets,Switch,Modular Switch 6A - GM,NOS,45,45,45,18,Bengaluru,Karnataka,admin_manual,TRUE
MAT-000687,MAT-000687,MAT-000687,Modular Switch 6A - Havells,Modular Switch 6A - Havells,Electrical-Switches &Sockets,Switch,Modular Switch 6A - Havells,NOS,45,45,45,18,Bengaluru,Karnataka,admin_manual,TRUE
MAT-000686,MAT-000686,MAT-000686,Modular Switch 6A - Legrand,Modular Switch 6A - Legrand,Electrical-Switches &Sockets,Switch,Modular Switch 6A - Legrand,NOS,45,45,45,18,Bengaluru,Karnataka,admin_manual,TRUE
MAT-000688,MAT-000688,MAT-000688,Modular Switch 6A - Schneider,Modular Switch 6A - Schneider,Electrical-Switches &Sockets,Switch,Modular Switch 6A - Schneider,NOS,45,45,45,18,Bengaluru,Karnataka,admin_manual,TRUE
MAT-000709,MAT-000709,MAT-000709,Switch 2-Way 6A - Anchor,Switch 2-Way 6A - Anchor,Electrical-Switches &Sockets,Switch,Switch 2-Way 6A - Anchor,NOS,42,42,42,18,Bengaluru,Karnataka,admin_manual,TRUE
MAT-000710,MAT-000710,MAT-000710,Switch 2-Way 6A - GM,Switch 2-Way 6A - GM,Electrical-Switches &Sockets,Switch,Switch 2-Way 6A - GM,NOS,42,42,42,18,Bengaluru,Karnataka,admin_manual,TRUE
MAT-000711,MAT-000711,MAT-000711,Switch 2-Way 6A - Legrand,Switch 2-Way 6A - Legrand,Electrical-Switches &Sockets,Switch,Switch 2-Way 6A - Legrand,NOS,42,42,42,18,Bengaluru,Karnataka,admin_manual,TRUE
MAT-000712,MAT-000712,MAT-000712,Changeover Switch 32A DP - Anchor,Changeover Switch 32A DP - Anchor,Electrical-Switchgear,Switch,Changeover Switch 32A DP - Anchor,NOS,420,420,420,18,Bengaluru,Karnataka,admin_manual,TRUE
MAT-000713,MAT-000713,MAT-000713,Changeover Switch 32A DP - GM,Changeover Switch 32A DP - GM,Electrical-Switchgear,Switch,Changeover Switch 32A DP - GM,NOS,420,420,420,18,Bengaluru,Karnataka,admin_manual,TRUE
MAT-000715,MAT-000715,MAT-000715,Changeover Switch 32A DP - Havells,Changeover Switch 32A DP - Havells,Electrical-Switchgear,Switch,Changeover Switch 32A DP - Havells,NOS,420,420,420,18,Bengaluru,Karnataka,admin_manual,TRUE
MAT-000714,MAT-000714,MAT-000714,Changeover Switch 32A DP - Legrand,Changeover Switch 32A DP - Legrand,Electrical-Switchgear,Switch,Changeover Switch 32A DP - Legrand,NOS,420,420,420,18,Bengaluru,Karnataka,admin_manual,TRUE
MAT-000716,MAT-000716,MAT-000716,Changeover Switch 32A DP - Schneider,Changeover Switch 32A DP - Schneider,Electrical-Switchgear,Switch,Changeover Switch 32A DP - Schneider,NOS,420,420,420,18,Bengaluru,Karnataka,admin_manual,TRUE
MAT-000725,MAT-000725,MAT-000725,Industrial Isolator 100A 4P - Anchor,Industrial Isolator 100A 4P - Anchor,Electrical-Switchgear,Isolator,Industrial Isolator 100A 4P - Anchor,NOS,880,880,880,18,Bengaluru,Karnataka,admin_manual,TRUE
MAT-000723,MAT-000723,MAT-000723,Industrial Isolator 100A 4P - Havells,Industrial Isolator 100A 4P - Havells,Electrical-Switchgear,Isolator,Industrial Isolator 100A 4P - Havells,NOS,880,880,880,18,Bengaluru,Karnataka,admin_manual,TRUE
MAT-000724,MAT-000724,MAT-000724,Industrial Isolator 100A 4P - Legrand,Industrial Isolator 100A 4P - Legrand,Electrical-Switchgear,Isolator,Industrial Isolator 100A 4P - Legrand,NOS,880,880,880,18,Bengaluru,Karnataka,admin_manual,TRUE
MAT-000722,MAT-000722,MAT-000722,Industrial Isolator 100A 4P - Schneider,Industrial Isolator 100A 4P - Schneider,Electrical-Switchgear,Isolator,Industrial Isolator 100A 4P - Schneider,NOS,880,880,880,18,Bengaluru,Karnataka,admin_manual,TRUE
MAT-000733,MAT-000733,MAT-000733,Limit Switch Roller Lever - Anchor,Limit Switch Roller Lever - Anchor,Electrical-Switchgear,Switch,Limit Switch Roller Lever - Anchor,NOS,280,280,280,18,Bengaluru,Karnataka,admin_manual,TRUE
MAT-000731,MAT-000731,MAT-000731,Limit Switch Roller Lever - Havells,Limit Switch Roller Lever - Havells,Electrical-Switchgear,Switch,Limit Switch Roller Lever - Havells,NOS,280,280,280,18,Bengaluru,Karnataka,admin_manual,TRUE
MAT-000732,MAT-000732,MAT-000732,Limit Switch Roller Lever - Legrand,Limit Switch Roller Lever - Legrand,Electrical-Switchgear,Switch,Limit Switch Roller Lever - Legrand,NOS,280,280,280,18,Bengaluru,Karnataka,admin_manual,TRUE
MAT-000730,MAT-000730,MAT-000730,Limit Switch Roller Lever - Schneider,Limit Switch Roller Lever - Schneider,Electrical-Switchgear,Switch,Limit Switch Roller Lever - Schneider,NOS,280,280,280,18,Bengaluru,Karnataka,admin_manual,TRUE
MAT-000717,MAT-000717,MAT-000717,Main Switch 32A DP - Anchor,Main Switch 32A DP - Anchor,Electrical-Switchgear,Switch,Main Switch 32A DP - Anchor,NOS,480,480,480,18,Bengaluru,Karnataka,admin_manual,TRUE
MAT-000718,MAT-000718,MAT-000718,Main Switch 32A DP - GM,Main Switch 32A DP - GM,Electrical-Switchgear,Switch,Main Switch 32A DP - GM,NOS,480,480,480,18,Bengaluru,Karnataka,admin_manual,TRUE
MAT-000720,MAT-000720,MAT-000720,Main Switch 32A DP - Havells,Main Switch 32A DP - Havells,Electrical-Switchgear,Switch,Main Switch 32A DP - Havells,NOS,480,480,480,18,Bengaluru,Karnataka,admin_manual,TRUE
MAT-000719,MAT-000719,MAT-000719,Main Switch 32A DP - Legrand,Main Switch 32A DP - Legrand,Electrical-Switchgear,Switch,Main Switch 32A DP - Legrand,NOS,480,480,480,18,Bengaluru,Karnataka,admin_manual,TRUE
MAT-000721,MAT-000721,MAT-000721,Main Switch 32A DP - Schneider,Main Switch 32A DP - Schneider,Electrical-Switchgear,Switch,Main Switch 32A DP - Schneider,NOS,480,480,480,18,Bengaluru,Karnataka,admin_manual,TRUE
MAT-000729,MAT-000729,MAT-000729,Motor Starter 10HP DOL - Anchor,Motor Starter 10HP DOL - Anchor,Electrical-Switchgear,Electrical,Motor Starter 10HP DOL - Anchor,NOS,2150,2150,2150,18,Bengaluru,Karnataka,admin_manual,TRUE
MAT-000727,MAT-000727,MAT-000727,Motor Starter 10HP DOL - Havells,Motor Starter 10HP DOL - Havells,Electrical-Switchgear,Electrical,Motor Starter 10HP DOL - Havells,NOS,2150,2150,2150,18,Bengaluru,Karnataka,admin_manual,TRUE
MAT-000728,MAT-000728,MAT-000728,Motor Starter 10HP DOL - Legrand,Motor Starter 10HP DOL - Legrand,Electrical-Switchgear,Electrical,Motor Starter 10HP DOL - Legrand,NOS,2150,2150,2150,18,Bengaluru,Karnataka,admin_manual,TRUE
MAT-000726,MAT-000726,MAT-000726,Motor Starter 10HP DOL - Schneider,Motor Starter 10HP DOL - Schneider,Electrical-Switchgear,Electrical,Motor Starter 10HP DOL - Schneider,NOS,2150,2150,2150,18,Bengaluru,Karnataka,admin_manual,TRUE
MAT-000737,MAT-000737,MAT-000737,Power Contactor 25A 3P - Anchor,Power Contactor 25A 3P - Anchor,Electrical-Switchgear,Electrical,Power Contactor 25A 3P - Anchor,NOS,740,740,740,18,Bengaluru,Karnataka,admin_manual,TRUE
MAT-000735,MAT-000735,MAT-000735,Power Contactor 25A 3P - Havells,Power Contactor 25A 3P - Havells,Electrical-Switchgear,Electrical,Power Contactor 25A 3P - Havells,NOS,740,740,740,18,Bengaluru,Karnataka,admin_manual,TRUE
MAT-000736,MAT-000736,MAT-000736,Power Contactor 25A 3P - Legrand,Power Contactor 25A 3P - Legrand,Electrical-Switchgear,Electrical,Power Contactor 25A 3P - Legrand,NOS,740,740,740,18,Bengaluru,Karnataka,admin_manual,TRUE
MAT-000734,MAT-000734,MAT-000734,Power Contactor 25A 3P - Schneider,Power Contactor 25A 3P - Schneider,Electrical-Switchgear,Electrical,Power Contactor 25A 3P - Schneider,NOS,740,740,740,18,Bengaluru,Karnataka,admin_manual,TRUE
MAT-000741,MAT-000741,MAT-000741,Selector Switch 2-Position - Anchor,Selector Switch 2-Position - Anchor,Electrical-Switchgear,Switch,Selector Switch 2-Position - Anchor,NOS,120,120,120,18,Bengaluru,Karnataka,admin_manual,TRUE
MAT-000739,MAT-000739,MAT-000739,Selector Switch 2-Position - Havells,Selector Switch 2-Position - Havells,Electrical-Switchgear,Switch,Selector Switch 2-Position - Havells,NOS,120,120,120,18,Bengaluru,Karnataka,admin_manual,TRUE
MAT-000740,MAT-000740,MAT-000740,Selector Switch 2-Position - Legrand,Selector Switch 2-Position - Legrand,Electrical-Switchgear,Switch,Selector Switch 2-Position - Legrand,NOS,120,120,120,18,Bengaluru,Karnataka,admin_manual,TRUE
MAT-000738,MAT-000738,MAT-000738,Selector Switch 2-Position - Schneider,Selector Switch 2-Position - Schneider,Electrical-Switchgear,Switch,Selector Switch 2-Position - Schneider,NOS,120,120,120,18,Bengaluru,Karnataka,admin_manual,TRUE
MAT-000745,MAT-000745,MAT-000745,Control Transformer 230V/24V 100VA - Anchor,Control Transformer 230V/24V 100VA - Anchor,Electrical-Transformers,Electrical,Control Transformer 230V/24V 100VA - Anchor,NOS,620,620,620,18,Bengaluru,Karnataka,admin_manual,TRUE
MAT-000743,MAT-000743,MAT-000743,Control Transformer 230V/24V 100VA - Havells,Control Transformer 230V/24V 100VA - Havells,Electrical-Transformers,Electrical,Control Transformer 230V/24V 100VA - Havells,NOS,620,620,620,18,Bengaluru,Karnataka,admin_manual,TRUE
MAT-000744,MAT-000744,MAT-000744,Control Transformer 230V/24V 100VA - Legrand,Control Transformer 230V/24V 100VA - Legrand,Electrical-Transformers,Electrical,Control Transformer 230V/24V 100VA - Legrand,NOS,620,620,620,18,Bengaluru,Karnataka,admin_manual,TRUE
MAT-000742,MAT-000742,MAT-000742,Control Transformer 230V/24V 100VA - Schneider,Control Transformer 230V/24V 100VA - Schneider,Electrical-Transformers,Electrical,Control Transformer 230V/24V 100VA - Schneider,NOS,620,620,620,18,Bengaluru,Karnataka,admin_manual,TRUE
MAT-000759,MAT-000759,MAT-000759,FR Wire 1.0 sqmm - Finolex,FR Wire 1.0 sqmm - Finolex,Electrical-Wires,Wire,FR Wire 1.0 sqmm - Finolex,M,12,12,12,18,Bengaluru,Karnataka,admin_manual,TRUE
MAT-000761,MAT-000761,MAT-000761,FR Wire 1.0 sqmm - Havells,FR Wire 1.0 sqmm - Havells,Electrical-Wires,Wire,FR Wire 1.0 sqmm - Havells,M,12,12,12,18,Bengaluru,Karnataka,admin_manual,TRUE
MAT-000760,MAT-000760,MAT-000760,FR Wire 1.0 sqmm - Polycab,FR Wire 1.0 sqmm - Polycab,Electrical-Wires,Wire,FR Wire 1.0 sqmm - Polycab,M,12,12,12,18,Bengaluru,Karnataka,admin_manual,TRUE
MAT-000749,MAT-000749,MAT-000749,FR Wire 1.5 sqmm - Anchor,FR Wire 1.5 sqmm - Anchor,Electrical-Wires,Wire,FR Wire 1.5 sqmm - Anchor,M,18,18,18,18,Bengaluru,Karnataka,admin_manual,TRUE
MAT-000746,MAT-000746,MAT-000746,FR Wire 1.5 sqmm - Finolex,FR Wire 1.5 sqmm - Finolex,Electrical-Wires,Wire,FR Wire 1.5 sqmm - Finolex,M,18,18,18,18,Bengaluru,Karnataka,admin_manual,TRUE
MAT-000748,MAT-000748,MAT-000748,FR Wire 1.5 sqmm - Havells,FR Wire 1.5 sqmm - Havells,Electrical-Wires,Wire,FR Wire 1.5 sqmm - Havells,M,18,18,18,18,Bengaluru,Karnataka,admin_manual,TRUE
MAT-000747,MAT-000747,MAT-000747,FR Wire 1.5 sqmm - Polycab,FR Wire 1.5 sqmm - Polycab,Electrical-Wires,Wire,FR Wire 1.5 sqmm - Polycab,M,18,18,18,18,Bengaluru,Karnataka,admin_manual,TRUE
MAT-000763,MAT-000763,MAT-000763,FR Wire 1.5 sqmm Blue - Polycab,FR Wire 1.5 sqmm Blue - Polycab,Electrical-Wires,Wire,FR Wire 1.5 sqmm Blue - Polycab,M,14,14,14,18,Bengaluru,Karnataka,admin_manual,TRUE
MAT-000762,MAT-000762,MAT-000762,FR Wire 1.5 sqmm Red - Finolex,FR Wire 1.5 sqmm Red - Finolex,Electrical-Wires,Wire,FR Wire 1.5 sqmm Red - Finolex,M,14,14,14,18,Bengaluru,Karnataka,admin_manual,TRUE
MAT-000764,MAT-000764,MAT-000764,FR Wire 1.5 sqmm Yellow - Havells,FR Wire 1.5 sqmm Yellow - Havells,Electrical-Wires,Wire,FR Wire 1.5 sqmm Yellow - Havells,M,14,14,14,18,Bengaluru,Karnataka,admin_manual,TRUE
MAT-000753,MAT-000753,MAT-000753,FR Wire 2.5 sqmm - Anchor,FR Wire 2.5 sqmm - Anchor,Electrical-Wires,Wire,FR Wire 2.5 sqmm - Anchor,M,28,28,28,18,Bengaluru,Karnataka,admin_manual,TRUE
MAT-000750,MAT-000750,MAT-000750,FR Wire 2.5 sqmm - Finolex,FR Wire 2.5 sqmm - Finolex,Electrical-Wires,Wire,FR Wire 2.5 sqmm - Finolex,M,28,28,28,18,Bengaluru,Karnataka,admin_manual,TRUE
MAT-000752,MAT-000752,MAT-000752,FR Wire 2.5 sqmm - Havells,FR Wire 2.5 sqmm - Havells,Electrical-Wires,Wire,FR Wire 2.5 sqmm - Havells,M,28,28,28,18,Bengaluru,Karnataka,admin_manual,TRUE
MAT-000751,MAT-000751,MAT-000751,FR Wire 2.5 sqmm - Polycab,FR Wire 2.5 sqmm - Polycab,Electrical-Wires,Wire,FR Wire 2.5 sqmm - Polycab,M,28,28,28,18,Bengaluru,Karnataka,admin_manual,TRUE
MAT-000766,MAT-000766,MAT-000766,FRLS Wire 2.5 sqmm Black - Polycab,FRLS Wire 2.5 sqmm Black - Polycab,Electrical-Wires,Wire,FRLS Wire 2.5 sqmm Black - Polycab,M,22,22,22,18,Bengaluru,Karnataka,admin_manual,TRUE
MAT-000765,MAT-000765,MAT-000765,FRLS Wire 2.5 sqmm Green - Finolex,FRLS Wire 2.5 sqmm Green - Finolex,Electrical-Wires,Wire,FRLS Wire 2.5 sqmm Green - Finolex,M,22,22,22,18,Bengaluru,Karnataka,admin_manual,TRUE
MAT-000767,MAT-000767,MAT-000767,FRLS Wire 2.5 sqmm Grey - Havells,FRLS Wire 2.5 sqmm Grey - Havells,Electrical-Wires,Wire,FRLS Wire 2.5 sqmm Grey - Havells,M,22,22,22,18,Bengaluru,Karnataka,admin_manual,TRUE
MAT-000756,MAT-000756,MAT-000756,Speaker Wire 2-Core 0.5 sqmm - Anchor,Speaker Wire 2-Core 0.5 sqmm - Anchor,Electrical-Wires,Wire,Speaker Wire 2-Core 0.5 sqmm - Anchor,M,14,14,14,18,Bengaluru,Karnataka,admin_manual,TRUE
MAT-000754,MAT-000754,MAT-000754,Speaker Wire 2-Core 0.5 sqmm - Finolex,Speaker Wire 2-Core 0.5 sqmm - Finolex,Electrical-Wires,Wire,Speaker Wire 2-Core 0.5 sqmm - Finolex,M,14,14,14,18,Bengaluru,Karnataka,admin_manual,TRUE
MAT-000757,MAT-000757,MAT-000757,Speaker Wire 2-Core 0.5 sqmm - Havells,Speaker Wire 2-Core 0.5 sqmm - Havells,Electrical-Wires,Wire,Speaker Wire 2-Core 0.5 sqmm - Havells,M,14,14,14,18,Bengaluru,Karnataka,admin_manual,TRUE
MAT-000758,MAT-000758,MAT-000758,Speaker Wire 2-Core 0.5 sqmm - Legrand,Speaker Wire 2-Core 0.5 sqmm - Legrand,Electrical-Wires,Wire,Speaker Wire 2-Core 0.5 sqmm - Legrand,M,14,14,14,18,Bengaluru,Karnataka,admin_manual,TRUE
MAT-000755,MAT-000755,MAT-000755,Speaker Wire 2-Core 0.5 sqmm - Polycab,Speaker Wire 2-Core 0.5 sqmm - Polycab,Electrical-Wires,Wire,Speaker Wire 2-Core 0.5 sqmm - Polycab,M,14,14,14,18,Bengaluru,Karnataka,admin_manual,TRUE
MAT-000598,MAT-000598,MAT-000598,Motor Control Center 4-Feeder - Anchor,Motor Control Center 4-Feeder - Anchor,Electricals - Panels,Electrical,Motor Control Center 4-Feeder - Anchor,NOS,6850,6850,6850,18,Bengaluru,Karnataka,admin_manual,TRUE
MAT-000596,MAT-000596,MAT-000596,Motor Control Center 4-Feeder - Havells,Motor Control Center 4-Feeder - Havells,Electricals - Panels,Electrical,Motor Control Center 4-Feeder - Havells,NOS,6850,6850,6850,18,Bengaluru,Karnataka,admin_manual,TRUE
MAT-000597,MAT-000597,MAT-000597,Motor Control Center 4-Feeder - Legrand,Motor Control Center 4-Feeder - Legrand,Electricals - Panels,Electrical,Motor Control Center 4-Feeder - Legrand,NOS,6850,6850,6850,18,Bengaluru,Karnataka,admin_manual,TRUE
MAT-000595,MAT-000595,MAT-000595,Motor Control Center 4-Feeder - Schneider,Motor Control Center 4-Feeder - Schneider,Electricals - Panels,Electrical,Motor Control Center 4-Feeder - Schneider,NOS,6850,6850,6850,18,Bengaluru,Karnataka,admin_manual,TRUE
MAT-000590,MAT-000590,MAT-000590,Panel Board 4-Way SPN - Anchor,Panel Board 4-Way SPN - Anchor,Electricals - Panels,Electrical,Panel Board 4-Way SPN - Anchor,NOS,950,950,950,18,Bengaluru,Karnataka,admin_manual,TRUE
MAT-000591,MAT-000591,MAT-000591,Panel Board 4-Way SPN - GM,Panel Board 4-Way SPN - GM,Electricals - Panels,Electrical,Panel Board 4-Way SPN - GM,NOS,950,950,950,18,Bengaluru,Karnataka,admin_manual,TRUE
MAT-000593,MAT-000593,MAT-000593,Panel Board 4-Way SPN - Havells,Panel Board 4-Way SPN - Havells,Electricals - Panels,Electrical,Panel Board 4-Way SPN - Havells,NOS,950,950,950,18,Bengaluru,Karnataka,admin_manual,TRUE
MAT-000592,MAT-000592,MAT-000592,Panel Board 4-Way SPN - Legrand,Panel Board 4-Way SPN - Legrand,Electricals - Panels,Electrical,Panel Board 4-Way SPN - Legrand,NOS,950,950,950,18,Bengaluru,Karnataka,admin_manual,TRUE
MAT-000594,MAT-000594,MAT-000594,Panel Board 4-Way SPN - Schneider,Panel Board 4-Way SPN - Schneider,Electricals - Panels,Electrical,Panel Board 4-Way SPN - Schneider,NOS,950,950,950,18,Bengaluru,Karnataka,admin_manual,TRUE
MAT-000604,MAT-000604,MAT-000604,Fan Regulator Electronic - Anchor,Fan Regulator Electronic - Anchor,Electricals-Regulators,Fan Regulator,Fan Regulator Electronic - Anchor,NOS,95,95,95,18,Bengaluru,Karnataka,admin_manual,TRUE
MAT-000605,MAT-000605,MAT-000605,Fan Regulator Electronic - GM,Fan Regulator Electronic - GM,Electricals-Regulators,Fan Regulator,Fan Regulator Electronic - GM,NOS,95,95,95,18,Bengaluru,Karnataka,admin_manual,TRUE
MAT-000606,MAT-000606,MAT-000606,Fan Regulator Electronic - Legrand,Fan Regulator Electronic - Legrand,Electricals-Regulators,Fan Regulator,Fan Regulator Electronic - Legrand,NOS,95,95,95,18,Bengaluru,Karnataka,admin_manual,TRUE
MAT-000599,MAT-000599,MAT-000599,Fan Regulator Step Type - Anchor,Fan Regulator Step Type - Anchor,Electricals-Regulators,Fan Regulator,Fan Regulator Step Type - Anchor,NOS,85,85,85,18,Bengaluru,Karnataka,admin_manual,TRUE
MAT-000600,MAT-000600,MAT-000600,Fan Regulator Step Type - GM,Fan Regulator Step Type - GM,Electricals-Regulators,Fan Regulator,Fan Regulator Step Type - GM,NOS,85,85,85,18,Bengaluru,Karnataka,admin_manual,TRUE
MAT-000602,MAT-000602,MAT-000602,Fan Regulator Step Type - Havells,Fan Regulator Step Type - Havells,Electricals-Regulators,Fan Regulator,Fan Regulator Step Type - Havells,NOS,85,85,85,18,Bengaluru,Karnataka,admin_manual,TRUE
MAT-000601,MAT-000601,MAT-000601,Fan Regulator Step Type - Legrand,Fan Regulator Step Type - Legrand,Electricals-Regulators,Fan Regulator,Fan Regulator Step Type - Legrand,NOS,85,85,85,18,Bengaluru,Karnataka,admin_manual,TRUE
MAT-000603,MAT-000603,MAT-000603,Fan Regulator Step Type - Schneider,Fan Regulator Step Type - Schneider,Electricals-Regulators,Fan Regulator,Fan Regulator Step Type - Schneider,NOS,85,85,85,18,Bengaluru,Karnataka,admin_manual,TRUE
MAT-000610,MAT-000610,MAT-000610,Industrial Relay 230V 2CO - Anchor,Industrial Relay 230V 2CO - Anchor,Electricals-Relays,Electrical,Industrial Relay 230V 2CO - Anchor,NOS,320,320,320,18,Bengaluru,Karnataka,admin_manual,TRUE
MAT-000608,MAT-000608,MAT-000608,Industrial Relay 230V 2CO - Havells,Industrial Relay 230V 2CO - Havells,Electricals-Relays,Electrical,Industrial Relay 230V 2CO - Havells,NOS,320,320,320,18,Bengaluru,Karnataka,admin_manual,TRUE
MAT-000609,MAT-000609,MAT-000609,Industrial Relay 230V 2CO - Legrand,Industrial Relay 230V 2CO - Legrand,Electricals-Relays,Electrical,Industrial Relay 230V 2CO - Legrand,NOS,320,320,320,18,Bengaluru,Karnataka,admin_manual,TRUE
MAT-000607,MAT-000607,MAT-000607,Industrial Relay 230V 2CO - Schneider,Industrial Relay 230V 2CO - Schneider,Electricals-Relays,Electrical,Industrial Relay 230V 2CO - Schneider,NOS,320,320,320,18,Bengaluru,Karnataka,admin_manual,TRUE
MAT-000614,MAT-000614,MAT-000614,Thermal Overload Relay 2.5–4A - Anchor,Thermal Overload Relay 2.5–4A - Anchor,Electricals-Relays,Electrical,Thermal Overload Relay 2.5–4A - Anchor,NOS,420,420,420,18,Bengaluru,Karnataka,admin_manual,TRUE
MAT-000612,MAT-000612,MAT-000612,Thermal Overload Relay 2.5–4A - Havells,Thermal Overload Relay 2.5–4A - Havells,Electricals-Relays,Electrical,Thermal Overload Relay 2.5–4A - Havells,NOS,420,420,420,18,Bengaluru,Karnataka,admin_manual,TRUE
MAT-000613,MAT-000613,MAT-000613,Thermal Overload Relay 2.5–4A - Legrand,Thermal Overload Relay 2.5–4A - Legrand,Electricals-Relays,Electrical,Thermal Overload Relay 2.5–4A - Legrand,NOS,420,420,420,18,Bengaluru,Karnataka,admin_manual,TRUE
MAT-000611,MAT-000611,MAT-000611,Thermal Overload Relay 2.5–4A - Schneider,Thermal Overload Relay 2.5–4A - Schneider,Electricals-Relays,Electrical,Thermal Overload Relay 2.5–4A - Schneider,NOS,420,420,420,18,Bengaluru,Karnataka,admin_manual,TRUE
MAT-000629,MAT-000629,MAT-000629,Door Bell Wired - Anchor,Door Bell Wired - Anchor,Electricals-Sitches & Sockets,Wire,Door Bell Wired - Anchor,NOS,180,180,180,18,Bengaluru,Karnataka,admin_manual,TRUE
MAT-000630,MAT-000630,MAT-000630,Door Bell Wired - GM,Door Bell Wired - GM,Electricals-Sitches & Sockets,Wire,Door Bell Wired - GM,NOS,180,180,180,18,Bengaluru,Karnataka,admin_manual,TRUE
MAT-000631,MAT-000631,MAT-000631,Door Bell Wired - Legrand,Door Bell Wired - Legrand,Electricals-Sitches & Sockets,Wire,Door Bell Wired - Legrand,NOS,180,180,180,18,Bengaluru,Karnataka,admin_manual,TRUE
MAT-000628,MAT-000628,MAT-000628,Industrial Timer 24-Hour Digital - Anchor,Industrial Timer 24-Hour Digital - Anchor,Electricals-Sitches & Sockets,Electrical,Industrial Timer 24-Hour Digital - Anchor,NOS,680,680,680,18,Bengaluru,Karnataka,admin_manual,TRUE
MAT-000626,MAT-000626,MAT-000626,Industrial Timer 24-Hour Digital - Havells,Industrial Timer 24-Hour Digital - Havells,Electricals-Sitches & Sockets,Electrical,Industrial Timer 24-Hour Digital - Havells,NOS,680,680,680,18,Bengaluru,Karnataka,admin_manual,TRUE
MAT-000627,MAT-000627,MAT-000627,Industrial Timer 24-Hour Digital - Legrand,Industrial Timer 24-Hour Digital - Legrand,Electricals-Sitches & Sockets,Electrical,Industrial Timer 24-Hour Digital - Legrand,NOS,680,680,680,18,Bengaluru,Karnataka,admin_manual,TRUE
MAT-000625,MAT-000625,MAT-000625,Industrial Timer 24-Hour Digital - Schneider,Industrial Timer 24-Hour Digital - Schneider,Electricals-Sitches & Sockets,Electrical,Industrial Timer 24-Hour Digital - Schneider,NOS,680,680,680,18,Bengaluru,Karnataka,admin_manual,TRUE
MAT-000615,MAT-000615,MAT-000615,Smart Switch 1 Module Wi-Fi - Anchor,Smart Switch 1 Module Wi-Fi - Anchor,Electricals-Sitches & Sockets,Switch,Smart Switch 1 Module Wi-Fi - Anchor,NOS,950,950,950,18,Bengaluru,Karnataka,admin_manual,TRUE
MAT-000616,MAT-000616,MAT-000616,Smart Switch 1 Module Wi-Fi - GM,Smart Switch 1 Module Wi-Fi - GM,Electricals-Sitches & Sockets,Switch,Smart Switch 1 Module Wi-Fi - GM,NOS,950,950,950,18,Bengaluru,Karnataka,admin_manual,TRUE
MAT-000618,MAT-000618,MAT-000618,Smart Switch 1 Module Wi-Fi - Havells,Smart Switch 1 Module Wi-Fi - Havells,Electricals-Sitches & Sockets,Switch,Smart Switch 1 Module Wi-Fi - Havells,NOS,950,950,950,18,Bengaluru,Karnataka,admin_manual,TRUE
MAT-000617,MAT-000617,MAT-000617,Smart Switch 1 Module Wi-Fi - Legrand,Smart Switch 1 Module Wi-Fi - Legrand,Electricals-Sitches & Sockets,Switch,Smart Switch 1 Module Wi-Fi - Legrand,NOS,950,950,950,18,Bengaluru,Karnataka,admin_manual,TRUE
MAT-000619,MAT-000619,MAT-000619,Smart Switch 1 Module Wi-Fi - Schneider,Smart Switch 1 Module Wi-Fi - Schneider,Electricals-Sitches & Sockets,Switch,Smart Switch 1 Module Wi-Fi - Schneider,NOS,950,950,950,18,Bengaluru,Karnataka,admin_manual,TRUE
MAT-000620,MAT-000620,MAT-000620,Timer Switch 24-Hour Analog - Anchor,Timer Switch 24-Hour Analog - Anchor,Electricals-Sitches & Sockets,Switch,Timer Switch 24-Hour Analog - Anchor,NOS,620,620,620,18,Bengaluru,Karnataka,admin_manual,TRUE
MAT-000621,MAT-000621,MAT-000621,Timer Switch 24-Hour Analog - GM,Timer Switch 24-Hour Analog - GM,Electricals-Sitches & Sockets,Switch,Timer Switch 24-Hour Analog - GM,NOS,620,620,620,18,Bengaluru,Karnataka,admin_manual,TRUE
MAT-000623,MAT-000623,MAT-000623,Timer Switch 24-Hour Analog - Havells,Timer Switch 24-Hour Analog - Havells,Electricals-Sitches & Sockets,Switch,Timer Switch 24-Hour Analog - Havells,NOS,620,620,620,18,Bengaluru,Karnataka,admin_manual,TRUE
MAT-000622,MAT-000622,MAT-000622,Timer Switch 24-Hour Analog - Legrand,Timer Switch 24-Hour Analog - Legrand,Electricals-Sitches & Sockets,Switch,Timer Switch 24-Hour Analog - Legrand,NOS,620,620,620,18,Bengaluru,Karnataka,admin_manual,TRUE
MAT-000624,MAT-000624,MAT-000624,Timer Switch 24-Hour Analog - Schneider,Timer Switch 24-Hour Analog - Schneider,Electricals-Sitches & Sockets,Switch,Timer Switch 24-Hour Analog - Schneider,NOS,620,620,620,18,Bengaluru,Karnataka,admin_manual,TRUE
MAT-000786,MAT-000786,MAT-000786,FRP Chamber Cover - Rectangular - 300x600mm - Medium Duty,FRP Chamber Cover - Rectangular - 300x600mm - Medium Duty,FRP-Chamber Covers,Rectangular,FRP Chamber Cover - Rectangular - 300x600mm - Medium Duty,NOS,725,725,725,18,Bengaluru,Karnataka,admin_manual,TRUE
MAT-000787,MAT-000787,MAT-000787,FRP Chamber Cover - Rectangular - 450x900mm - Heavy Duty,FRP Chamber Cover - Rectangular - 450x900mm - Heavy Duty,FRP-Chamber Covers,Rectangular,FRP Chamber Cover - Rectangular - 450x900mm - Heavy Duty,NOS,1125,1125,1125,18,Bengaluru,Karnataka,admin_manual,TRUE
MAT-000784,MAT-000784,MAT-000784,FRP Chamber Cover - Round - 450mm Dia - Medium Duty,FRP Chamber Cover - Round - 450mm Dia - Medium Duty,FRP-Chamber Covers,Round,FRP Chamber Cover - Round - 450mm Dia - Medium Duty,NOS,645,645,645,18,Bengaluru,Karnataka,admin_manual,TRUE
MAT-000785,MAT-000785,MAT-000785,FRP Chamber Cover - Round - 600mm Dia - Heavy Duty,FRP Chamber Cover - Round - 600mm Dia - Heavy Duty,FRP-Chamber Covers,Round,FRP Chamber Cover - Round - 600mm Dia - Heavy Duty,NOS,945,945,945,18,Bengaluru,Karnataka,admin_manual,TRUE
MAT-000781,MAT-000781,MAT-000781,FRP Chamber Cover - Square - 300x300mm - Medium Duty,FRP Chamber Cover - Square - 300x300mm - Medium Duty,FRP-Chamber Covers,Square,FRP Chamber Cover - Square - 300x300mm - Medium Duty,NOS,485,485,485,18,Bengaluru,Karnataka,admin_manual,TRUE
MAT-000782,MAT-000782,MAT-000782,FRP Chamber Cover - Square - 450x450mm - Medium Duty,FRP Chamber Cover - Square - 450x450mm - Medium Duty,FRP-Chamber Covers,Square,FRP Chamber Cover - Square - 450x450mm - Medium Duty,NOS,685,685,685,18,Bengaluru,Karnataka,admin_manual,TRUE
MAT-000783,MAT-000783,MAT-000783,FRP Chamber Cover - Square - 600x600mm - Heavy Duty,FRP Chamber Cover - Square - 600x600mm - Heavy Duty,FRP-Chamber Covers,Square,FRP Chamber Cover - Square - 600x600mm - Heavy Duty,NOS,985,985,985,18,Bengaluru,Karnataka,admin_manual,TRUE
COVG594794,COVG594794,COVG594794,Cove / Tray Ceiling Running Profile Work,Cove / Tray Ceiling Running Profile Work,False Ceiling BOQ,,Cove or tray ceiling running profile work,RFT,180,180,180,18,Bengaluru,Karnataka,admin_manual,TRUE
DRYG594789,DRYG594789,DRYG594789,Drywall Self-Tapping Screws (Box of 1000 pcs),Drywall Self-Tapping Screws (Box of 1000 pcs),False Ceiling BOQ,,Box of 1000 drywall self-tapping screws,BOX,250,250,250,18,Bengaluru,Karnataka,admin_manual,TRUE
FING594800,FING594800,FING594800,"Final Cleaning, Surface Protection & Finishing","Final Cleaning, Surface Protection & Finishing",False Ceiling BOQ,,"Final cleaning, surface protection and finishing",LUMP,1500,1500,1500,0,Bengaluru,Karnataka,admin_manual,TRUE
FURG594785,FURG594785,FURG594785,Furring / Intermediate Channel (0.5mm GI Section),Furring / Intermediate Channel (0.5mm GI Section),False Ceiling BOQ,,0.5mm GI furring/intermediate channel,RFT,22,22,22,18,Bengaluru,Karnataka,admin_manual,TRUE
GYPL594779,GYPL594779,GYPL594779,Gypsum Board Ceiling Work Area (Framing & Board Fixing Labour),Gypsum Board Ceiling Work Area (Framing & Board Fixing Labour),False Ceiling BOQ,,Framing and gypsum-board fixing labour,SQFT,45,45,45,0,Bengaluru,Karnataka,admin_manual,TRUE
GYPG594780,GYPG594780,GYPG594780,Gypsum Plaster Board 12.5mm (8x4 Sheet),Gypsum Plaster Board 12.5mm (8x4 Sheet),False Ceiling BOQ,,"12.5mm gypsum plaster board, 8x4 sheet",NOS,420,420,420,18,Bengaluru,Karnataka,admin_manual,TRUE
HANG594787,HANG594787,HANG594787,Hanger Rod with Fasteners & Soffit Cleats,Hanger Rod with Fasteners & Soffit Cleats,False Ceiling BOQ,,Hanger rod with fasteners and soffit cleats,NOS,35,35,35,18,Bengaluru,Karnataka,admin_manual,TRUE
JOIG594790,JOIG594790,JOIG594790,Jointing Compound / Joint Filler Paste,Jointing Compound / Joint Filler Paste,False Ceiling BOQ,,Jointing compound or joint filler paste,KG,45,45,45,18,Bengaluru,Karnataka,admin_manual,TRUE
LEDG594796,LEDG594796,LEDG594796,LED Spot Light Cutout Openings,LED Spot Light Cutout Openings,False Ceiling BOQ,,LED spotlight cutout openings,NOS,40,40,40,18,Bengaluru,Karnataka,admin_manual,TRUE
MAIG594783,MAIG594783,MAIG594783,Main Channel (0.5mm GI Section),Main Channel (0.5mm GI Section),False Ceiling BOQ,,0.5mm GI main channel,RFT,28,28,28,18,Bengaluru,Karnataka,admin_manual,TRUE
PERG594781,PERG594781,PERG594781,Perimeter Channel (0.5mm GI Section),Perimeter Channel (0.5mm GI Section),False Ceiling BOQ,,0.5mm GI perimeter channel,RFT,18,18,18,18,Bengaluru,Karnataka,admin_manual,TRUE
SELG594792,SELG594792,SELG594792,Self-Adhesive Fiber Mesh Joint Tape,Self-Adhesive Fiber Mesh Joint Tape,False Ceiling BOQ,,Self-adhesive fibre mesh joint tape,RFT,3,3,3,18,Bengaluru,Karnataka,admin_manual,TRUE
TOUG594798,TOUG594798,TOUG594798,"Touch-up Putty, Primer & 2 Coats Emulsion Paint","Touch-up Putty, Primer & 2 Coats Emulsion Paint",False Ceiling BOQ,,"Touch-up putty, primer and two coats emulsion paint",SQFT,180,180,180,18,Bengaluru,Karnataka,admin_manual,TRUE
MAT-000768,MAT-000768,MAT-000768,Ceiling Fan 1200mm - Anchor,Ceiling Fan 1200mm - Anchor,Fans,Fans,Ceiling Fan 1200mm - Anchor,NOS,1450,1450,1450,18,Bengaluru,Karnataka,admin_manual,TRUE
MAT-000769,MAT-000769,MAT-000769,Ceiling Fan 1200mm - GM,Ceiling Fan 1200mm - GM,Fans,Fans,Ceiling Fan 1200mm - GM,NOS,1450,1450,1450,18,Bengaluru,Karnataka,admin_manual,TRUE
MAT-000770,MAT-000770,MAT-000770,Ceiling Fan 1200mm - Havells,Ceiling Fan 1200mm - Havells,Fans,Fans,Ceiling Fan 1200mm - Havells,NOS,1450,1450,1450,18,Bengaluru,Karnataka,admin_manual,TRUE
MAT-000772,MAT-000772,MAT-000772,Ceiling Fan 1200mm - Legrand,Ceiling Fan 1200mm - Legrand,Fans,Fans,Ceiling Fan 1200mm - Legrand,NOS,1450,1450,1450,18,Bengaluru,Karnataka,admin_manual,TRUE
MAT-000771,MAT-000771,MAT-000771,Ceiling Fan 1200mm - Polycab,Ceiling Fan 1200mm - Polycab,Fans,Fans,Ceiling Fan 1200mm - Polycab,NOS,1450,1450,1450,18,Bengaluru,Karnataka,admin_manual,TRUE
MAT-000773,MAT-000773,MAT-000773,"Exhaust Fan 9"" - Anchor","Exhaust Fan 9"" - Anchor",Fans,Fans,"Exhaust Fan 9"" - Anchor",NOS,950,950,950,18,Bengaluru,Karnataka,admin_manual,TRUE
MAT-000774,MAT-000774,MAT-000774,"Exhaust Fan 9"" - GM","Exhaust Fan 9"" - GM",Fans,Fans,"Exhaust Fan 9"" - GM",NOS,950,950,950,18,Bengaluru,Karnataka,admin_manual,TRUE
MAT-000775,MAT-000775,MAT-000775,"Exhaust Fan 9"" - Havells","Exhaust Fan 9"" - Havells",Fans,Fans,"Exhaust Fan 9"" - Havells",NOS,950,950,950,18,Bengaluru,Karnataka,admin_manual,TRUE
MAT-000777,MAT-000777,MAT-000777,"Exhaust Fan 9"" - Legrand","Exhaust Fan 9"" - Legrand",Fans,Fans,"Exhaust Fan 9"" - Legrand",NOS,950,950,950,18,Bengaluru,Karnataka,admin_manual,TRUE
MAT-000776,MAT-000776,MAT-000776,"Exhaust Fan 9"" - Polycab","Exhaust Fan 9"" - Polycab",Fans,Fans,"Exhaust Fan 9"" - Polycab",NOS,950,950,950,18,Bengaluru,Karnataka,admin_manual,TRUE
MAT-000780,MAT-000780,MAT-000780,"Industrial Fan 18"" Heavy Duty - Anchor","Industrial Fan 18"" Heavy Duty - Anchor",Fans,"Industrial Fan 18"" Heavy Duty","Industrial Fan 18"" Heavy Duty - Anchor",NOS,1650,1650,1650,18,Bengaluru,Karnataka,admin_manual,TRUE
MAT-000778,MAT-000778,MAT-000778,"Industrial Fan 18"" Heavy Duty - Havells","Industrial Fan 18"" Heavy Duty - Havells",Fans,"Industrial Fan 18"" Heavy Duty","Industrial Fan 18"" Heavy Duty - Havells",NOS,1650,1650,1650,18,Bengaluru,Karnataka,admin_manual,TRUE
MAT-000779,MAT-000779,MAT-000779,"Industrial Fan 18"" Heavy Duty - Polycab","Industrial Fan 18"" Heavy Duty - Polycab",Fans,"Industrial Fan 18"" Heavy Duty","Industrial Fan 18"" Heavy Duty - Polycab",NOS,1650,1650,1650,18,Bengaluru,Karnataka,admin_manual,TRUE
MAT-000794,MAT-000794,MAT-000794,Bed - King Size - Box Storage - Engineered Wood,Bed - King Size - Box Storage - Engineered Wood,Furniture,King Size,Bed - King Size - Box Storage - Engineered Wood,NOS,18500,18500,18500,18,Bengaluru,Karnataka,admin_manual,TRUE
MAT-000793,MAT-000793,MAT-000793,Bed - Queen Size - Hydraulic Storage - MDF,Bed - Queen Size - Hydraulic Storage - MDF,Furniture,Queen Size,Bed - Queen Size - Hydraulic Storage - MDF,NOS,14500,14500,14500,18,Bengaluru,Karnataka,admin_manual,TRUE
MAT-000805,MAT-000805,MAT-000805,Bookshelf - 5 Tier - Open - MDF,Bookshelf - 5 Tier - Open - MDF,Furniture,Open,Bookshelf - 5 Tier - Open - MDF,NOS,3850,3850,3850,18,Bengaluru,Karnataka,admin_manual,TRUE
MAT-000802,MAT-000802,MAT-000802,Breakfast Counter - 3ft x 1.5ft - MDF,Breakfast Counter - 3ft x 1.5ft - MDF,Furniture,Breakfast Counter,Breakfast Counter - 3ft x 1.5ft - MDF,NOS,3850,3850,3850,18,Bengaluru,Karnataka,admin_manual,TRUE
MAT-000790,MAT-000790,MAT-000790,Center Table - 3ft x 2ft - Engineered Wood,Center Table - 3ft x 2ft - Engineered Wood,Furniture,Center Table,Center Table - 3ft x 2ft - Engineered Wood,NOS,3850,3850,3850,18,Bengaluru,Karnataka,admin_manual,TRUE
MAT-000806,MAT-000806,MAT-000806,Chest of Drawers - 4 Drawer - Laminate Finish,Chest of Drawers - 4 Drawer - Laminate Finish,Furniture,Laminate Finish,Chest of Drawers - 4 Drawer - Laminate Finish,NOS,4450,4450,4450,18,Bengaluru,Karnataka,admin_manual,TRUE
MAT-000801,MAT-000801,MAT-000801,Crockery Unit - 4ft Wide - Laminate Finish,Crockery Unit - 4ft Wide - Laminate Finish,Furniture,Laminate Finish,Crockery Unit - 4ft Wide - Laminate Finish,NOS,7450,7450,7450,18,Bengaluru,Karnataka,admin_manual,TRUE
MAT-000800,MAT-000800,MAT-000800,Dining Chair - Upholstered - Wooden Legs,Dining Chair - Upholstered - Wooden Legs,Furniture,Upholstered,Dining Chair - Upholstered - Wooden Legs,NOS,1850,1850,1850,18,Bengaluru,Karnataka,admin_manual,TRUE
MAT-000798,MAT-000798,MAT-000798,Dining Table - 4 Seater - Sheesham Wood,Dining Table - 4 Seater - Sheesham Wood,Furniture,Dining Table,Dining Table - 4 Seater - Sheesham Wood,NOS,9850,9850,9850,18,Bengaluru,Karnataka,admin_manual,TRUE
MAT-000799,MAT-000799,MAT-000799,Dining Table - 6 Seater - Engineered Wood,Dining Table - 6 Seater - Engineered Wood,Furniture,Dining Table,Dining Table - 6 Seater - Engineered Wood,NOS,12850,12850,12850,18,Bengaluru,Karnataka,admin_manual,TRUE
MAT-000792,MAT-000792,MAT-000792,Recliner Chair - Single Seater - Leatherette,Recliner Chair - Single Seater - Leatherette,Furniture,Single Seater,Recliner Chair - Single Seater - Leatherette,NOS,9850,9850,9850,18,Bengaluru,Karnataka,admin_manual,TRUE
MAT-000803,MAT-000803,MAT-000803,Shoe Rack - 3 Shelf - Laminate Finish,Shoe Rack - 3 Shelf - Laminate Finish,Furniture,Laminate Finish,Shoe Rack - 3 Shelf - Laminate Finish,NOS,2850,2850,2850,18,Bengaluru,Karnataka,admin_manual,TRUE
MAT-000797,MAT-000797,MAT-000797,"Side Table - 18""x18"" - Engineered Wood","Side Table - 18""x18"" - Engineered Wood",Furniture,Side Table,"Side Table - 18""x18"" - Engineered Wood",NOS,1850,1850,1850,18,Bengaluru,Karnataka,admin_manual,TRUE
MAT-000788,MAT-000788,MAT-000788,Sofa Set - 3+1+1 Seater - Fabric Upholstery,Sofa Set - 3+1+1 Seater - Fabric Upholstery,Furniture,3+1+1 Seater,Sofa Set - 3+1+1 Seater - Fabric Upholstery,NOS,24500,24500,24500,18,Bengaluru,Karnataka,admin_manual,TRUE
MAT-000789,MAT-000789,MAT-000789,Sofa Set - 3+2 Seater - Leatherette,Sofa Set - 3+2 Seater - Leatherette,Furniture,3+2 Seater,Sofa Set - 3+2 Seater - Leatherette,NOS,28500,28500,28500,18,Bengaluru,Karnataka,admin_manual,TRUE
MAT-000804,MAT-000804,MAT-000804,Study Table - 3ft Wide - Engineered Wood,Study Table - 3ft Wide - Engineered Wood,Furniture,Study Table,Study Table - 3ft Wide - Engineered Wood,NOS,3450,3450,3450,18,Bengaluru,Karnataka,admin_manual,TRUE
MAT-000791,MAT-000791,MAT-000791,TV Unit - 5ft Wide - Laminate Finish,TV Unit - 5ft Wide - Laminate Finish,Furniture,Laminate Finish,TV Unit - 5ft Wide - Laminate Finish,NOS,6450,6450,6450,18,Bengaluru,Karnataka,admin_manual,TRUE
MAT-000795,MAT-000795,MAT-000795,Wardrobe - 3 Door - Laminate Finish - 6ft Height,Wardrobe - 3 Door - Laminate Finish - 6ft Height,Furniture,Laminate Finish,Wardrobe - 3 Door - Laminate Finish - 6ft Height,NOS,12850,12850,12850,18,Bengaluru,Karnataka,admin_manual,TRUE
MAT-000796,MAT-000796,MAT-000796,Wardrobe - Sliding - 2 Door - Mirror Panel,Wardrobe - Sliding - 2 Door - Mirror Panel,Furniture,Sliding,Wardrobe - Sliding - 2 Door - Mirror Panel,NOS,15850,15850,15850,18,Bengaluru,Karnataka,admin_manual,TRUE
MAT-000829,MAT-000829,MAT-000829,GI Chamber Cover - Rectangular - 300x600mm - Medium Duty,GI Chamber Cover - Rectangular - 300x600mm - Medium Duty,GI-Chamber Covers,Rectangular,GI Chamber Cover - Rectangular - 300x600mm - Medium Duty,NOS,585,585,585,18,Bengaluru,Karnataka,admin_manual,TRUE
MAT-000830,MAT-000830,MAT-000830,GI Chamber Cover - Rectangular - 450x900mm - Heavy Duty,GI Chamber Cover - Rectangular - 450x900mm - Heavy Duty,GI-Chamber Covers,Rectangular,GI Chamber Cover - Rectangular - 450x900mm - Heavy Duty,NOS,895,895,895,18,Bengaluru,Karnataka,admin_manual,TRUE
MAT-000827,MAT-000827,MAT-000827,GI Chamber Cover - Round - 450mm Dia - Medium Duty,GI Chamber Cover - Round - 450mm Dia - Medium Duty,GI-Chamber Covers,Round,GI Chamber Cover - Round - 450mm Dia - Medium Duty,NOS,495,495,495,18,Bengaluru,Karnataka,admin_manual,TRUE
MAT-000828,MAT-000828,MAT-000828,GI Chamber Cover - Round - 600mm Dia - Heavy Duty,GI Chamber Cover - Round - 600mm Dia - Heavy Duty,GI-Chamber Covers,Round,GI Chamber Cover - Round - 600mm Dia - Heavy Duty,NOS,725,725,725,18,Bengaluru,Karnataka,admin_manual,TRUE
MAT-000824,MAT-000824,MAT-000824,GI Chamber Cover - Square - 300x300mm - Medium Duty,GI Chamber Cover - Square - 300x300mm - Medium Duty,GI-Chamber Covers,Square,GI Chamber Cover - Square - 300x300mm - Medium Duty,NOS,385,385,385,18,Bengaluru,Karnataka,admin_manual,TRUE
MAT-000825,MAT-000825,MAT-000825,GI Chamber Cover - Square - 450x450mm - Medium Duty,GI Chamber Cover - Square - 450x450mm - Medium Duty,GI-Chamber Covers,Square,GI Chamber Cover - Square - 450x450mm - Medium Duty,NOS,525,525,525,18,Bengaluru,Karnataka,admin_manual,TRUE
MAT-000826,MAT-000826,MAT-000826,GI Chamber Cover - Square - 600x600mm - Heavy Duty,GI Chamber Cover - Square - 600x600mm - Heavy Duty,GI-Chamber Covers,Square,GI Chamber Cover - Square - 600x600mm - Heavy Duty,NOS,745,745,745,18,Bengaluru,Karnataka,admin_manual,TRUE
MAT-000819,MAT-000819,MAT-000819,Cocopeat - Loose - 5kg Block,Cocopeat - Loose - 5kg Block,Garden,Loose,Cocopeat - Loose - 5kg Block,KG,95,95,95,5,Bengaluru,Karnataka,admin_manual,TRUE
MAT-000820,MAT-000820,MAT-000820,Garden Net - Green Shade - 3m x 10m,Garden Net - Green Shade - 3m x 10m,Garden,Green Shade,Garden Net - Green Shade - 3m x 10m,M,18,18,18,5,Bengaluru,Karnataka,admin_manual,TRUE
MAT-000821,MAT-000821,MAT-000821,Garden Trowel - MS Blade - Wooden Handle,Garden Trowel - MS Blade - Wooden Handle,Garden,MS Blade,Garden Trowel - MS Blade - Wooden Handle,NOS,65,65,65,5,Bengaluru,Karnataka,admin_manual,TRUE
MAT-000817,MAT-000817,MAT-000817,"Plant Pot - Hanging - 8"" Dia - Plastic","Plant Pot - Hanging - 8"" Dia - Plastic",Garden,Hanging,"Plant Pot - Hanging - 8"" Dia - Plastic",NOS,65,65,65,5,Bengaluru,Karnataka,admin_manual,TRUE
MAT-000815,MAT-000815,MAT-000815,"Plant Pot - Rectangular - 18"" x 6"" - Cement","Plant Pot - Rectangular - 18"" x 6"" - Cement",Garden,Rectangular,"Plant Pot - Rectangular - 18"" x 6"" - Cement",NOS,125,125,125,5,Bengaluru,Karnataka,admin_manual,TRUE
MAT-000816,MAT-000816,MAT-000816,"Plant Pot - Round - 10"" Dia - Ceramic","Plant Pot - Round - 10"" Dia - Ceramic",Garden,Round,"Plant Pot - Round - 10"" Dia - Ceramic",NOS,145,145,145,5,Bengaluru,Karnataka,admin_manual,TRUE
MAT-000814,MAT-000814,MAT-000814,"Plant Pot - Round - 12"" Dia - Cement","Plant Pot - Round - 12"" Dia - Cement",Garden,Round,"Plant Pot - Round - 12"" Dia - Cement",NOS,85,85,85,5,Bengaluru,Karnataka,admin_manual,TRUE
MAT-000812,MAT-000812,MAT-000812,"Plant Pot - Round - 8"" Dia - Plastic","Plant Pot - Round - 8"" Dia - Plastic",Garden,Round,"Plant Pot - Round - 8"" Dia - Plastic",NOS,45,45,45,5,Bengaluru,Karnataka,admin_manual,TRUE
MAT-000813,MAT-000813,MAT-000813,"Plant Pot - Square - 10"" x 10"" - Plastic","Plant Pot - Square - 10"" x 10"" - Plastic",Garden,Square,"Plant Pot - Square - 10"" x 10"" - Plastic",NOS,55,55,55,5,Bengaluru,Karnataka,admin_manual,TRUE
MAT-000818,MAT-000818,MAT-000818,Potting Soil - Organic Mix - 5kg Pack,Potting Soil - Organic Mix - 5kg Pack,Garden,Organic Mix,Potting Soil - Organic Mix - 5kg Pack,KG,85,85,85,5,Bengaluru,Karnataka,admin_manual,TRUE
MAT-000822,MAT-000822,MAT-000822,Pruning Shear - Steel Blade - Plastic Grip,Pruning Shear - Steel Blade - Plastic Grip,Garden,Steel Blade,Pruning Shear - Steel Blade - Plastic Grip,NOS,145,145,145,5,Bengaluru,Karnataka,admin_manual,TRUE
MAT-000807,MAT-000807,MAT-000807,Tree Guard - Circular - 4ft Height - MS Welded,Tree Guard - Circular - 4ft Height - MS Welded,Garden,Circular,Tree Guard - Circular - 4ft Height - MS Welded,NOS,485,485,485,5,Bengaluru,Karnataka,admin_manual,TRUE
MAT-000811,MAT-000811,MAT-000811,Tree Guard - Circular - 5ft Height - Plastic Coated,Tree Guard - Circular - 5ft Height - Plastic Coated,Garden,Circular,Tree Guard - Circular - 5ft Height - Plastic Coated,NOS,565,565,565,5,Bengaluru,Karnataka,admin_manual,TRUE
MAT-000809,MAT-000809,MAT-000809,Tree Guard - Circular - 6ft Height - GI Mesh,Tree Guard - Circular - 6ft Height - GI Mesh,Garden,Circular,Tree Guard - Circular - 6ft Height - GI Mesh,NOS,645,645,645,5,Bengaluru,Karnataka,admin_manual,TRUE
MAT-000808,MAT-000808,MAT-000808,Tree Guard - Square - 5ft Height - MS Welded,Tree Guard - Square - 5ft Height - MS Welded,Garden,Square,Tree Guard - Square - 5ft Height - MS Welded,NOS,525,525,525,5,Bengaluru,Karnataka,admin_manual,TRUE
MAT-000810,MAT-000810,MAT-000810,Tree Guard - Square - 6ft Height - GI Mesh,Tree Guard - Square - 6ft Height - GI Mesh,Garden,Square,Tree Guard - Square - 6ft Height - GI Mesh,NOS,685,685,685,5,Bengaluru,Karnataka,admin_manual,TRUE
MAT-000823,MAT-000823,MAT-000823,Watering Can - Plastic - 5L,Watering Can - Plastic - 5L,Garden,Plastic,Watering Can - Plastic - 5L,NOS,125,125,125,5,Bengaluru,Karnataka,admin_manual,TRUE
MAT-000831,MAT-000831,MAT-000831,Glass - Clear - Saint-Gobain - 4mm,Glass - Clear - Saint-Gobain - 4mm,Glass,Clear,Glass - Clear - Saint-Gobain - 4mm,SQFT,65,65,65,18,Bengaluru,Karnataka,admin_manual,TRUE
MAT-000832,MAT-000832,MAT-000832,Glass - Clear - Saint-Gobain - 6mm,Glass - Clear - Saint-Gobain - 6mm,Glass,Clear,Glass - Clear - Saint-Gobain - 6mm,SQFT,85,85,85,18,Bengaluru,Karnataka,admin_manual,TRUE
MAT-000833,MAT-000833,MAT-000833,Glass - Clear - Saint-Gobain - 8mm,Glass - Clear - Saint-Gobain - 8mm,Glass,Clear,Glass - Clear - Saint-Gobain - 8mm,SQFT,105,105,105,18,Bengaluru,Karnataka,admin_manual,TRUE
MAT-000834,MAT-000834,MAT-000834,Glass - Frosted - Modiguard - 4mm,Glass - Frosted - Modiguard - 4mm,Glass,Modiguard,Glass - Frosted - Modiguard - 4mm,SQFT,75,75,75,18,Bengaluru,Karnataka,admin_manual,TRUE
MAT-000835,MAT-000835,MAT-000835,Glass - Frosted - Modiguard - 6mm,Glass - Frosted - Modiguard - 6mm,Glass,Modiguard,Glass - Frosted - Modiguard - 6mm,SQFT,95,95,95,18,Bengaluru,Karnataka,admin_manual,TRUE
MAT-000842,MAT-000842,MAT-000842,Glass - Mirror - Modiguard - 5mm,Glass - Mirror - Modiguard - 5mm,Glass,Modiguard,Glass - Mirror - Modiguard - 5mm,SQFT,120,120,120,18,Bengaluru,Karnataka,admin_manual,TRUE
MAT-000841,MAT-000841,MAT-000841,Glass - Mirror - Saint-Gobain - 5mm,Glass - Mirror - Saint-Gobain - 5mm,Glass,Mirror,Glass - Mirror - Saint-Gobain - 5mm,SQFT,125,125,125,18,Bengaluru,Karnataka,admin_manual,TRUE
MAT-000837,MAT-000837,MAT-000837,Glass - Tinted - Modiguard - Grey 6mm,Glass - Tinted - Modiguard - Grey 6mm,Glass,Modiguard,Glass - Tinted - Modiguard - Grey 6mm,SQFT,110,110,110,18,Bengaluru,Karnataka,admin_manual,TRUE
MAT-000836,MAT-000836,MAT-000836,Glass - Tinted - Saint-Gobain - Bronze 6mm,Glass - Tinted - Saint-Gobain - Bronze 6mm,Glass,Tinted,Glass - Tinted - Saint-Gobain - Bronze 6mm,SQFT,105,105,105,18,Bengaluru,Karnataka,admin_manual,TRUE
MAT-000840,MAT-000840,MAT-000840,Glass - Toughened - Modiguard - 10mm,Glass - Toughened - Modiguard - 10mm,Glass,Modiguard,Glass - Toughened - Modiguard - 10mm,SQFT,185,185,185,18,Bengaluru,Karnataka,admin_manual,TRUE
MAT-000838,MAT-000838,MAT-000838,Glass - Toughened - Saint-Gobain - 6mm,Glass - Toughened - Saint-Gobain - 6mm,Glass,Toughened,Glass - Toughened - Saint-Gobain - 6mm,SQFT,145,145,145,18,Bengaluru,Karnataka,admin_manual,TRUE
MAT-000839,MAT-000839,MAT-000839,Glass - Toughened - Saint-Gobain - 8mm,Glass - Toughened - Saint-Gobain - 8mm,Glass,Toughened,Glass - Toughened - Saint-Gobain - 8mm,SQFT,165,165,165,18,Bengaluru,Karnataka,admin_manual,TRUE
MAT-000852,MAT-000852,MAT-000852,Glass Panel - Designer Printed - Kitchen Splash - Modiguard - 6mm,Glass Panel - Designer Printed - Kitchen Splash - Modiguard - 6mm,Glass,Designer Printed,Glass Panel - Designer Printed - Kitchen Splash - Modiguard - 6mm,SQFT,225,225,225,18,Bengaluru,Karnataka,admin_manual,TRUE
MAT-000853,MAT-000853,MAT-000853,Glass Panel - Designer Printed - Wardrobe Overlay - Saint-Gobain - 6mm,Glass Panel - Designer Printed - Wardrobe Overlay - Saint-Gobain - 6mm,Glass,Designer Printed,Glass Panel - Designer Printed - Wardrobe Overlay - Saint-Gobain - 6mm,SQFT,235,235,235,18,Bengaluru,Karnataka,admin_manual,TRUE
MAT-000851,MAT-000851,MAT-000851,Glass Panel - Lacquered - Black - Modiguard - 6mm,Glass Panel - Lacquered - Black - Modiguard - 6mm,Glass,Lacquered,Glass Panel - Lacquered - Black - Modiguard - 6mm,SQFT,195,195,195,18,Bengaluru,Karnataka,admin_manual,TRUE
MAT-000850,MAT-000850,MAT-000850,Glass Panel - Lacquered - White - Saint-Gobain - 6mm,Glass Panel - Lacquered - White - Saint-Gobain - 6mm,Glass,Lacquered,Glass Panel - Lacquered - White - Saint-Gobain - 6mm,SQFT,185,185,185,18,Bengaluru,Karnataka,admin_manual,TRUE
MAT-000848,MAT-000848,MAT-000848,Glass Partition - Toughened - Bronze Tinted - Saint-Gobain - 10mm,Glass Partition - Toughened - Bronze Tinted - Saint-Gobain - 10mm,Glass,Toughened,Glass Partition - Toughened - Bronze Tinted - Saint-Gobain - 10mm,SQFT,245,245,245,18,Bengaluru,Karnataka,admin_manual,TRUE
MAT-000845,MAT-000845,MAT-000845,Glass Partition - Toughened - Clear - Saint-Gobain - 10mm,Glass Partition - Toughened - Clear - Saint-Gobain - 10mm,Glass,Toughened,Glass Partition - Toughened - Clear - Saint-Gobain - 10mm,SQFT,225,225,225,18,Bengaluru,Karnataka,admin_manual,TRUE
MAT-000847,MAT-000847,MAT-000847,Glass Partition - Toughened - Fluted - Modiguard - 10mm,Glass Partition - Toughened - Fluted - Modiguard - 10mm,Glass,Toughened,Glass Partition - Toughened - Fluted - Modiguard - 10mm,SQFT,255,255,255,18,Bengaluru,Karnataka,admin_manual,TRUE
MAT-000846,MAT-000846,MAT-000846,Glass Partition - Toughened - Frosted - Modiguard - 10mm,Glass Partition - Toughened - Frosted - Modiguard - 10mm,Glass,Toughened,Glass Partition - Toughened - Frosted - Modiguard - 10mm,SQFT,235,235,235,18,Bengaluru,Karnataka,admin_manual,TRUE
MAT-000849,MAT-000849,MAT-000849,Glass Partition - Toughened - Grey Tinted - Modiguard - 10mm,Glass Partition - Toughened - Grey Tinted - Modiguard - 10mm,Glass,Toughened,Glass Partition - Toughened - Grey Tinted - Modiguard - 10mm,SQFT,250,250,250,18,Bengaluru,Karnataka,admin_manual,TRUE
MAT-000844,MAT-000844,MAT-000844,Wardrobe Shutter - Mirror - Modiguard - 7'x2.5',Wardrobe Shutter - Mirror - Modiguard - 7'x2.5',Glass,Mirror,Wardrobe Shutter - Mirror - Modiguard - 7'x2.5',NOS,2150,2150,2150,18,Bengaluru,Karnataka,admin_manual,TRUE
MAT-000843,MAT-000843,MAT-000843,Wardrobe Shutter - Mirror - Saint-Gobain - 7'x2',Wardrobe Shutter - Mirror - Saint-Gobain - 7'x2',Glass,Mirror,Wardrobe Shutter - Mirror - Saint-Gobain - 7'x2',NOS,1850,1850,1850,18,Bengaluru,Karnataka,admin_manual,TRUE
MAT-000855,MAT-000855,MAT-000855,Granite - Black Galaxy - Honed - Telangana - 18mm - Cut Size 6'x3',Granite - Black Galaxy - Honed - Telangana - 18mm - Cut Size 6'x3',Granite,Honed,Granite - Black Galaxy - Honed - Telangana - 18mm - Cut Size 6'x3',SQFT,150,150,150,5,Bengaluru,Karnataka,admin_manual,TRUE
MAT-000854,MAT-000854,MAT-000854,Granite - Black Galaxy - Polished - Telangana - 18mm - Random Slab,Granite - Black Galaxy - Polished - Telangana - 18mm - Random Slab,Granite,Polished,Granite - Black Galaxy - Polished - Telangana - 18mm - Random Slab,SQFT,160,160,160,5,Bengaluru,Karnataka,admin_manual,TRUE
MAT-000869,MAT-000869,MAT-000869,Granite - Brazilian Blue - Honed - Brazil - 20mm - Cut Size 6.5'x4',Granite - Brazilian Blue - Honed - Brazil - 20mm - Cut Size 6.5'x4',Granite,Honed,Granite - Brazilian Blue - Honed - Brazil - 20mm - Cut Size 6.5'x4',SQFT,300,300,300,5,Bengaluru,Karnataka,admin_manual,TRUE
MAT-000868,MAT-000868,MAT-000868,Granite - Brazilian Blue - Polished - Brazil - 20mm - Random Slab,Granite - Brazilian Blue - Polished - Brazil - 20mm - Random Slab,Granite,Polished,Granite - Brazilian Blue - Polished - Brazil - 20mm - Random Slab,SQFT,320,320,320,5,Bengaluru,Karnataka,admin_manual,TRUE
MAT-000865,MAT-000865,MAT-000865,Granite - Imperial Red - Honed - Rajasthan - 20mm - Cut Size 5.5'x3.5',Granite - Imperial Red - Honed - Rajasthan - 20mm - Cut Size 5.5'x3.5',Granite,Honed,Granite - Imperial Red - Honed - Rajasthan - 20mm - Cut Size 5.5'x3.5',SQFT,180,180,180,5,Bengaluru,Karnataka,admin_manual,TRUE
MAT-000864,MAT-000864,MAT-000864,Granite - Imperial Red - Polished - Rajasthan - 20mm - Random Slab,Granite - Imperial Red - Polished - Rajasthan - 20mm - Random Slab,Granite,Polished,Granite - Imperial Red - Polished - Rajasthan - 20mm - Random Slab,SQFT,190,190,190,5,Bengaluru,Karnataka,admin_manual,TRUE
MAT-000867,MAT-000867,MAT-000867,Granite - Indian Juparana - Honed - Karnataka - 18mm - Cut Size 6'x3',Granite - Indian Juparana - Honed - Karnataka - 18mm - Cut Size 6'x3',Granite,Honed,Granite - Indian Juparana - Honed - Karnataka - 18mm - Cut Size 6'x3',SQFT,155,155,155,5,Bengaluru,Karnataka,admin_manual,TRUE
MAT-000866,MAT-000866,MAT-000866,Granite - Indian Juparana - Polished - Karnataka - 18mm - Random Slab,Granite - Indian Juparana - Polished - Karnataka - 18mm - Random Slab,Granite,Polished,Granite - Indian Juparana - Polished - Karnataka - 18mm - Random Slab,SQFT,165,165,165,5,Bengaluru,Karnataka,admin_manual,TRUE
MAT-000863,MAT-000863,MAT-000863,Granite - Kashmir White - Honed - Tamil Nadu - 18mm - Cut Size 6'x4',Granite - Kashmir White - Honed - Tamil Nadu - 18mm - Cut Size 6'x4',Granite,Honed,Granite - Kashmir White - Honed - Tamil Nadu - 18mm - Cut Size 6'x4',SQFT,170,170,170,5,Bengaluru,Karnataka,admin_manual,TRUE
MAT-000862,MAT-000862,MAT-000862,Granite - Kashmir White - Polished - Tamil Nadu - 18mm - Random Slab,Granite - Kashmir White - Polished - Tamil Nadu - 18mm - Random Slab,Granite,Polished,Granite - Kashmir White - Polished - Tamil Nadu - 18mm - Random Slab,SQFT,180,180,180,5,Bengaluru,Karnataka,admin_manual,TRUE
MAT-000857,MAT-000857,MAT-000857,Granite - Steel Grey - Honed - Andhra Pradesh - 20mm - Cut Size 5.5'x3',Granite - Steel Grey - Honed - Andhra Pradesh - 20mm - Cut Size 5.5'x3',Granite,Honed,Granite - Steel Grey - Honed - Andhra Pradesh - 20mm - Cut Size 5.5'x3',SQFT,130,130,130,5,Bengaluru,Karnataka,admin_manual,TRUE
MAT-000856,MAT-000856,MAT-000856,Granite - Steel Grey - Polished - Andhra Pradesh - 20mm - Random Slab,Granite - Steel Grey - Polished - Andhra Pradesh - 20mm - Random Slab,Granite,Polished,Granite - Steel Grey - Polished - Andhra Pradesh - 20mm - Random Slab,SQFT,140,140,140,5,Bengaluru,Karnataka,admin_manual,TRUE
MAT-000859,MAT-000859,MAT-000859,Granite - Tan Brown - Honed - Telangana - 18mm - Cut Size 6'x4',Granite - Tan Brown - Honed - Telangana - 18mm - Cut Size 6'x4',Granite,Honed,Granite - Tan Brown - Honed - Telangana - 18mm - Cut Size 6'x4',SQFT,135,135,135,5,Bengaluru,Karnataka,admin_manual,TRUE
MAT-000858,MAT-000858,MAT-000858,Granite - Tan Brown - Polished - Telangana - 18mm - Random Slab,Granite - Tan Brown - Polished - Telangana - 18mm - Random Slab,Granite,Polished,Granite - Tan Brown - Polished - Telangana - 18mm - Random Slab,SQFT,145,145,145,5,Bengaluru,Karnataka,admin_manual,TRUE
MAT-000861,MAT-000861,MAT-000861,Granite - Vizag Blue - Honed - Andhra Pradesh - 20mm - Cut Size 6'x3.5',Granite - Vizag Blue - Honed - Andhra Pradesh - 20mm - Cut Size 6'x3.5',Granite,Honed,Granite - Vizag Blue - Honed - Andhra Pradesh - 20mm - Cut Size 6'x3.5',SQFT,160,160,160,5,Bengaluru,Karnataka,admin_manual,TRUE
MAT-000860,MAT-000860,MAT-000860,Granite - Vizag Blue - Polished - Andhra Pradesh - 20mm - Random Slab,Granite - Vizag Blue - Polished - Andhra Pradesh - 20mm - Random Slab,Granite,Polished,Granite - Vizag Blue - Polished - Andhra Pradesh - 20mm - Random Slab,SQFT,170,170,170,5,Bengaluru,Karnataka,admin_manual,TRUE
MAT-000950,MAT-000950,MAT-000950,HDPE Compression Adapter 20mm - Finolex,HDPE Compression Adapter 20mm - Finolex,HDPE Pipe & Fitting,Pipe & Fitting,HDPE Compression Adapter 20mm - Finolex,NOS,16.5,16.5,16.5,18,Bengaluru,Karnataka,admin_manual,TRUE
MAT-000978,MAT-000978,MAT-000978,HDPE Compression Adapter 20mm - Hindware,HDPE Compression Adapter 20mm - Hindware,HDPE Pipe & Fitting,Pipe & Fitting,HDPE Compression Adapter 20mm - Hindware,NOS,16.5,16.5,16.5,18,Bengaluru,Karnataka,admin_manual,TRUE
MAT-001016,MAT-001016,MAT-001016,HDPE Compression Adapter 20mm - Supreme,HDPE Compression Adapter 20mm - Supreme,HDPE Pipe & Fitting,Pipe & Fitting,HDPE Compression Adapter 20mm - Supreme,NOS,16.5,16.5,16.5,18,Bengaluru,Karnataka,admin_manual,TRUE
MAT-000997,MAT-000997,MAT-000997,HDPE Compression Adapter 20mm Tru - Pipes,HDPE Compression Adapter 20mm Tru - Pipes,HDPE Pipe & Fitting,Pipe,HDPE Compression Adapter 20mm Tru - Pipes,NOS,16.5,16.5,16.5,18,Bengaluru,Karnataka,admin_manual,TRUE
MAT-000951,MAT-000951,MAT-000951,HDPE Compression Adapter 25mm - Finolex,HDPE Compression Adapter 25mm - Finolex,HDPE Pipe & Fitting,Pipe & Fitting,HDPE Compression Adapter 25mm - Finolex,NOS,20.9,20.9,20.9,18,Bengaluru,Karnataka,admin_manual,TRUE
MAT-000979,MAT-000979,MAT-000979,HDPE Compression Adapter 25mm - Hindware,HDPE Compression Adapter 25mm - Hindware,HDPE Pipe & Fitting,Pipe & Fitting,HDPE Compression Adapter 25mm - Hindware,NOS,20.9,20.9,20.9,18,Bengaluru,Karnataka,admin_manual,TRUE
MAT-001017,MAT-001017,MAT-001017,HDPE Compression Adapter 25mm - Supreme,HDPE Compression Adapter 25mm - Supreme,HDPE Pipe & Fitting,Pipe & Fitting,HDPE Compression Adapter 25mm - Supreme,NOS,20.9,20.9,20.9,18,Bengaluru,Karnataka,admin_manual,TRUE
MAT-000998,MAT-000998,MAT-000998,HDPE Compression Adapter 25mm Tru - Pipes,HDPE Compression Adapter 25mm Tru - Pipes,HDPE Pipe & Fitting,Pipe,HDPE Compression Adapter 25mm Tru - Pipes,NOS,20.9,20.9,20.9,18,Bengaluru,Karnataka,admin_manual,TRUE
MAT-000953,MAT-000953,MAT-000953,HDPE Coupler 20mm - Finolex,HDPE Coupler 20mm - Finolex,HDPE Pipe & Fitting,Coupler,HDPE Coupler 20mm - Finolex,NOS,5.5,5.5,5.5,18,Bengaluru,Karnataka,admin_manual,TRUE
MAT-000967,MAT-000967,MAT-000967,HDPE Coupler 20mm - Hindware,HDPE Coupler 20mm - Hindware,HDPE Pipe & Fitting,Coupler,HDPE Coupler 20mm - Hindware,NOS,5.5,5.5,5.5,18,Bengaluru,Karnataka,admin_manual,TRUE
MAT-001005,MAT-001005,MAT-001005,HDPE Coupler 20mm - Supreme,HDPE Coupler 20mm - Supreme,HDPE Pipe & Fitting,Coupler,HDPE Coupler 20mm - Supreme,NOS,5.5,5.5,5.5,18,Bengaluru,Karnataka,admin_manual,TRUE
MAT-000986,MAT-000986,MAT-000986,HDPE Coupler 20mm Tru - Pipes,HDPE Coupler 20mm Tru - Pipes,HDPE Pipe & Fitting,Coupler,HDPE Coupler 20mm Tru - Pipes,NOS,5.5,5.5,5.5,18,Bengaluru,Karnataka,admin_manual,TRUE
MAT-000956,MAT-000956,MAT-000956,HDPE Coupler 25mm - Finolex,HDPE Coupler 25mm - Finolex,HDPE Pipe & Fitting,Coupler,HDPE Coupler 25mm - Finolex,NOS,6.6,6.6,6.6,18,Bengaluru,Karnataka,admin_manual,TRUE
MAT-000968,MAT-000968,MAT-000968,HDPE Coupler 25mm - Hindware,HDPE Coupler 25mm - Hindware,HDPE Pipe & Fitting,Coupler,HDPE Coupler 25mm - Hindware,NOS,6.6,6.6,6.6,18,Bengaluru,Karnataka,admin_manual,TRUE
MAT-001006,MAT-001006,MAT-001006,HDPE Coupler 25mm - Supreme,HDPE Coupler 25mm - Supreme,HDPE Pipe & Fitting,Coupler,HDPE Coupler 25mm - Supreme,NOS,6.6,6.6,6.6,18,Bengaluru,Karnataka,admin_manual,TRUE
MAT-000987,MAT-000987,MAT-000987,HDPE Coupler 25mm Tru - Pipes,HDPE Coupler 25mm Tru - Pipes,HDPE Pipe & Fitting,Coupler,HDPE Coupler 25mm Tru - Pipes,NOS,6.6,6.6,6.6,18,Bengaluru,Karnataka,admin_manual,TRUE
MAT-000952,MAT-000952,MAT-000952,HDPE Elbow 20mm - Finolex,HDPE Elbow 20mm - Finolex,HDPE Pipe & Fitting,Elbow,HDPE Elbow 20mm - Finolex,NOS,6.6,6.6,6.6,18,Bengaluru,Karnataka,admin_manual,TRUE
MAT-000961,MAT-000961,MAT-000961,HDPE Elbow 20mm - Hindware,HDPE Elbow 20mm - Hindware,HDPE Pipe & Fitting,Elbow,HDPE Elbow 20mm - Hindware,NOS,6.6,6.6,6.6,18,Bengaluru,Karnataka,admin_manual,TRUE
MAT-000999,MAT-000999,MAT-000999,HDPE Elbow 20mm - Supreme,HDPE Elbow 20mm - Supreme,HDPE Pipe & Fitting,Elbow,HDPE Elbow 20mm - Supreme,NOS,6.6,6.6,6.6,18,Bengaluru,Karnataka,admin_manual,TRUE
MAT-000980,MAT-000980,MAT-000980,HDPE Elbow 20mm Tru - Pipes,HDPE Elbow 20mm Tru - Pipes,HDPE Pipe & Fitting,Elbow,HDPE Elbow 20mm Tru - Pipes,NOS,6.6,6.6,6.6,18,Bengaluru,Karnataka,admin_manual,TRUE
MAT-000955,MAT-000955,MAT-000955,HDPE Elbow 25mm - Finolex,HDPE Elbow 25mm - Finolex,HDPE Pipe & Fitting,Elbow,HDPE Elbow 25mm - Finolex,NOS,7.7,7.7,7.7,18,Bengaluru,Karnataka,admin_manual,TRUE
MAT-000962,MAT-000962,MAT-000962,HDPE Elbow 25mm - Hindware,HDPE Elbow 25mm - Hindware,HDPE Pipe & Fitting,Elbow,HDPE Elbow 25mm - Hindware,NOS,7.7,7.7,7.7,18,Bengaluru,Karnataka,admin_manual,TRUE
MAT-001000,MAT-001000,MAT-001000,HDPE Elbow 25mm - Supreme,HDPE Elbow 25mm - Supreme,HDPE Pipe & Fitting,Elbow,HDPE Elbow 25mm - Supreme,NOS,7.7,7.7,7.7,18,Bengaluru,Karnataka,admin_manual,TRUE
MAT-000981,MAT-000981,MAT-000981,HDPE Elbow 25mm Tru - Pipes,HDPE Elbow 25mm Tru - Pipes,HDPE Pipe & Fitting,Elbow,HDPE Elbow 25mm Tru - Pipes,NOS,7.7,7.7,7.7,18,Bengaluru,Karnataka,admin_manual,TRUE
MAT-000942,MAT-000942,MAT-000942,HDPE Elbow 32mm - Finolex,HDPE Elbow 32mm - Finolex,HDPE Pipe & Fitting,Elbow,HDPE Elbow 32mm - Finolex,NOS,9.9,9.9,9.9,18,Bengaluru,Karnataka,admin_manual,TRUE
MAT-000963,MAT-000963,MAT-000963,HDPE Elbow 32mm - Hindware,HDPE Elbow 32mm - Hindware,HDPE Pipe & Fitting,Elbow,HDPE Elbow 32mm - Hindware,NOS,9.9,9.9,9.9,18,Bengaluru,Karnataka,admin_manual,TRUE
MAT-001001,MAT-001001,MAT-001001,HDPE Elbow 32mm - Supreme,HDPE Elbow 32mm - Supreme,HDPE Pipe & Fitting,Elbow,HDPE Elbow 32mm - Supreme,NOS,9.9,9.9,9.9,18,Bengaluru,Karnataka,admin_manual,TRUE
MAT-000982,MAT-000982,MAT-000982,HDPE Elbow 32mm Tru - Pipes,HDPE Elbow 32mm Tru - Pipes,HDPE Pipe & Fitting,Elbow,HDPE Elbow 32mm Tru - Pipes,NOS,9.9,9.9,9.9,18,Bengaluru,Karnataka,admin_manual,TRUE
MAT-000959,MAT-000959,MAT-000959,HDPE End Cap 20mm - Finolex,HDPE End Cap 20mm - Finolex,HDPE Pipe & Fitting,End Cap,HDPE End Cap 20mm - Finolex,NOS,4.4,4.4,4.4,18,Bengaluru,Karnataka,admin_manual,TRUE
MAT-000970,MAT-000970,MAT-000970,HDPE End Cap 20mm - Hindware,HDPE End Cap 20mm - Hindware,HDPE Pipe & Fitting,End Cap,HDPE End Cap 20mm - Hindware,NOS,4.4,4.4,4.4,18,Bengaluru,Karnataka,admin_manual,TRUE
MAT-001008,MAT-001008,MAT-001008,HDPE End Cap 20mm - Supreme,HDPE End Cap 20mm - Supreme,HDPE Pipe & Fitting,End Cap,HDPE End Cap 20mm - Supreme,NOS,4.4,4.4,4.4,18,Bengaluru,Karnataka,admin_manual,TRUE
MAT-000989,MAT-000989,MAT-000989,HDPE End Cap 20mm Tru - Pipes,HDPE End Cap 20mm Tru - Pipes,HDPE Pipe & Fitting,Pipe,HDPE End Cap 20mm Tru - Pipes,NOS,4.4,4.4,4.4,18,Bengaluru,Karnataka,admin_manual,TRUE
MAT-000944,MAT-000944,MAT-000944,HDPE End Connector 20mm - Finolex,HDPE End Connector 20mm - Finolex,HDPE Pipe & Fitting,Pipe & Fitting,HDPE End Connector 20mm - Finolex,NOS,19.25,19.25,19.25,18,Bengaluru,Karnataka,admin_manual,TRUE
MAT-000976,MAT-000976,MAT-000976,HDPE End Connector 20mm - Hindware,HDPE End Connector 20mm - Hindware,HDPE Pipe & Fitting,Pipe & Fitting,HDPE End Connector 20mm - Hindware,NOS,19.25,19.25,19.25,18,Bengaluru,Karnataka,admin_manual,TRUE
MAT-001014,MAT-001014,MAT-001014,HDPE End Connector 20mm - Supreme,HDPE End Connector 20mm - Supreme,HDPE Pipe & Fitting,Pipe & Fitting,HDPE End Connector 20mm - Supreme,NOS,19.25,19.25,19.25,18,Bengaluru,Karnataka,admin_manual,TRUE
MAT-000995,MAT-000995,MAT-000995,HDPE End Connector 20mm Tru - Pipes,HDPE End Connector 20mm Tru - Pipes,HDPE Pipe & Fitting,Pipe,HDPE End Connector 20mm Tru - Pipes,NOS,19.25,19.25,19.25,18,Bengaluru,Karnataka,admin_manual,TRUE
MAT-000960,MAT-000960,MAT-000960,HDPE End Connector 25mm - Finolex,HDPE End Connector 25mm - Finolex,HDPE Pipe & Fitting,Pipe & Fitting,HDPE End Connector 25mm - Finolex,NOS,24.75,24.75,24.75,18,Bengaluru,Karnataka,admin_manual,TRUE
MAT-000977,MAT-000977,MAT-000977,HDPE End Connector 25mm - Hindware,HDPE End Connector 25mm - Hindware,HDPE Pipe & Fitting,Pipe & Fitting,HDPE End Connector 25mm - Hindware,NOS,24.75,24.75,24.75,18,Bengaluru,Karnataka,admin_manual,TRUE
MAT-001015,MAT-001015,MAT-001015,HDPE End Connector 25mm - Supreme,HDPE End Connector 25mm - Supreme,HDPE Pipe & Fitting,Pipe & Fitting,HDPE End Connector 25mm - Supreme,NOS,24.75,24.75,24.75,18,Bengaluru,Karnataka,admin_manual,TRUE
MAT-000996,MAT-000996,MAT-000996,HDPE End Connector 25mm Tru - Pipes,HDPE End Connector 25mm Tru - Pipes,HDPE Pipe & Fitting,Pipe,HDPE End Connector 25mm Tru - Pipes,NOS,24.75,24.75,24.75,18,Bengaluru,Karnataka,admin_manual,TRUE
MAT-000954,MAT-000954,MAT-000954,HDPE Flange 20mm - Finolex,HDPE Flange 20mm - Finolex,HDPE Pipe & Fitting,Flange,HDPE Flange 20mm - Finolex,NOS,27.5,27.5,27.5,18,Bengaluru,Karnataka,admin_manual,TRUE
MAT-000974,MAT-000974,MAT-000974,HDPE Flange 20mm - Hindware,HDPE Flange 20mm - Hindware,HDPE Pipe & Fitting,Flange,HDPE Flange 20mm - Hindware,NOS,27.5,27.5,27.5,18,Bengaluru,Karnataka,admin_manual,TRUE
MAT-001012,MAT-001012,MAT-001012,HDPE Flange 20mm - Supreme,HDPE Flange 20mm - Supreme,HDPE Pipe & Fitting,Flange,HDPE Flange 20mm - Supreme,NOS,27.5,27.5,27.5,18,Bengaluru,Karnataka,admin_manual,TRUE
MAT-000993,MAT-000993,MAT-000993,HDPE Flange 20mm Tru - Pipes,HDPE Flange 20mm Tru - Pipes,HDPE Pipe & Fitting,Pipe,HDPE Flange 20mm Tru - Pipes,NOS,27.5,27.5,27.5,18,Bengaluru,Karnataka,admin_manual,TRUE
MAT-000957,MAT-000957,MAT-000957,HDPE Flange 25mm - Finolex,HDPE Flange 25mm - Finolex,HDPE Pipe & Fitting,Flange,HDPE Flange 25mm - Finolex,NOS,33,33,33,18,Bengaluru,Karnataka,admin_manual,TRUE
MAT-000975,MAT-000975,MAT-000975,HDPE Flange 25mm - Hindware,HDPE Flange 25mm - Hindware,HDPE Pipe & Fitting,Flange,HDPE Flange 25mm - Hindware,NOS,33,33,33,18,Bengaluru,Karnataka,admin_manual,TRUE
MAT-001013,MAT-001013,MAT-001013,HDPE Flange 25mm - Supreme,HDPE Flange 25mm - Supreme,HDPE Pipe & Fitting,Flange,HDPE Flange 25mm - Supreme,NOS,33,33,33,18,Bengaluru,Karnataka,admin_manual,TRUE
MAT-000994,MAT-000994,MAT-000994,HDPE Flange 25mm Tru - Pipes,HDPE Flange 25mm Tru - Pipes,HDPE Pipe & Fitting,Pipe,HDPE Flange 25mm Tru - Pipes,NOS,33,33,33,18,Bengaluru,Karnataka,admin_manual,TRUE
MAT-000939,MAT-000939,MAT-000939,"HDPE Pipe 1"" - Astral","HDPE Pipe 1"" - Astral",HDPE Pipe & Fitting,Pipe,"HDPE Pipe 1"" - Astral",NOS,49.5,49.5,49.5,18,Bengaluru,Karnataka,admin_manual,TRUE
MAT-000940,MAT-000940,MAT-000940,"HDPE Pipe 1.25"" - Astral","HDPE Pipe 1.25"" - Astral",HDPE Pipe & Fitting,Pipe,"HDPE Pipe 1.25"" - Astral",NOS,60.5,60.5,60.5,18,Bengaluru,Karnataka,admin_manual,TRUE
MAT-000933,MAT-000933,MAT-000933,"HDPE Pipe 1.5"" - Astral","HDPE Pipe 1.5"" - Astral",HDPE Pipe & Fitting,Pipe,"HDPE Pipe 1.5"" - Astral",NOS,71.5,71.5,71.5,18,Bengaluru,Karnataka,admin_manual,TRUE
MAT-000941,MAT-000941,MAT-000941,"HDPE Pipe 2"" - Astral","HDPE Pipe 2"" - Astral",HDPE Pipe & Fitting,Pipe,"HDPE Pipe 2"" - Astral",NOS,88,88,88,18,Bengaluru,Karnataka,admin_manual,TRUE
MAT-000934,MAT-000934,MAT-000934,"HDPE Pipe 2.5"" - Astral","HDPE Pipe 2.5"" - Astral",HDPE Pipe & Fitting,Pipe,"HDPE Pipe 2.5"" - Astral",NOS,104.5,104.5,104.5,18,Bengaluru,Karnataka,admin_manual,TRUE
MAT-000947,MAT-000947,MAT-000947,HDPE Pipe 20mm - Finolex,HDPE Pipe 20mm - Finolex,HDPE Pipe & Fitting,Pipe,HDPE Pipe 20mm - Finolex,NOS,24.75,24.75,24.75,18,Bengaluru,Karnataka,admin_manual,TRUE
MAT-000971,MAT-000971,MAT-000971,HDPE Pipe 20mm - Hindware,HDPE Pipe 20mm - Hindware,HDPE Pipe & Fitting,Pipe,HDPE Pipe 20mm - Hindware,NOS,24.75,24.75,24.75,18,Bengaluru,Karnataka,admin_manual,TRUE
MAT-001009,MAT-001009,MAT-001009,HDPE Pipe 20mm - Supreme,HDPE Pipe 20mm - Supreme,HDPE Pipe & Fitting,Pipe,HDPE Pipe 20mm - Supreme,NOS,24.75,24.75,24.75,18,Bengaluru,Karnataka,admin_manual,TRUE
MAT-000990,MAT-000990,MAT-000990,HDPE Pipe 20mm Tru - Pipes,HDPE Pipe 20mm Tru - Pipes,HDPE Pipe & Fitting,Pipe,HDPE Pipe 20mm Tru - Pipes,NOS,24.75,24.75,24.75,18,Bengaluru,Karnataka,admin_manual,TRUE
MAT-000948,MAT-000948,MAT-000948,HDPE Pipe 25mm - Finolex,HDPE Pipe 25mm - Finolex,HDPE Pipe & Fitting,Pipe,HDPE Pipe 25mm - Finolex,NOS,30.25,30.25,30.25,18,Bengaluru,Karnataka,admin_manual,TRUE
MAT-000972,MAT-000972,MAT-000972,HDPE Pipe 25mm - Hindware,HDPE Pipe 25mm - Hindware,HDPE Pipe & Fitting,Pipe,HDPE Pipe 25mm - Hindware,NOS,30.25,30.25,30.25,18,Bengaluru,Karnataka,admin_manual,TRUE
MAT-001010,MAT-001010,MAT-001010,HDPE Pipe 25mm - Supreme,HDPE Pipe 25mm - Supreme,HDPE Pipe & Fitting,Pipe,HDPE Pipe 25mm - Supreme,NOS,30.25,30.25,30.25,18,Bengaluru,Karnataka,admin_manual,TRUE
MAT-000991,MAT-000991,MAT-000991,HDPE Pipe 25mm Tru - Pipes,HDPE Pipe 25mm Tru - Pipes,HDPE Pipe & Fitting,Pipe,HDPE Pipe 25mm Tru - Pipes,NOS,30.25,30.25,30.25,18,Bengaluru,Karnataka,admin_manual,TRUE
MAT-000935,MAT-000935,MAT-000935,"HDPE Pipe 3"" - Astral","HDPE Pipe 3"" - Astral",HDPE Pipe & Fitting,Pipe,"HDPE Pipe 3"" - Astral",NOS,121,121,121,18,Bengaluru,Karnataka,admin_manual,TRUE
MAT-000949,MAT-000949,MAT-000949,HDPE Pipe 32mm - Finolex,HDPE Pipe 32mm - Finolex,HDPE Pipe & Fitting,Pipe,HDPE Pipe 32mm - Finolex,NOS,38.5,38.5,38.5,18,Bengaluru,Karnataka,admin_manual,TRUE
MAT-000973,MAT-000973,MAT-000973,HDPE Pipe 32mm - Hindware,HDPE Pipe 32mm - Hindware,HDPE Pipe & Fitting,Pipe,HDPE Pipe 32mm - Hindware,NOS,38.5,38.5,38.5,18,Bengaluru,Karnataka,admin_manual,TRUE
MAT-001011,MAT-001011,MAT-001011,HDPE Pipe 32mm - Supreme,HDPE Pipe 32mm - Supreme,HDPE Pipe & Fitting,Pipe,HDPE Pipe 32mm - Supreme,NOS,38.5,38.5,38.5,18,Bengaluru,Karnataka,admin_manual,TRUE
MAT-000992,MAT-000992,MAT-000992,HDPE Pipe 32mm Tru - Pipes,HDPE Pipe 32mm Tru - Pipes,HDPE Pipe & Fitting,Pipe,HDPE Pipe 32mm Tru - Pipes,NOS,38.5,38.5,38.5,18,Bengaluru,Karnataka,admin_manual,TRUE
MAT-000936,MAT-000936,MAT-000936,"HDPE Pipe 4"" - Astral","HDPE Pipe 4"" - Astral",HDPE Pipe & Fitting,Pipe,"HDPE Pipe 4"" - Astral",NOS,154,154,154,18,Bengaluru,Karnataka,admin_manual,TRUE
MAT-000937,MAT-000937,MAT-000937,"HDPE Pipe 6"" - Astral","HDPE Pipe 6"" - Astral",HDPE Pipe & Fitting,Pipe,"HDPE Pipe 6"" - Astral",NOS,198,198,198,18,Bengaluru,Karnataka,admin_manual,TRUE
MAT-000938,MAT-000938,MAT-000938,"HDPE Pipe 8"" - Astral","HDPE Pipe 8"" - Astral",HDPE Pipe & Fitting,Pipe,"HDPE Pipe 8"" - Astral",NOS,247.5,247.5,247.5,18,Bengaluru,Karnataka,admin_manual,TRUE
MAT-000943,MAT-000943,MAT-000943,HDPE Reducer 32 x 25mm - Finolex,HDPE Reducer 32 x 25mm - Finolex,HDPE Pipe & Fitting,Reducer,HDPE Reducer 32 x 25mm - Finolex,NOS,7.7,7.7,7.7,18,Bengaluru,Karnataka,admin_manual,TRUE
MAT-000969,MAT-000969,MAT-000969,HDPE Reducer 32 x 25mm - Hindware,HDPE Reducer 32 x 25mm - Hindware,HDPE Pipe & Fitting,Reducer,HDPE Reducer 32 x 25mm - Hindware,NOS,7.7,7.7,7.7,18,Bengaluru,Karnataka,admin_manual,TRUE
MAT-001007,MAT-001007,MAT-001007,HDPE Reducer 32 x 25mm - Supreme,HDPE Reducer 32 x 25mm - Supreme,HDPE Pipe & Fitting,Reducer,HDPE Reducer 32 x 25mm - Supreme,NOS,7.7,7.7,7.7,18,Bengaluru,Karnataka,admin_manual,TRUE
MAT-000988,MAT-000988,MAT-000988,HDPE Reducer 32 x 25mm Tru - Pipes,HDPE Reducer 32 x 25mm Tru - Pipes,HDPE Pipe & Fitting,Pipe,HDPE Reducer 32 x 25mm Tru - Pipes,NOS,7.7,7.7,7.7,18,Bengaluru,Karnataka,admin_manual,TRUE
MAT-001018,MAT-001018,MAT-001018,HDPE Sheet - Black - 250 Micron - 3m x 30m,HDPE Sheet - Black - 250 Micron - 3m x 30m,HDPE Pipe & Fitting,Pipe & Fitting,HDPE Sheet - Black - 250 Micron - 3m x 30m,ROLL,1185,1185,1185,18,Bengaluru,Karnataka,admin_manual,TRUE
MAT-001019,MAT-001019,MAT-001019,HDPE Sheet - Black - 500 Micron - 3m x 30m,HDPE Sheet - Black - 500 Micron - 3m x 30m,HDPE Pipe & Fitting,Pipe & Fitting,HDPE Sheet - Black - 500 Micron - 3m x 30m,ROLL,1985,1985,1985,18,Bengaluru,Karnataka,admin_manual,TRUE
MAT-001022,MAT-001022,MAT-001022,HDPE Sheet - Smooth - 750 Micron - 3m x 30m,HDPE Sheet - Smooth - 750 Micron - 3m x 30m,HDPE Pipe & Fitting,Pipe & Fitting,HDPE Sheet - Smooth - 750 Micron - 3m x 30m,ROLL,2650,2650,2650,18,Bengaluru,Karnataka,admin_manual,TRUE
MAT-001021,MAT-001021,MAT-001021,HDPE Sheet - Textured - 500 Micron - 3m x 30m,HDPE Sheet - Textured - 500 Micron - 3m x 30m,HDPE Pipe & Fitting,Pipe & Fitting,HDPE Sheet - Textured - 500 Micron - 3m x 30m,ROLL,2150,2150,2150,18,Bengaluru,Karnataka,admin_manual,TRUE
MAT-001020,MAT-001020,MAT-001020,HDPE Sheet - White - 250 Micron - 3m x 30m,HDPE Sheet - White - 250 Micron - 3m x 30m,HDPE Pipe & Fitting,Pipe & Fitting,HDPE Sheet - White - 250 Micron - 3m x 30m,ROLL,1285,1285,1285,18,Bengaluru,Karnataka,admin_manual,TRUE
MAT-000958,MAT-000958,MAT-000958,HDPE Tee 20mm - Finolex,HDPE Tee 20mm - Finolex,HDPE Pipe & Fitting,Tee,HDPE Tee 20mm - Finolex,NOS,7.7,7.7,7.7,18,Bengaluru,Karnataka,admin_manual,TRUE
MAT-000964,MAT-000964,MAT-000964,HDPE Tee 20mm - Hindware,HDPE Tee 20mm - Hindware,HDPE Pipe & Fitting,Tee,HDPE Tee 20mm - Hindware,NOS,7.7,7.7,7.7,18,Bengaluru,Karnataka,admin_manual,TRUE
MAT-001002,MAT-001002,MAT-001002,HDPE Tee 20mm - Supreme,HDPE Tee 20mm - Supreme,HDPE Pipe & Fitting,Tee,HDPE Tee 20mm - Supreme,NOS,7.7,7.7,7.7,18,Bengaluru,Karnataka,admin_manual,TRUE
MAT-000983,MAT-000983,MAT-000983,HDPE Tee 20mm Tru - Pipes,HDPE Tee 20mm Tru - Pipes,HDPE Pipe & Fitting,Tee,HDPE Tee 20mm Tru - Pipes,NOS,7.7,7.7,7.7,18,Bengaluru,Karnataka,admin_manual,TRUE
MAT-000945,MAT-000945,MAT-000945,HDPE Tee 25mm - Finolex,HDPE Tee 25mm - Finolex,HDPE Pipe & Fitting,Tee,HDPE Tee 25mm - Finolex,NOS,8.8,8.8,8.8,18,Bengaluru,Karnataka,admin_manual,TRUE
MAT-000965,MAT-000965,MAT-000965,HDPE Tee 25mm - Hindware,HDPE Tee 25mm - Hindware,HDPE Pipe & Fitting,Tee,HDPE Tee 25mm - Hindware,NOS,8.8,8.8,8.8,18,Bengaluru,Karnataka,admin_manual,TRUE
MAT-001003,MAT-001003,MAT-001003,HDPE Tee 25mm - Supreme,HDPE Tee 25mm - Supreme,HDPE Pipe & Fitting,Tee,HDPE Tee 25mm - Supreme,NOS,8.8,8.8,8.8,18,Bengaluru,Karnataka,admin_manual,TRUE
MAT-000984,MAT-000984,MAT-000984,HDPE Tee 25mm Tru - Pipes,HDPE Tee 25mm Tru - Pipes,HDPE Pipe & Fitting,Tee,HDPE Tee 25mm Tru - Pipes,NOS,8.8,8.8,8.8,18,Bengaluru,Karnataka,admin_manual,TRUE
MAT-000946,MAT-000946,MAT-000946,HDPE Tee 32mm - Finolex,HDPE Tee 32mm - Finolex,HDPE Pipe & Fitting,Tee,HDPE Tee 32mm - Finolex,NOS,11,11,11,18,Bengaluru,Karnataka,admin_manual,TRUE
MAT-000966,MAT-000966,MAT-000966,HDPE Tee 32mm - Hindware,HDPE Tee 32mm - Hindware,HDPE Pipe & Fitting,Tee,HDPE Tee 32mm - Hindware,NOS,11,11,11,18,Bengaluru,Karnataka,admin_manual,TRUE
MAT-001004,MAT-001004,MAT-001004,HDPE Tee 32mm - Supreme,HDPE Tee 32mm - Supreme,HDPE Pipe & Fitting,Tee,HDPE Tee 32mm - Supreme,NOS,11,11,11,18,Bengaluru,Karnataka,admin_manual,TRUE
MAT-000985,MAT-000985,MAT-000985,HDPE Tee 32mm Tru - Pipes,HDPE Tee 32mm Tru - Pipes,HDPE Pipe & Fitting,Tee,HDPE Tee 32mm Tru - Pipes,NOS,11,11,11,18,Bengaluru,Karnataka,admin_manual,TRUE
MAT-001029,MAT-001029,MAT-001029,HDPE Sheet 1000 GSM,HDPE Sheet 1000 GSM,HDPE Sheet,Pipe & Fitting,HDPE Sheet 1000 GSM,KG,90,90,90,18,Bengaluru,Karnataka,admin_manual,TRUE
MAT-001030,MAT-001030,MAT-001030,HDPE Sheet 1200 GSM,HDPE Sheet 1200 GSM,HDPE Sheet,Pipe & Fitting,HDPE Sheet 1200 GSM,KG,90,90,90,18,Bengaluru,Karnataka,admin_manual,TRUE
MAT-001023,MAT-001023,MAT-001023,HDPE Sheet 125 GSM,HDPE Sheet 125 GSM,HDPE Sheet,Pipe & Fitting,HDPE Sheet 125 GSM,KG,90,90,90,18,Bengaluru,Karnataka,admin_manual,TRUE
MAT-001031,MAT-001031,MAT-001031,HDPE Sheet 1400 GSM,HDPE Sheet 1400 GSM,HDPE Sheet,Pipe & Fitting,HDPE Sheet 1400 GSM,KG,90,90,90,18,Bengaluru,Karnataka,admin_manual,TRUE
MAT-001032,MAT-001032,MAT-001032,HDPE Sheet 1600 GSM,HDPE Sheet 1600 GSM,HDPE Sheet,Pipe & Fitting,HDPE Sheet 1600 GSM,KG,90,90,90,18,Bengaluru,Karnataka,admin_manual,TRUE
MAT-001024,MAT-001024,MAT-001024,HDPE Sheet 250 GSM,HDPE Sheet 250 GSM,HDPE Sheet,Pipe & Fitting,HDPE Sheet 250 GSM,KG,90,90,90,18,Bengaluru,Karnataka,admin_manual,TRUE
MAT-001025,MAT-001025,MAT-001025,HDPE Sheet 350 GSM,HDPE Sheet 350 GSM,HDPE Sheet,Pipe & Fitting,HDPE Sheet 350 GSM,KG,90,90,90,18,Bengaluru,Karnataka,admin_manual,TRUE
MAT-001026,MAT-001026,MAT-001026,HDPE Sheet 500 GSM,HDPE Sheet 500 GSM,HDPE Sheet,Pipe & Fitting,HDPE Sheet 500 GSM,KG,90,90,90,18,Bengaluru,Karnataka,admin_manual,TRUE
MAT-001027,MAT-001027,MAT-001027,HDPE Sheet 600 GSM,HDPE Sheet 600 GSM,HDPE Sheet,Pipe & Fitting,HDPE Sheet 600 GSM,KG,90,90,90,18,Bengaluru,Karnataka,admin_manual,TRUE
MAT-001028,MAT-001028,MAT-001028,HDPE Sheet 800 GSM,HDPE Sheet 800 GSM,HDPE Sheet,Pipe & Fitting,HDPE Sheet 800 GSM,KG,90,90,90,18,Bengaluru,Karnataka,admin_manual,TRUE
MAT-000899,MAT-000899,MAT-000899,Allen Key Set - Hex - Taparia - 8pc,Allen Key Set - Hex - Taparia - 8pc,Hardware,Hardware,Allen Key Set - Hex - Taparia - 8pc,NOS,185,185,185,18,Bengaluru,Karnataka,admin_manual,TRUE
MAT-000895,MAT-000895,MAT-000895,"Aluminium Foil Tape - Generic - 2"" x 10m","Aluminium Foil Tape - Generic - 2"" x 10m",Hardware,Hardware,"Aluminium Foil Tape - Generic - 2"" x 10m",M,12.5,12.5,12.5,18,Bengaluru,Karnataka,admin_manual,TRUE
MAT-000889,MAT-000889,MAT-000889,Anchor Bolt - Rawl Type - Generic - 8mm x 60mm,Anchor Bolt - Rawl Type - Generic - 8mm x 60mm,Hardware,Hardware,Anchor Bolt - Rawl Type - Generic - 8mm x 60mm,NOS,5.5,5.5,5.5,18,Bengaluru,Karnataka,admin_manual,TRUE
MAT-000888,MAT-000888,MAT-000888,Anchor Bolt - Sleeve Type - Fischer - 6mm x 50mm,Anchor Bolt - Sleeve Type - Fischer - 6mm x 50mm,Hardware,Hardware,Anchor Bolt - Sleeve Type - Fischer - 6mm x 50mm,NOS,6.5,6.5,6.5,18,Bengaluru,Karnataka,admin_manual,TRUE
MAT-000908,MAT-000908,MAT-000908,Cabinet Lock - Keyed - Godrej - SS Finish,Cabinet Lock - Keyed - Godrej - SS Finish,Hardware,Hardware,Cabinet Lock - Keyed - Godrej - SS Finish,NOS,185,185,185,18,Bengaluru,Karnataka,admin_manual,TRUE
MAT-000907,MAT-000907,MAT-000907,Cabinet Lock - Push Type - Link - Chrome Finish,Cabinet Lock - Push Type - Link - Chrome Finish,Hardware,Hardware,Cabinet Lock - Push Type - Link - Chrome Finish,NOS,125,125,125,18,Bengaluru,Karnataka,admin_manual,TRUE
MAT-000917,MAT-000917,MAT-000917,Cable Tie - Nylon - Generic - 100mm,Cable Tie - Nylon - Generic - 100mm,Hardware,Hardware,Cable Tie - Nylon - Generic - 100mm,NOS,0.75,0.75,0.75,18,Bengaluru,Karnataka,admin_manual,TRUE
MAT-000918,MAT-000918,MAT-000918,Cable Tie - Nylon - Generic - 200mm,Cable Tie - Nylon - Generic - 200mm,Hardware,Hardware,Cable Tie - Nylon - Generic - 200mm,NOS,1.25,1.25,1.25,18,Bengaluru,Karnataka,admin_manual,TRUE
MAT-000928,MAT-000928,MAT-000928,Door - Flush - 7ft x 3ft - Commercial Ply,Door - Flush - 7ft x 3ft - Commercial Ply,Hardware,Hardware,Door - Flush - 7ft x 3ft - Commercial Ply,NOS,1850,1850,1850,18,Bengaluru,Karnataka,admin_manual,TRUE
MAT-000905,MAT-000905,MAT-000905,Door Stopper - Magnetic - Europa - SS Finish,Door Stopper - Magnetic - Europa - SS Finish,Hardware,Hardware,Door Stopper - Magnetic - Europa - SS Finish,NOS,145,145,145,18,Bengaluru,Karnataka,admin_manual,TRUE
MAT-000906,MAT-000906,MAT-000906,Door Stopper - Rubber - Generic - Floor Mount,Door Stopper - Rubber - Generic - Floor Mount,Hardware,Hardware,Door Stopper - Rubber - Generic - Floor Mount,NOS,85,85,85,18,Bengaluru,Karnataka,admin_manual,TRUE
MAT-000894,MAT-000894,MAT-000894,"Double Sided Tape - Foam - Generic - 1"" x 5m","Double Sided Tape - Foam - Generic - 1"" x 5m",Hardware,Hardware,"Double Sided Tape - Foam - Generic - 1"" x 5m",M,6.5,6.5,6.5,18,Bengaluru,Karnataka,admin_manual,TRUE
MAT-000924,MAT-000924,MAT-000924,"Drawer Channel - Ball Bearing - Generic - 16""","Drawer Channel - Ball Bearing - Generic - 16""",Hardware,Drawer Channel,"Drawer Channel - Ball Bearing - Generic - 16""",PAIR,165,165,165,18,Bengaluru,Karnataka,admin_manual,TRUE
MAT-000871,MAT-000871,MAT-000871,"Drawer Channel - Soft Close - Hafele - 18""","Drawer Channel - Soft Close - Hafele - 18""",Hardware,Drawer Channel,"Drawer Channel - Soft Close - Hafele - 18""",NOS,320,320,320,18,Bengaluru,Karnataka,admin_manual,TRUE
MAT-000923,MAT-000923,MAT-000923,"Drawer Channel - Soft Close - Hettich - 20""","Drawer Channel - Soft Close - Hettich - 20""",Hardware,Drawer Channel,"Drawer Channel - Soft Close - Hettich - 20""",PAIR,345,345,345,18,Bengaluru,Karnataka,admin_manual,TRUE
MAT-000872,MAT-000872,MAT-000872,Drawer Channel - Tandem Box - Hettich - 500mm,Drawer Channel - Tandem Box - Hettich - 500mm,Hardware,Drawer Channel,Drawer Channel - Tandem Box - Hettich - 500mm,NOS,850,850,850,18,Bengaluru,Karnataka,admin_manual,TRUE
MAT-000921,MAT-000921,MAT-000921,"Drawer Channel - Telescopic - Ebco - 12""","Drawer Channel - Telescopic - Ebco - 12""",Hardware,Drawer Channel,"Drawer Channel - Telescopic - Ebco - 12""",PAIR,185,185,185,18,Bengaluru,Karnataka,admin_manual,TRUE
MAT-000922,MAT-000922,MAT-000922,"Drawer Channel - Telescopic - Hafele - 18""","Drawer Channel - Telescopic - Hafele - 18""",Hardware,Drawer Channel,"Drawer Channel - Telescopic - Hafele - 18""",PAIR,225,225,225,18,Bengaluru,Karnataka,admin_manual,TRUE
MAT-000870,MAT-000870,MAT-000870,"Drawer Channel - Telescopic - Hettich - 20""","Drawer Channel - Telescopic - Hettich - 20""",Hardware,Drawer Channel,"Drawer Channel - Telescopic - Hettich - 20""",NOS,240,240,240,18,Bengaluru,Karnataka,admin_manual,TRUE
MAT-000912,MAT-000912,MAT-000912,"Drawer Handle - D Type - Generic - 6""","Drawer Handle - D Type - Generic - 6""",Hardware,Handle,"Drawer Handle - D Type - Generic - 6""",NOS,95,95,95,18,Bengaluru,Karnataka,admin_manual,TRUE
MAT-000911,MAT-000911,MAT-000911,"Drawer Handle - Profile - Hettich - 8""","Drawer Handle - Profile - Hettich - 8""",Hardware,Handle,"Drawer Handle - Profile - Hettich - 8""",NOS,185,185,185,18,Bengaluru,Karnataka,admin_manual,TRUE
MAT-000909,MAT-000909,MAT-000909,"Drawer Knob - Round - Hafele - SS 1""","Drawer Knob - Round - Hafele - SS 1""",Hardware,Knob,"Drawer Knob - Round - Hafele - SS 1""",NOS,65,65,65,18,Bengaluru,Karnataka,admin_manual,TRUE
MAT-000910,MAT-000910,MAT-000910,"Drawer Knob - Square - Generic - Black 1.5""","Drawer Knob - Square - Generic - Black 1.5""",Hardware,Knob,"Drawer Knob - Square - Generic - Black 1.5""",NOS,55,55,55,18,Bengaluru,Karnataka,admin_manual,TRUE
MAT-000898,MAT-000898,MAT-000898,Fevikwik - Instant Adhesive - Pidilite - 20gm,Fevikwik - Instant Adhesive - Pidilite - 20gm,Hardware,Hardware,Fevikwik - Instant Adhesive - Pidilite - 20gm,GMS,25,25,25,18,Bengaluru,Karnataka,admin_manual,TRUE
MAT-000932,MAT-000932,MAT-000932,"Handle - Door - SS - 8"" - D Type","Handle - Door - SS - 8"" - D Type",Hardware,Handle,"Handle - Door - SS - 8"" - D Type",NOS,85,85,85,18,Bengaluru,Karnataka,admin_manual,TRUE
MAT-000930,MAT-000930,MAT-000930,"Hinges - SS - 4"" - Heavy Duty","Hinges - SS - 4"" - Heavy Duty",Hardware,Hinge,"Hinges - SS - 4"" - Heavy Duty",NOS,45,45,45,18,Bengaluru,Karnataka,admin_manual,TRUE
MAT-000901,MAT-000901,MAT-000901,"Hinges - SS - Generic - 3""","Hinges - SS - Generic - 3""",Hardware,Hinge,"Hinges - SS - Generic - 3""",PAIR,65,65,65,18,Bengaluru,Karnataka,admin_manual,TRUE
MAT-000902,MAT-000902,MAT-000902,"Hinges - SS - Generic - 4""","Hinges - SS - Generic - 4""",Hardware,Hinge,"Hinges - SS - Generic - 4""",PAIR,75,75,75,18,Bengaluru,Karnataka,admin_manual,TRUE
MAT-000913,MAT-000913,MAT-000913,Hook - Wall Mount - SS - Generic - 2 Pin,Hook - Wall Mount - SS - Generic - 2 Pin,Hardware,Hardware,Hook - Wall Mount - SS - Generic - 2 Pin,NOS,45,45,45,18,Bengaluru,Karnataka,admin_manual,TRUE
MAT-000914,MAT-000914,MAT-000914,Hook - Wall Mount - SS - Generic - 3 Pin,Hook - Wall Mount - SS - Generic - 3 Pin,Hardware,Hardware,Hook - Wall Mount - SS - Generic - 3 Pin,NOS,55,55,55,18,Bengaluru,Karnataka,admin_manual,TRUE
MAT-000892,MAT-000892,MAT-000892,Insulation Tape - PVC - Anchor - 18mm x 7m,Insulation Tape - PVC - Anchor - 18mm x 7m,Hardware,Hardware,Insulation Tape - PVC - Anchor - 18mm x 7m,ROLL,18,18,18,18,Bengaluru,Karnataka,admin_manual,TRUE
MAT-000893,MAT-000893,MAT-000893,Insulation Tape - PVC - Generic - 18mm x 7m,Insulation Tape - PVC - Generic - 18mm x 7m,Hardware,Hardware,Insulation Tape - PVC - Generic - 18mm x 7m,ROLL,12,12,12,18,Bengaluru,Karnataka,admin_manual,TRUE
MAT-000881,MAT-000881,MAT-000881,Jointers - Biscuit Joiner - Generic - Size 10,Jointers - Biscuit Joiner - Generic - Size 10,Hardware,Hardware,Jointers - Biscuit Joiner - Generic - Size 10,NOS,2.5,2.5,2.5,18,Bengaluru,Karnataka,admin_manual,TRUE
MAT-000882,MAT-000882,MAT-000882,Jointers - Dowels - Generic - 8mm x 40mm,Jointers - Dowels - Generic - 8mm x 40mm,Hardware,Hardware,Jointers - Dowels - Generic - 8mm x 40mm,NOS,1.8,1.8,1.8,18,Bengaluru,Karnataka,admin_manual,TRUE
MAT-000877,MAT-000877,MAT-000877,Lift-Up System - Kitchen Overhead - Ebco - 600mm,Lift-Up System - Kitchen Overhead - Ebco - 600mm,Hardware,Hardware,Lift-Up System - Kitchen Overhead - Ebco - 600mm,NOS,1150,1150,1150,18,Bengaluru,Karnataka,admin_manual,TRUE
MAT-000876,MAT-000876,MAT-000876,Lift-Up System - Kitchen Overhead - Hafele - 900mm,Lift-Up System - Kitchen Overhead - Hafele - 900mm,Hardware,Hardware,Lift-Up System - Kitchen Overhead - Hafele - 900mm,NOS,1450,1450,1450,18,Bengaluru,Karnataka,admin_manual,TRUE
MAT-000875,MAT-000875,MAT-000875,Lift-Up System - Kitchen Overhead - Hettich - 600mm,Lift-Up System - Kitchen Overhead - Hettich - 600mm,Hardware,Hardware,Lift-Up System - Kitchen Overhead - Hettich - 600mm,NOS,1250,1250,1250,18,Bengaluru,Karnataka,admin_manual,TRUE
MAT-000879,MAT-000879,MAT-000879,Loft Lift Kit - Horizontal - Hafele - 900mm,Loft Lift Kit - Horizontal - Hafele - 900mm,Hardware,Hardware,Loft Lift Kit - Horizontal - Hafele - 900mm,NOS,1450,1450,1450,18,Bengaluru,Karnataka,admin_manual,TRUE
MAT-000878,MAT-000878,MAT-000878,Loft Lift Kit - Vertical - Ebco - 600mm,Loft Lift Kit - Vertical - Ebco - 600mm,Hardware,Hardware,Loft Lift Kit - Vertical - Ebco - 600mm,NOS,1250,1250,1250,18,Bengaluru,Karnataka,admin_manual,TRUE
MAT-000880,MAT-000880,MAT-000880,Loft Lift Kit - Vertical - Hettich - 600mm,Loft Lift Kit - Vertical - Hettich - 600mm,Hardware,Hardware,Loft Lift Kit - Vertical - Hettich - 600mm,NOS,1350,1350,1350,18,Bengaluru,Karnataka,admin_manual,TRUE
MAT-000904,MAT-000904,MAT-000904,Magnetic Catcher - Round - Generic - White,Magnetic Catcher - Round - Generic - White,Hardware,Hardware,Magnetic Catcher - Round - Generic - White,NOS,45,45,45,18,Bengaluru,Karnataka,admin_manual,TRUE
MAT-000925,MAT-000925,MAT-000925,Modular Hinge - Clip-On - Ebco - 0 Crank,Modular Hinge - Clip-On - Ebco - 0 Crank,Hardware,Hinge,Modular Hinge - Clip-On - Ebco - 0 Crank,NOS,85,85,85,18,Bengaluru,Karnataka,admin_manual,TRUE
MAT-000926,MAT-000926,MAT-000926,Modular Hinge - Screw-On - Hafele - 9 Crank,Modular Hinge - Screw-On - Hafele - 9 Crank,Hardware,Hinge,Modular Hinge - Screw-On - Hafele - 9 Crank,NOS,95,95,95,18,Bengaluru,Karnataka,admin_manual,TRUE
MAT-000927,MAT-000927,MAT-000927,Modular Hinge - Soft Close - Hettich - 0 Crank,Modular Hinge - Soft Close - Hettich - 0 Crank,Hardware,Soft Close,Modular Hinge - Soft Close - Hettich - 0 Crank,NOS,125,125,125,18,Bengaluru,Karnataka,admin_manual,TRUE
MAT-000886,MAT-000886,MAT-000886,Nut & Bolt - MS - Generic - M6 x 40mm,Nut & Bolt - MS - Generic - M6 x 40mm,Hardware,Hardware,Nut & Bolt - MS - Generic - M6 x 40mm,NOS,2.5,2.5,2.5,18,Bengaluru,Karnataka,admin_manual,TRUE
MAT-000887,MAT-000887,MAT-000887,Nut & Bolt - SS - Generic - M8 x 50mm,Nut & Bolt - SS - Generic - M8 x 50mm,Hardware,Hardware,Nut & Bolt - SS - Generic - M8 x 50mm,NOS,4.5,4.5,4.5,18,Bengaluru,Karnataka,admin_manual,TRUE
MAT-000920,MAT-000920,MAT-000920,Rubber Gasket - Cabinet Seal - Generic - 5m Roll,Rubber Gasket - Cabinet Seal - Generic - 5m Roll,Hardware,Hardware,Rubber Gasket - Cabinet Seal - Generic - 5m Roll,M,5.5,5.5,5.5,18,Bengaluru,Karnataka,admin_manual,TRUE
MAT-000919,MAT-000919,MAT-000919,Rubber Gasket - Door Seal - Generic - 10m Roll,Rubber Gasket - Door Seal - Generic - 10m Roll,Hardware,Hardware,Rubber Gasket - Door Seal - Generic - 10m Roll,M,6.5,6.5,6.5,18,Bengaluru,Karnataka,admin_manual,TRUE
MAT-000883,MAT-000883,MAT-000883,"Screw - CSK - Generic - 1""","Screw - CSK - Generic - 1""",Hardware,Screw,"Screw - CSK - Generic - 1""",NOS,0.45,0.45,0.45,18,Bengaluru,Karnataka,admin_manual,TRUE
MAT-000884,MAT-000884,MAT-000884,"Screw - CSK - Generic - 2""","Screw - CSK - Generic - 2""",Hardware,Screw,"Screw - CSK - Generic - 2""",NOS,0.55,0.55,0.55,18,Bengaluru,Karnataka,admin_manual,TRUE
MAT-000885,MAT-000885,MAT-000885,"Screw - Pan Head - Generic - 1""","Screw - Pan Head - Generic - 1""",Hardware,Screw,"Screw - Pan Head - Generic - 1""",NOS,0.5,0.5,0.5,18,Bengaluru,Karnataka,admin_manual,TRUE
MAT-000900,MAT-000900,MAT-000900,Screw Box - Mixed Sizes - Generic - 500pc,Screw Box - Mixed Sizes - Generic - 500pc,Hardware,Screw,Screw Box - Mixed Sizes - Generic - 500pc,BOX,225,225,225,18,Bengaluru,Karnataka,admin_manual,TRUE
MAT-000897,MAT-000897,MAT-000897,Sealant - Acrylic - Dr. Fixit - 280ml,Sealant - Acrylic - Dr. Fixit - 280ml,Hardware,Hardware,Sealant - Acrylic - Dr. Fixit - 280ml,ML,145,145,145,18,Bengaluru,Karnataka,admin_manual,TRUE
MAT-000896,MAT-000896,MAT-000896,Sealant - Silicone - Pidilite - 280ml,Sealant - Silicone - Pidilite - 280ml,Hardware,Hardware,Sealant - Silicone - Pidilite - 280ml,ML,165,165,165,18,Bengaluru,Karnataka,admin_manual,TRUE
MAT-000931,MAT-000931,MAT-000931,"Tower Bolt - SS - 6"" - Mirror Finish","Tower Bolt - SS - 6"" - Mirror Finish",Hardware,Tower Bolt,"Tower Bolt - SS - 6"" - Mirror Finish",NOS,65,65,65,18,Bengaluru,Karnataka,admin_manual,TRUE
MAT-000903,MAT-000903,MAT-000903,"Tower Bolt - SS - Generic - 6""","Tower Bolt - SS - Generic - 6""",Hardware,Tower Bolt,"Tower Bolt - SS - Generic - 6""",NOS,120,120,120,18,Bengaluru,Karnataka,admin_manual,TRUE
MAT-000890,MAT-000890,MAT-000890,Wall Plug - Plastic - Generic - 6mm,Wall Plug - Plastic - Generic - 6mm,Hardware,Hardware,Wall Plug - Plastic - Generic - 6mm,NOS,0.75,0.75,0.75,18,Bengaluru,Karnataka,admin_manual,TRUE
MAT-000891,MAT-000891,MAT-000891,Wall Plug - Plastic - Generic - 8mm,Wall Plug - Plastic - Generic - 8mm,Hardware,Hardware,Wall Plug - Plastic - Generic - 8mm,NOS,0.85,0.85,0.85,18,Bengaluru,Karnataka,admin_manual,TRUE
MAT-000873,MAT-000873,MAT-000873,Wardrobe Sliding Kit - 2 Shutter - Ebco - 6ft Track,Wardrobe Sliding Kit - 2 Shutter - Ebco - 6ft Track,Hardware,Hardware,Wardrobe Sliding Kit - 2 Shutter - Ebco - 6ft Track,NOS,1850,1850,1850,18,Bengaluru,Karnataka,admin_manual,TRUE
MAT-000874,MAT-000874,MAT-000874,Wardrobe Sliding Kit - 3 Shutter - Hafele - 9ft Track,Wardrobe Sliding Kit - 3 Shutter - Hafele - 9ft Track,Hardware,Hardware,Wardrobe Sliding Kit - 3 Shutter - Hafele - 9ft Track,NOS,2450,2450,2450,18,Bengaluru,Karnataka,admin_manual,TRUE
MAT-000929,MAT-000929,MAT-000929,Window - Aluminium - 4ft x 3ft - Sliding,Window - Aluminium - 4ft x 3ft - Sliding,Hardware,Hardware,Window - Aluminium - 4ft x 3ft - Sliding,NOS,2850,2850,2850,18,Bengaluru,Karnataka,admin_manual,TRUE
MAT-000915,MAT-000915,MAT-000915,Wire Clip - Plastic - Generic - 10mm,Wire Clip - Plastic - Generic - 10mm,Hardware,Hardware,Wire Clip - Plastic - Generic - 10mm,NOS,1.2,1.2,1.2,18,Bengaluru,Karnataka,admin_manual,TRUE
MAT-000916,MAT-000916,MAT-000916,Wire Clip - Plastic - Generic - 20mm,Wire Clip - Plastic - Generic - 20mm,Hardware,Hardware,Wire Clip - Plastic - Generic - 20mm,NOS,1.5,1.5,1.5,18,Bengaluru,Karnataka,admin_manual,TRUE
MAT-001035,MAT-001035,MAT-001035,Kitchen Hob 3 Burner Brass Burner – Glen,Kitchen Hob 3 Burner Brass Burner – Glen,Hob,Kitchen Hob 3 Burner Brass Burner – Glen,Kitchen Hob 3 Burner Brass Burner – Glen,NOS,7800,7800,7800,18,Bengaluru,Karnataka,admin_manual,TRUE
MAT-001033,MAT-001033,MAT-001033,Kitchen Hob 3 Burner Glass Top – Faber,Kitchen Hob 3 Burner Glass Top – Faber,Hob,Kitchen Hob 3 Burner Glass Top – Faber,Kitchen Hob 3 Burner Glass Top – Faber,NOS,8500,8500,8500,18,Bengaluru,Karnataka,admin_manual,TRUE
MAT-001036,MAT-001036,MAT-001036,Kitchen Hob 4 Burner Auto Ignition – Kaff,Kitchen Hob 4 Burner Auto Ignition – Kaff,Hob,Kitchen Hob 4 Burner Auto Ignition – Kaff,Kitchen Hob 4 Burner Auto Ignition – Kaff,NOS,11500,11500,11500,18,Bengaluru,Karnataka,admin_manual,TRUE
MAT-001034,MAT-001034,MAT-001034,Kitchen Hob 4 Burner Glass Top – Elica,Kitchen Hob 4 Burner Glass Top – Elica,Hob,Kitchen Hob 4 Burner Glass Top – Elica,Kitchen Hob 4 Burner Glass Top – Elica,NOS,10500,10500,10500,18,Bengaluru,Karnataka,admin_manual,TRUE
MAT-001037,MAT-001037,MAT-001037,Kitchen Hob 5 Burner Premium – Hindware,Kitchen Hob 5 Burner Premium – Hindware,Hob,Kitchen Hob 5 Burner Premium – Hindware,Kitchen Hob 5 Burner Premium – Hindware,NOS,12500,12500,12500,18,Bengaluru,Karnataka,admin_manual,TRUE
MAT-001043,MAT-001043,MAT-001043,Buffing Compound - Liquid Polish - Generic - 500ml,Buffing Compound - Liquid Polish - Generic - 500ml,Interior,Liquid Polish,Buffing Compound - Liquid Polish - Generic - 500ml,ML,125,125,125,18,Bengaluru,Karnataka,admin_manual,TRUE
MAT-001042,MAT-001042,MAT-001042,Buffing Compound - Solid Paste - Generic - 250gm,Buffing Compound - Solid Paste - Generic - 250gm,Interior,Solid Paste,Buffing Compound - Solid Paste - Generic - 250gm,GMS,95,95,95,18,Bengaluru,Karnataka,admin_manual,TRUE
MAT-001044,MAT-001044,MAT-001044,"Buffing Pad - Foam - Norton - 4""","Buffing Pad - Foam - Norton - 4""",Interior,Foam,"Buffing Pad - Foam - Norton - 4""",NOS,55,55,55,18,Bengaluru,Karnataka,admin_manual,TRUE
MAT-001045,MAT-001045,MAT-001045,"Buffing Pad - Wool - Bosch - 5""","Buffing Pad - Wool - Bosch - 5""",Interior,Wool,"Buffing Pad - Wool - Bosch - 5""",NOS,75,75,75,18,Bengaluru,Karnataka,admin_manual,TRUE
MAT-001040,MAT-001040,MAT-001040,Edge Band Roll - ABS - Generic - 22mm x 0.8mm,Edge Band Roll - ABS - Generic - 22mm x 0.8mm,Interior,ABS,Edge Band Roll - ABS - Generic - 22mm x 0.8mm,M,5.5,5.5,5.5,18,Bengaluru,Karnataka,admin_manual,TRUE
MAT-001041,MAT-001041,MAT-001041,Edge Band Roll - PVC - Merino - 22mm x 0.8mm,Edge Band Roll - PVC - Merino - 22mm x 0.8mm,Interior,PVC,Edge Band Roll - PVC - Merino - 22mm x 0.8mm,M,6.8,6.8,6.8,18,Bengaluru,Karnataka,admin_manual,TRUE
MAT-001038,MAT-001038,MAT-001038,Edge Band Roll - PVC - Rehau - 22mm x 0.8mm,Edge Band Roll - PVC - Rehau - 22mm x 0.8mm,Interior,PVC,Edge Band Roll - PVC - Rehau - 22mm x 0.8mm,M,6.5,6.5,6.5,18,Bengaluru,Karnataka,admin_manual,TRUE
MAT-001039,MAT-001039,MAT-001039,Edge Band Roll - PVC - Rehau - 22mm x 1mm,Edge Band Roll - PVC - Rehau - 22mm x 1mm,Interior,PVC,Edge Band Roll - PVC - Rehau - 22mm x 1mm,M,7.5,7.5,7.5,18,Bengaluru,Karnataka,admin_manual,TRUE
MMBG594653,MMBG594653,MMBG594653,12mm BWP Plywood (Drawer Boxes & Shelf Frames),12mm BWP Plywood (Drawer Boxes & Shelf Frames),Interior BOQ,,12mm BWP plywood for drawer boxes and shelf frames,SQFT,65,65,65,18,Bengaluru,Karnataka,admin_manual,TRUE
MMBG594652,MMBG594652,MMBG594652,18mm BWP/BWR Plywood (Carcase & Shutters),18mm BWP/BWR Plywood (Carcase & Shutters),Interior BOQ,,18mm BWP/BWR plywood for carcase and shutters,SQFT,80,80,80,18,Bengaluru,Karnataka,admin_manual,TRUE
MMMG594654,MMMG594654,MMMG594654,6mm MR Plywood (Backing Panels),6mm MR Plywood (Backing Panels),Interior BOQ,,6mm moisture-resistant plywood for backing panels,SQFT,40,40,40,18,Bengaluru,Karnataka,admin_manual,TRUE
CONG594669,CONG594669,CONG594669,Consumable Screws & Wall Plugs,Consumable Screws & Wall Plugs,Interior BOQ,,Consumable screws and wall plugs,BOX,40,40,40,18,Bengaluru,Karnataka,admin_manual,TRUE
DESG594661,DESG594661,DESG594661,Designer Handles & Profile Pulls,Designer Handles & Profile Pulls,Interior BOQ,,Designer handles and profile pulls,NOS,50,50,50,18,Bengaluru,Karnataka,admin_manual,TRUE
EXTG594655,EXTG594655,EXTG594655,External Decorative Laminate (1.0mm/1.2mm High Gloss),External Decorative Laminate (1.0mm/1.2mm High Gloss),Interior BOQ,,"High-gloss decorative external laminate, 1.0mm/1.2mm",SQFT,45,45,45,18,Bengaluru,Karnataka,admin_manual,TRUE
FEVG594667,FEVG594667,FEVG594667,Fevicol D3 Water-Resistant Adhesive,Fevicol D3 Water-Resistant Adhesive,Interior BOQ,,Water-resistant woodworking adhesive,KG,60,60,60,18,Bengaluru,Karnataka,admin_manual,TRUE
GRAG594666,GRAG594666,GRAG594666,Granite / Quartz Kitchen Countertop,Granite / Quartz Kitchen Countertop,Interior BOQ,,Granite or quartz kitchen countertop,RFT,145,145,145,18,Bengaluru,Karnataka,admin_manual,TRUE
HING594660,HING594660,HING594660,Hinges Soft-Close 3D Hydraulic,Hinges Soft-Close 3D Hydraulic,Interior BOQ,,Soft-close 3D hydraulic hinges,NOS,35,35,35,18,Bengaluru,Karnataka,admin_manual,TRUE
INTG594657,INTG594657,INTG594657,Internal Liner Laminate (0.8mm Off-White),Internal Liner Laminate (0.8mm Off-White),Interior BOQ,,0.8mm off-white internal liner laminate,SQFT,30,30,30,18,Bengaluru,Karnataka,admin_manual,TRUE
MIRG594670,MIRG594670,MIRG594670,Mirrors (5mm Float Glass Bevel Edge),Mirrors (5mm Float Glass Bevel Edge),Interior BOQ,,5mm float glass mirror with bevel edge,SQFT,50,50,50,18,Bengaluru,Karnataka,admin_manual,TRUE
MODG594665,MODG594665,MODG594665,Modular SS 304 Kitchen Baskets,Modular SS 304 Kitchen Baskets,Interior BOQ,,SS 304 cutlery/thali/plain modular kitchen baskets,NOS,450,450,450,18,Bengaluru,Karnataka,admin_manual,TRUE
MORG594662,MORG594662,MORG594662,Mortise & Cylinder Locks,Mortise & Cylinder Locks,Interior BOQ,,Mortise and cylinder lock set,NOS,120,120,120,18,Bengaluru,Karnataka,admin_manual,TRUE
NAIG594668,NAIG594668,NAIG594668,Nails & Fasteners,Nails & Fasteners,Interior BOQ,,General nails and fasteners,KG,30,30,30,18,Bengaluru,Karnataka,admin_manual,TRUE
PVCG594659,PVCG594659,PVCG594659,PVC / Aluminium Corner Beads & Edge Trim Profiles,PVC / Aluminium Corner Beads & Edge Trim Profiles,Interior BOQ,,PVC/aluminium corner beads and edge trims,M,15,15,15,18,Bengaluru,Karnataka,admin_manual,TRUE
PVCG594658,PVCG594658,PVCG594658,PVC Edge Banding Tape (2mm Thick),PVC Edge Banding Tape (2mm Thick),Interior BOQ,,2mm PVC edge banding tape,M,8,8,8,18,Bengaluru,Karnataka,admin_manual,TRUE
SLIG594664,SLIG594664,SLIG594664,Sliding Wardrobe Heavy Duty Roller Tracks,Sliding Wardrobe Heavy Duty Roller Tracks,Interior BOQ,,Heavy-duty sliding wardrobe roller track,RFT,250,250,250,18,Bengaluru,Karnataka,admin_manual,TRUE
TANG594663,TANG594663,TANG594663,Tandem Box / Soft-Close Drawer Channels,Tandem Box / Soft-Close Drawer Channels,Interior BOQ,,Tandem box or soft-close drawer channel set,NOS,80,80,80,18,Bengaluru,Karnataka,admin_manual,TRUE
FCL-12,FCL-12,FCL-12,Gypsum Board False Ceiling Grid System,Gypsum Board False Ceiling Grid System,Interior Finishes,,,SQFT,85,85,85,0,Bengaluru,Karnataka,admin_manual,TRUE
MAT-001128,MAT-001128,MAT-001128,Kitchen Handle Brushed Brass – Ebco,Kitchen Handle Brushed Brass – Ebco,Interior Hardware,Handle,Kitchen Handle Brushed Brass – Ebco,NOS,125,125,125,18,Bengaluru,Karnataka,admin_manual,TRUE
MAT-001126,MAT-001126,MAT-001126,Kitchen Handle Slimline SS – Hettich,Kitchen Handle Slimline SS – Hettich,Interior Hardware,Handle,Kitchen Handle Slimline SS – Hettich,NOS,110,110,110,18,Bengaluru,Karnataka,admin_manual,TRUE
MAT-001127,MAT-001127,MAT-001127,Kitchen Handle Textured Black – Häfele,Kitchen Handle Textured Black – Häfele,Interior Hardware,Handle,Kitchen Handle Textured Black – Häfele,NOS,130,130,130,18,Bengaluru,Karnataka,admin_manual,TRUE
MAT-001129,MAT-001129,MAT-001129,Kitchen Soft Close Hinge 0 Crank – Hettich,Kitchen Soft Close Hinge 0 Crank – Hettich,Interior Hardware,Soft Close,Kitchen Soft Close Hinge 0 Crank – Hettich,NOS,85,85,85,18,Bengaluru,Karnataka,admin_manual,TRUE
MAT-001133,MAT-001133,MAT-001133,Kitchen Soft Close Hinge 135° – Ozone,Kitchen Soft Close Hinge 135° – Ozone,Interior Hardware,Soft Close,Kitchen Soft Close Hinge 135° – Ozone,NOS,105,105,105,18,Bengaluru,Karnataka,admin_manual,TRUE
MAT-001131,MAT-001131,MAT-001131,Kitchen Soft Close Hinge 16 Crank – Ebco,Kitchen Soft Close Hinge 16 Crank – Ebco,Interior Hardware,Soft Close,Kitchen Soft Close Hinge 16 Crank – Ebco,NOS,105,105,105,18,Bengaluru,Karnataka,admin_manual,TRUE
MAT-001134,MAT-001134,MAT-001134,Kitchen Soft Close Hinge 165° – Ebco,Kitchen Soft Close Hinge 165° – Ebco,Interior Hardware,Soft Close,Kitchen Soft Close Hinge 165° – Ebco,NOS,115,115,115,18,Bengaluru,Karnataka,admin_manual,TRUE
MAT-001130,MAT-001130,MAT-001130,Kitchen Soft Close Hinge 8 Crank – Häfele,Kitchen Soft Close Hinge 8 Crank – Häfele,Interior Hardware,Soft Close,Kitchen Soft Close Hinge 8 Crank – Häfele,NOS,95,95,95,18,Bengaluru,Karnataka,admin_manual,TRUE
MAT-001132,MAT-001132,MAT-001132,Kitchen Soft Close Hinge 90° – Godrej,Kitchen Soft Close Hinge 90° – Godrej,Interior Hardware,Soft Close,Kitchen Soft Close Hinge 90° – Godrej,NOS,95,95,95,18,Bengaluru,Karnataka,admin_manual,TRUE
MAT-001052,MAT-001052,MAT-001052,Sliding Channel 10 Inch SS – Hettich,Sliding Channel 10 Inch SS – Hettich,Interior Hardware,Hardware,Sliding Channel 10 Inch SS – Hettich,NOS,190,190,190,18,Bengaluru,Karnataka,admin_manual,TRUE
MAT-001100,MAT-001100,MAT-001100,Sliding Channel 10 Inch Soft Close – Häfele,Sliding Channel 10 Inch Soft Close – Häfele,Interior Hardware,Soft Close,Sliding Channel 10 Inch Soft Close – Häfele,NOS,280,280,280,18,Bengaluru,Karnataka,admin_manual,TRUE
MAT-001053,MAT-001053,MAT-001053,Sliding Channel 12 Inch SS – Ebco,Sliding Channel 12 Inch SS – Ebco,Interior Hardware,Hardware,Sliding Channel 12 Inch SS – Ebco,NOS,210,210,210,18,Bengaluru,Karnataka,admin_manual,TRUE
MAT-001101,MAT-001101,MAT-001101,Sliding Channel 12 Inch Telescopic – Häfele,Sliding Channel 12 Inch Telescopic – Häfele,Interior Hardware,Hardware,Sliding Channel 12 Inch Telescopic – Häfele,NOS,310,310,310,18,Bengaluru,Karnataka,admin_manual,TRUE
MAT-001102,MAT-001102,MAT-001102,Sliding Channel 14 Inch Heavy Duty – Häfele,Sliding Channel 14 Inch Heavy Duty – Häfele,Interior Hardware,Hardware,Sliding Channel 14 Inch Heavy Duty – Häfele,NOS,340,340,340,18,Bengaluru,Karnataka,admin_manual,TRUE
MAT-001054,MAT-001054,MAT-001054,Sliding Channel 14 Inch SS – Ozone,Sliding Channel 14 Inch SS – Ozone,Interior Hardware,Hardware,Sliding Channel 14 Inch SS – Ozone,NOS,230,230,230,18,Bengaluru,Karnataka,admin_manual,TRUE
MAT-001116,MAT-001116,MAT-001116,Sliding Channel 16 Inch Soft Close – Häfele,Sliding Channel 16 Inch Soft Close – Häfele,Interior Hardware,Soft Close,Sliding Channel 16 Inch Soft Close – Häfele,NOS,330,330,330,18,Bengaluru,Karnataka,admin_manual,TRUE
MAT-001068,MAT-001068,MAT-001068,Sliding Channel 18 Inch SS – Hettich,Sliding Channel 18 Inch SS – Hettich,Interior Hardware,Hardware,Sliding Channel 18 Inch SS – Hettich,NOS,270,270,270,18,Bengaluru,Karnataka,admin_manual,TRUE
MAT-001117,MAT-001117,MAT-001117,Sliding Channel 20 Inch Telescopic – Häfele,Sliding Channel 20 Inch Telescopic – Häfele,Interior Hardware,Hardware,Sliding Channel 20 Inch Telescopic – Häfele,NOS,360,360,360,18,Bengaluru,Karnataka,admin_manual,TRUE
MAT-001118,MAT-001118,MAT-001118,Sliding Channel 24 Inch Heavy Duty – Häfele,Sliding Channel 24 Inch Heavy Duty – Häfele,Interior Hardware,Hardware,Sliding Channel 24 Inch Heavy Duty – Häfele,NOS,390,390,390,18,Bengaluru,Karnataka,admin_manual,TRUE
MAT-001084,MAT-001084,MAT-001084,Sliding Channel 24 Inch Soft Close – Hettich,Sliding Channel 24 Inch Soft Close – Hettich,Interior Hardware,Soft Close,Sliding Channel 24 Inch Soft Close – Hettich,NOS,370,370,370,18,Bengaluru,Karnataka,admin_manual,TRUE
MAT-001085,MAT-001085,MAT-001085,Sliding Channel 28 Inch Heavy Duty – Ebco,Sliding Channel 28 Inch Heavy Duty – Ebco,Interior Hardware,Hardware,Sliding Channel 28 Inch Heavy Duty – Ebco,NOS,410,410,410,18,Bengaluru,Karnataka,admin_manual,TRUE
MAT-001086,MAT-001086,MAT-001086,Sliding Channel 32 Inch Telescopic – Ozone,Sliding Channel 32 Inch Telescopic – Ozone,Interior Hardware,Hardware,Sliding Channel 32 Inch Telescopic – Ozone,NOS,450,450,450,18,Bengaluru,Karnataka,admin_manual,TRUE
MAT-001070,MAT-001070,MAT-001070,Sliding Channel Heavy Duty 22 Inch – Ozone,Sliding Channel Heavy Duty 22 Inch – Ozone,Interior Hardware,Hardware,Sliding Channel Heavy Duty 22 Inch – Ozone,NOS,350,350,350,18,Bengaluru,Karnataka,admin_manual,TRUE
MAT-001108,MAT-001108,MAT-001108,Sliding Channel Push-to-Open 16 Inch – Häfele,Sliding Channel Push-to-Open 16 Inch – Häfele,Interior Hardware,Hardware,Sliding Channel Push-to-Open 16 Inch – Häfele,NOS,360,360,360,18,Bengaluru,Karnataka,admin_manual,TRUE
MAT-001092,MAT-001092,MAT-001092,Sliding Channel Push-to-Open 20 Inch – Ebco,Sliding Channel Push-to-Open 20 Inch – Ebco,Interior Hardware,Hardware,Sliding Channel Push-to-Open 20 Inch – Ebco,NOS,330,330,330,18,Bengaluru,Karnataka,admin_manual,TRUE
MAT-001124,MAT-001124,MAT-001124,Sliding Channel Push-to-Open 24 Inch – Häfele,Sliding Channel Push-to-Open 24 Inch – Häfele,Interior Hardware,Hardware,Sliding Channel Push-to-Open 24 Inch – Häfele,NOS,410,410,410,18,Bengaluru,Karnataka,admin_manual,TRUE
MAT-001076,MAT-001076,MAT-001076,Sliding Channel Push-to-Open – Ebco,Sliding Channel Push-to-Open – Ebco,Interior Hardware,Hardware,Sliding Channel Push-to-Open – Ebco,NOS,295,295,295,18,Bengaluru,Karnataka,admin_manual,TRUE
MAT-001069,MAT-001069,MAT-001069,Sliding Channel Soft Close 20 Inch – Ebco,Sliding Channel Soft Close 20 Inch – Ebco,Interior Hardware,Soft Close,Sliding Channel Soft Close 20 Inch – Ebco,NOS,320,320,320,18,Bengaluru,Karnataka,admin_manual,TRUE
MAT-001060,MAT-001060,MAT-001060,Sliding Channel Telescopic 16 Inch – Ebco,Sliding Channel Telescopic 16 Inch – Ebco,Interior Hardware,Hardware,Sliding Channel Telescopic 16 Inch – Ebco,NOS,250,250,250,18,Bengaluru,Karnataka,admin_manual,TRUE
MAT-001055,MAT-001055,MAT-001055,Soft Close Hinge 0 Crank – Hettich,Soft Close Hinge 0 Crank – Hettich,Interior Hardware,Soft Close,Soft Close Hinge 0 Crank – Hettich,NOS,85,85,85,18,Bengaluru,Karnataka,admin_manual,TRUE
MAT-001103,MAT-001103,MAT-001103,Soft Close Hinge 0 Crank – Häfele,Soft Close Hinge 0 Crank – Häfele,Interior Hardware,Soft Close,Soft Close Hinge 0 Crank – Häfele,NOS,125,125,125,18,Bengaluru,Karnataka,admin_manual,TRUE
MAT-001120,MAT-001120,MAT-001120,Soft Close Hinge 135° Hydraulic – Häfele,Soft Close Hinge 135° Hydraulic – Häfele,Interior Hardware,Soft Close,Soft Close Hinge 135° Hydraulic – Häfele,NOS,155,155,155,18,Bengaluru,Karnataka,admin_manual,TRUE
MAT-001088,MAT-001088,MAT-001088,Soft Close Hinge 135° – Ebco,Soft Close Hinge 135° – Ebco,Interior Hardware,Soft Close,Soft Close Hinge 135° – Ebco,NOS,145,145,145,18,Bengaluru,Karnataka,admin_manual,TRUE
MAT-001105,MAT-001105,MAT-001105,Soft Close Hinge 16 Crank – Häfele,Soft Close Hinge 16 Crank – Häfele,Interior Hardware,Soft Close,Soft Close Hinge 16 Crank – Häfele,NOS,145,145,145,18,Bengaluru,Karnataka,admin_manual,TRUE
MAT-001057,MAT-001057,MAT-001057,Soft Close Hinge 16 Crank – Ozone,Soft Close Hinge 16 Crank – Ozone,Interior Hardware,Soft Close,Soft Close Hinge 16 Crank – Ozone,NOS,105,105,105,18,Bengaluru,Karnataka,admin_manual,TRUE
MAT-001121,MAT-001121,MAT-001121,Soft Close Hinge 165° XL – Häfele,Soft Close Hinge 165° XL – Häfele,Interior Hardware,Soft Close,Soft Close Hinge 165° XL – Häfele,NOS,165,165,165,18,Bengaluru,Karnataka,admin_manual,TRUE
MAT-001073,MAT-001073,MAT-001073,Soft Close Hinge 165° – Ozone,Soft Close Hinge 165° – Ozone,Interior Hardware,Soft Close,Soft Close Hinge 165° – Ozone,NOS,145,145,145,18,Bengaluru,Karnataka,admin_manual,TRUE
MAT-001089,MAT-001089,MAT-001089,Soft Close Hinge 180° – Ozone,Soft Close Hinge 180° – Ozone,Interior Hardware,Soft Close,Soft Close Hinge 180° – Ozone,NOS,155,155,155,18,Bengaluru,Karnataka,admin_manual,TRUE
MAT-001072,MAT-001072,MAT-001072,Soft Close Hinge 3D Adjustable – Ebco,Soft Close Hinge 3D Adjustable – Ebco,Interior Hardware,Soft Close,Soft Close Hinge 3D Adjustable – Ebco,NOS,135,135,135,18,Bengaluru,Karnataka,admin_manual,TRUE
MAT-001056,MAT-001056,MAT-001056,Soft Close Hinge 8 Crank – Ebco,Soft Close Hinge 8 Crank – Ebco,Interior Hardware,Soft Close,Soft Close Hinge 8 Crank – Ebco,NOS,95,95,95,18,Bengaluru,Karnataka,admin_manual,TRUE
MAT-001104,MAT-001104,MAT-001104,Soft Close Hinge 8 Crank – Häfele,Soft Close Hinge 8 Crank – Häfele,Interior Hardware,Soft Close,Soft Close Hinge 8 Crank – Häfele,NOS,135,135,135,18,Bengaluru,Karnataka,admin_manual,TRUE
MAT-001119,MAT-001119,MAT-001119,Soft Close Hinge 90° Clip-on – Häfele,Soft Close Hinge 90° Clip-on – Häfele,Interior Hardware,Soft Close,Soft Close Hinge 90° Clip-on – Häfele,NOS,145,145,145,18,Bengaluru,Karnataka,admin_manual,TRUE
MAT-001087,MAT-001087,MAT-001087,Soft Close Hinge 90° – Hettich,Soft Close Hinge 90° – Hettich,Interior Hardware,Soft Close,Soft Close Hinge 90° – Hettich,NOS,135,135,135,18,Bengaluru,Karnataka,admin_manual,TRUE
MAT-001071,MAT-001071,MAT-001071,Soft Close Hinge Clip-on – Hettich,Soft Close Hinge Clip-on – Hettich,Interior Hardware,Soft Close,Soft Close Hinge Clip-on – Hettich,NOS,125,125,125,18,Bengaluru,Karnataka,admin_manual,TRUE
MAT-001109,MAT-001109,MAT-001109,Soft Close Hinge Hydraulic XL – Häfele,Soft Close Hinge Hydraulic XL – Häfele,Interior Hardware,Soft Close,Soft Close Hinge Hydraulic XL – Häfele,NOS,155,155,155,18,Bengaluru,Karnataka,admin_manual,TRUE
MAT-001061,MAT-001061,MAT-001061,Soft Close Hinge Hydraulic – Ozone,Soft Close Hinge Hydraulic – Ozone,Interior Hardware,Soft Close,Soft Close Hinge Hydraulic – Ozone,NOS,115,115,115,18,Bengaluru,Karnataka,admin_manual,TRUE
MAT-001077,MAT-001077,MAT-001077,Soft Close Hinge Mini – Ozone,Soft Close Hinge Mini – Ozone,Interior Hardware,Soft Close,Soft Close Hinge Mini – Ozone,NOS,105,105,105,18,Bengaluru,Karnataka,admin_manual,TRUE
MAT-001125,MAT-001125,MAT-001125,Soft Close Hinge XL Designer – Häfele,Soft Close Hinge XL Designer – Häfele,Interior Hardware,Soft Close,Soft Close Hinge XL Designer – Häfele,NOS,175,175,175,18,Bengaluru,Karnataka,admin_manual,TRUE
MAT-001093,MAT-001093,MAT-001093,Soft Close Hinge XL Hydraulic – Ozone,Soft Close Hinge XL Hydraulic – Ozone,Interior Hardware,Soft Close,Soft Close Hinge XL Hydraulic – Ozone,NOS,165,165,165,18,Bengaluru,Karnataka,admin_manual,TRUE
MAT-001048,MAT-001048,MAT-001048,Wardrobe Handle Brass Antique – Ozone,Wardrobe Handle Brass Antique – Ozone,Interior Hardware,Wardrobe Handle,Wardrobe Handle Brass Antique – Ozone,NOS,150,150,150,18,Bengaluru,Karnataka,admin_manual,TRUE
MAT-001096,MAT-001096,MAT-001096,Wardrobe Handle Brushed Brass – Häfele,Wardrobe Handle Brushed Brass – Häfele,Interior Hardware,Wardrobe Handle,Wardrobe Handle Brushed Brass – Häfele,NOS,200,200,200,18,Bengaluru,Karnataka,admin_manual,TRUE
MAT-001046,MAT-001046,MAT-001046,Wardrobe Handle Chrome Finish – Hettich,Wardrobe Handle Chrome Finish – Hettich,Interior Hardware,Wardrobe Handle,Wardrobe Handle Chrome Finish – Hettich,NOS,120,120,120,18,Bengaluru,Karnataka,admin_manual,TRUE
MAT-001064,MAT-001064,MAT-001064,Wardrobe Handle Glossy Black – Ozone,Wardrobe Handle Glossy Black – Ozone,Interior Hardware,Wardrobe Handle,Wardrobe Handle Glossy Black – Ozone,NOS,145,145,145,18,Bengaluru,Karnataka,admin_manual,TRUE
MAT-001080,MAT-001080,MAT-001080,Wardrobe Handle Glossy Chrome – Ozone,Wardrobe Handle Glossy Chrome – Ozone,Interior Hardware,Wardrobe Handle,Wardrobe Handle Glossy Chrome – Ozone,NOS,155,155,155,18,Bengaluru,Karnataka,admin_manual,TRUE
MAT-001110,MAT-001110,MAT-001110,Wardrobe Handle Glossy Nickel – Häfele,Wardrobe Handle Glossy Nickel – Häfele,Interior Hardware,Wardrobe Handle,Wardrobe Handle Glossy Nickel – Häfele,NOS,185,185,185,18,Bengaluru,Karnataka,admin_manual,TRUE
MAT-001047,MAT-001047,MAT-001047,Wardrobe Handle Matte Black – Ebco,Wardrobe Handle Matte Black – Ebco,Interior Hardware,Wardrobe Handle,Wardrobe Handle Matte Black – Ebco,NOS,130,130,130,18,Bengaluru,Karnataka,admin_manual,TRUE
MAT-001111,MAT-001111,MAT-001111,Wardrobe Handle Matte Bronze – Häfele,Wardrobe Handle Matte Bronze – Häfele,Interior Hardware,Wardrobe Handle,Wardrobe Handle Matte Bronze – Häfele,NOS,195,195,195,18,Bengaluru,Karnataka,admin_manual,TRUE
MAT-001123,MAT-001123,MAT-001123,Wardrobe Handle Premium Leather – Häfele,Wardrobe Handle Premium Leather – Häfele,Interior Hardware,Wardrobe Handle,Wardrobe Handle Premium Leather – Häfele,NOS,225,225,225,18,Bengaluru,Karnataka,admin_manual,TRUE
MAT-001091,MAT-001091,MAT-001091,Wardrobe Handle Premium Wood – Hettich,Wardrobe Handle Premium Wood – Hettich,Interior Hardware,Wardrobe Handle,Wardrobe Handle Premium Wood – Hettich,NOS,185,185,185,18,Bengaluru,Karnataka,admin_manual,TRUE
MAT-001107,MAT-001107,MAT-001107,Wardrobe Handle Premium Wood – Häfele,Wardrobe Handle Premium Wood – Häfele,Interior Hardware,Wardrobe Handle,Wardrobe Handle Premium Wood – Häfele,NOS,210,210,210,18,Bengaluru,Karnataka,admin_manual,TRUE
MAT-001062,MAT-001062,MAT-001062,Wardrobe Handle Rose Gold – Hettich,Wardrobe Handle Rose Gold – Hettich,Interior Hardware,Wardrobe Handle,Wardrobe Handle Rose Gold – Hettich,NOS,160,160,160,18,Bengaluru,Karnataka,admin_manual,TRUE
MAT-001094,MAT-001094,MAT-001094,Wardrobe Handle Satin Chrome – Häfele,Wardrobe Handle Satin Chrome – Häfele,Interior Hardware,Wardrobe Handle,Wardrobe Handle Satin Chrome – Häfele,NOS,180,180,180,18,Bengaluru,Karnataka,admin_manual,TRUE
MAT-001078,MAT-001078,MAT-001078,Wardrobe Handle Satin Gold – Hettich,Wardrobe Handle Satin Gold – Hettich,Interior Hardware,Wardrobe Handle,Wardrobe Handle Satin Gold – Hettich,NOS,175,175,175,18,Bengaluru,Karnataka,admin_manual,TRUE
MAT-001063,MAT-001063,MAT-001063,Wardrobe Handle Satin Nickel – Ebco,Wardrobe Handle Satin Nickel – Ebco,Interior Hardware,Wardrobe Handle,Wardrobe Handle Satin Nickel – Ebco,NOS,155,155,155,18,Bengaluru,Karnataka,admin_manual,TRUE
MAT-001079,MAT-001079,MAT-001079,Wardrobe Handle Textured Black – Ebco,Wardrobe Handle Textured Black – Ebco,Interior Hardware,Wardrobe Handle,Wardrobe Handle Textured Black – Ebco,NOS,165,165,165,18,Bengaluru,Karnataka,admin_manual,TRUE
MAT-001075,MAT-001075,MAT-001075,Wardrobe Handle Textured Bronze – Hettich,Wardrobe Handle Textured Bronze – Hettich,Interior Hardware,Wardrobe Handle,Wardrobe Handle Textured Bronze – Hettich,NOS,170,170,170,18,Bengaluru,Karnataka,admin_manual,TRUE
MAT-001095,MAT-001095,MAT-001095,Wardrobe Handle Textured Nickel – Häfele,Wardrobe Handle Textured Nickel – Häfele,Interior Hardware,Wardrobe Handle,Wardrobe Handle Textured Nickel – Häfele,NOS,190,190,190,18,Bengaluru,Karnataka,admin_manual,TRUE
MAT-001112,MAT-001112,MAT-001112,Wardrobe Handle Textured Steel – Häfele,Wardrobe Handle Textured Steel – Häfele,Interior Hardware,Wardrobe Handle,Wardrobe Handle Textured Steel – Häfele,NOS,205,205,205,18,Bengaluru,Karnataka,admin_manual,TRUE
MAT-001059,MAT-001059,MAT-001059,Wardrobe Handle Wooden Finish – Hettich,Wardrobe Handle Wooden Finish – Hettich,Interior Hardware,Wardrobe Handle,Wardrobe Handle Wooden Finish – Hettich,NOS,140,140,140,18,Bengaluru,Karnataka,admin_manual,TRUE
MAT-001074,MAT-001074,MAT-001074,Wardrobe Lock Cam Type – Godrej,Wardrobe Lock Cam Type – Godrej,Interior Hardware,Hardware,Wardrobe Lock Cam Type – Godrej,NOS,190,190,190,18,Bengaluru,Karnataka,admin_manual,TRUE
MAT-001098,MAT-001098,MAT-001098,Wardrobe Lock Concealed Magnetic – Häfele,Wardrobe Lock Concealed Magnetic – Häfele,Interior Hardware,Hardware,Wardrobe Lock Concealed Magnetic – Häfele,NOS,240,240,240,18,Bengaluru,Karnataka,admin_manual,TRUE
MAT-001058,MAT-001058,MAT-001058,Wardrobe Lock Concealed Type – Godrej,Wardrobe Lock Concealed Type – Godrej,Interior Hardware,Hardware,Wardrobe Lock Concealed Type – Godrej,NOS,200,200,200,18,Bengaluru,Karnataka,admin_manual,TRUE
MAT-001049,MAT-001049,MAT-001049,Wardrobe Lock Cylinder Type – Godrej,Wardrobe Lock Cylinder Type – Godrej,Interior Hardware,Hardware,Wardrobe Lock Cylinder Type – Godrej,NOS,180,180,180,18,Bengaluru,Karnataka,admin_manual,TRUE
MAT-001115,MAT-001115,MAT-001115,Wardrobe Lock Designer Finish – Häfele,Wardrobe Lock Designer Finish – Häfele,Interior Hardware,Hardware,Wardrobe Lock Designer Finish – Häfele,NOS,310,310,310,18,Bengaluru,Karnataka,admin_manual,TRUE
MAT-001090,MAT-001090,MAT-001090,Wardrobe Lock Designer Series – Godrej,Wardrobe Lock Designer Series – Godrej,Interior Hardware,Hardware,Wardrobe Lock Designer Series – Godrej,NOS,280,280,280,18,Bengaluru,Karnataka,admin_manual,TRUE
MAT-001065,MAT-001065,MAT-001065,Wardrobe Lock Digital Keypad – Godrej,Wardrobe Lock Digital Keypad – Godrej,Interior Hardware,Hardware,Wardrobe Lock Digital Keypad – Godrej,NOS,850,850,850,18,Bengaluru,Karnataka,admin_manual,TRUE
MAT-001114,MAT-001114,MAT-001114,Wardrobe Lock Dual Access – Häfele,Wardrobe Lock Dual Access – Häfele,Interior Hardware,Hardware,Wardrobe Lock Dual Access – Häfele,NOS,290,290,290,18,Bengaluru,Karnataka,admin_manual,TRUE
MAT-001082,MAT-001082,MAT-001082,Wardrobe Lock Dual Mechanism – Ebco,Wardrobe Lock Dual Mechanism – Ebco,Interior Hardware,Hardware,Wardrobe Lock Dual Mechanism – Ebco,NOS,240,240,240,18,Bengaluru,Karnataka,admin_manual,TRUE
MAT-001051,MAT-001051,MAT-001051,Wardrobe Lock Magnetic Catch – Ozone,Wardrobe Lock Magnetic Catch – Ozone,Interior Hardware,Hardware,Wardrobe Lock Magnetic Catch – Ozone,NOS,140,140,140,18,Bengaluru,Karnataka,admin_manual,TRUE
MAT-001083,MAT-001083,MAT-001083,Wardrobe Lock Premium Brass – Ozone,Wardrobe Lock Premium Brass – Ozone,Interior Hardware,Hardware,Wardrobe Lock Premium Brass – Ozone,NOS,260,260,260,18,Bengaluru,Karnataka,admin_manual,TRUE
MAT-001113,MAT-001113,MAT-001113,Wardrobe Lock Premium Concealed – Häfele,Wardrobe Lock Premium Concealed – Häfele,Interior Hardware,Hardware,Wardrobe Lock Premium Concealed – Häfele,NOS,270,270,270,18,Bengaluru,Karnataka,admin_manual,TRUE
MAT-001099,MAT-001099,MAT-001099,Wardrobe Lock Premium Cylinder – Häfele,Wardrobe Lock Premium Cylinder – Häfele,Interior Hardware,Hardware,Wardrobe Lock Premium Cylinder – Häfele,NOS,260,260,260,18,Bengaluru,Karnataka,admin_manual,TRUE
MAT-001050,MAT-001050,MAT-001050,Wardrobe Lock Push Type – Ebco,Wardrobe Lock Push Type – Ebco,Interior Hardware,Hardware,Wardrobe Lock Push Type – Ebco,NOS,160,160,160,18,Bengaluru,Karnataka,admin_manual,TRUE
MAT-001097,MAT-001097,MAT-001097,Wardrobe Lock Push-to-Open – Häfele,Wardrobe Lock Push-to-Open – Häfele,Interior Hardware,Hardware,Wardrobe Lock Push-to-Open – Häfele,NOS,220,220,220,18,Bengaluru,Karnataka,admin_manual,TRUE
MAT-001122,MAT-001122,MAT-001122,Wardrobe Lock RFID + Keypad – Häfele,Wardrobe Lock RFID + Keypad – Häfele,Interior Hardware,Hardware,Wardrobe Lock RFID + Keypad – Häfele,NOS,890,890,890,18,Bengaluru,Karnataka,admin_manual,TRUE
MAT-001106,MAT-001106,MAT-001106,Wardrobe Lock RFID Enabled – Häfele,Wardrobe Lock RFID Enabled – Häfele,Interior Hardware,Hardware,Wardrobe Lock RFID Enabled – Häfele,NOS,850,850,850,18,Bengaluru,Karnataka,admin_manual,TRUE
MAT-001066,MAT-001066,MAT-001066,Wardrobe Lock RFID Enabled – Ozone,Wardrobe Lock RFID Enabled – Ozone,Interior Hardware,Hardware,Wardrobe Lock RFID Enabled – Ozone,NOS,780,780,780,18,Bengaluru,Karnataka,admin_manual,TRUE
MAT-001067,MAT-001067,MAT-001067,Wardrobe Lock Sliding Bolt – Ebco,Wardrobe Lock Sliding Bolt – Ebco,Interior Hardware,Hardware,Wardrobe Lock Sliding Bolt – Ebco,NOS,220,220,220,18,Bengaluru,Karnataka,admin_manual,TRUE
MAT-001081,MAT-001081,MAT-001081,Wardrobe Lock Sliding Concealed – Godrej,Wardrobe Lock Sliding Concealed – Godrej,Interior Hardware,Hardware,Wardrobe Lock Sliding Concealed – Godrej,NOS,210,210,210,18,Bengaluru,Karnataka,admin_manual,TRUE
MAT-001143,MAT-001143,MAT-001143,Kitchen Lift-Up System Compact – Ebco,Kitchen Lift-Up System Compact – Ebco,Interior-Lift-Up,Kitchen Lift-Up System Compact – Ebco,Kitchen Lift-Up System Compact – Ebco,NOS,2150,2150,2150,18,Bengaluru,Karnataka,admin_manual,TRUE
MAT-001138,MAT-001138,MAT-001138,Kitchen Lift-Up System Compact – Godrej,Kitchen Lift-Up System Compact – Godrej,Interior-Lift-Up,Kitchen Lift-Up System Compact – Godrej,Kitchen Lift-Up System Compact – Godrej,NOS,1750,1750,1750,18,Bengaluru,Karnataka,admin_manual,TRUE
MAT-001137,MAT-001137,MAT-001137,Kitchen Lift-Up System Hydraulic – Ebco,Kitchen Lift-Up System Hydraulic – Ebco,Interior-Lift-Up,Kitchen Lift-Up System Hydraulic – Ebco,Kitchen Lift-Up System Hydraulic – Ebco,NOS,1950,1950,1950,18,Bengaluru,Karnataka,admin_manual,TRUE
MAT-001142,MAT-001142,MAT-001142,Kitchen Lift-Up System Premium Hydraulic – Häfele,Kitchen Lift-Up System Premium Hydraulic – Häfele,Interior-Lift-Up,Kitchen Lift-Up System Premium Hydraulic – Häfele,Kitchen Lift-Up System Premium Hydraulic – Häfele,NOS,2450,2450,2450,18,Bengaluru,Karnataka,admin_manual,TRUE
MAT-001140,MAT-001140,MAT-001140,Kitchen Lift-Up System Push-to-Open – Ebco,Kitchen Lift-Up System Push-to-Open – Ebco,Interior-Lift-Up,Kitchen Lift-Up System Push-to-Open – Ebco,Kitchen Lift-Up System Push-to-Open – Ebco,NOS,1950,1950,1950,18,Bengaluru,Karnataka,admin_manual,TRUE
MAT-001135,MAT-001135,MAT-001135,Kitchen Lift-Up System Standard – Hettich,Kitchen Lift-Up System Standard – Hettich,Interior-Lift-Up,Kitchen Lift-Up System Standard – Hettich,Kitchen Lift-Up System Standard – Hettich,NOS,1850,1850,1850,18,Bengaluru,Karnataka,admin_manual,TRUE
MAT-001139,MAT-001139,MAT-001139,Kitchen Lift-Up System XL Hydraulic – Ozone,Kitchen Lift-Up System XL Hydraulic – Ozone,Interior-Lift-Up,Kitchen Lift-Up System XL Hydraulic – Ozone,Kitchen Lift-Up System XL Hydraulic – Ozone,NOS,2050,2050,2050,18,Bengaluru,Karnataka,admin_manual,TRUE
MAT-001141,MAT-001141,MAT-001141,Kitchen Lift-Up System XL Push – Hettich,Kitchen Lift-Up System XL Push – Hettich,Interior-Lift-Up,Kitchen Lift-Up System XL Push – Hettich,Kitchen Lift-Up System XL Push – Hettich,NOS,2250,2250,2250,18,Bengaluru,Karnataka,admin_manual,TRUE
MAT-001136,MAT-001136,MAT-001136,Kitchen Lift-Up System XL – Häfele,Kitchen Lift-Up System XL – Häfele,Interior-Lift-Up,Kitchen Lift-Up System XL – Häfele,Kitchen Lift-Up System XL – Häfele,NOS,2150,2150,2150,18,Bengaluru,Karnataka,admin_manual,TRUE
MAT-001145,MAT-001145,MAT-001145,Inverter 1100VA Sine Wave – Microtek,Inverter 1100VA Sine Wave – Microtek,Inverter-UPS,Inverter 1100VA Sine Wave – Microtek,Inverter 1100VA Sine Wave – Microtek,NOS,6800,6800,6800,18,Bengaluru,Karnataka,admin_manual,TRUE
MAT-001146,MAT-001146,MAT-001146,Inverter 1500VA Pure Sine Wave – V-Guard,Inverter 1500VA Pure Sine Wave – V-Guard,Inverter-UPS,Inverter 1500VA Pure Sine Wave – V-Guard,Inverter 1500VA Pure Sine Wave – V-Guard,NOS,8200,8200,8200,18,Bengaluru,Karnataka,admin_manual,TRUE
MAT-001154,MAT-001154,MAT-001154,Inverter 1500VA WiFi Enabled – Livguard,Inverter 1500VA WiFi Enabled – Livguard,Inverter-UPS,Inverter 1500VA WiFi Enabled – Livguard,Inverter 1500VA WiFi Enabled – Livguard,NOS,8700,8700,8700,18,Bengaluru,Karnataka,admin_manual,TRUE
MAT-001155,MAT-001155,MAT-001155,Inverter 2000VA LCD Display – Microtek,Inverter 2000VA LCD Display – Microtek,Inverter-UPS,Inverter 2000VA LCD Display – Microtek,Inverter 2000VA LCD Display – Microtek,NOS,9400,9400,9400,18,Bengaluru,Karnataka,admin_manual,TRUE
MAT-001147,MAT-001147,MAT-001147,Inverter 2000VA Pure Sine Wave – Livguard,Inverter 2000VA Pure Sine Wave – Livguard,Inverter-UPS,Inverter 2000VA Pure Sine Wave – Livguard,Inverter 2000VA Pure Sine Wave – Livguard,NOS,9800,9800,9800,18,Bengaluru,Karnataka,admin_manual,TRUE
MAT-001148,MAT-001148,MAT-001148,Inverter 2500VA Smart LCD – Luminous,Inverter 2500VA Smart LCD – Luminous,Inverter-UPS,Inverter 2500VA Smart LCD – Luminous,Inverter 2500VA Smart LCD – Luminous,NOS,11200,11200,11200,18,Bengaluru,Karnataka,admin_manual,TRUE
MAT-001156,MAT-001156,MAT-001156,Inverter 2500VA Solar Ready – V-Guard,Inverter 2500VA Solar Ready – V-Guard,Inverter-UPS,Inverter 2500VA Solar Ready – V-Guard,Inverter 2500VA Solar Ready – V-Guard,NOS,10900,10900,10900,18,Bengaluru,Karnataka,admin_manual,TRUE
MAT-001149,MAT-001149,MAT-001149,Inverter 3000VA Dual Battery – Microtek,Inverter 3000VA Dual Battery – Microtek,Inverter-UPS,Inverter 3000VA Dual Battery – Microtek,Inverter 3000VA Dual Battery – Microtek,NOS,12800,12800,12800,18,Bengaluru,Karnataka,admin_manual,TRUE
MAT-001157,MAT-001157,MAT-001157,Inverter 3000VA Smart App Control – Luminous,Inverter 3000VA Smart App Control – Luminous,Inverter-UPS,Inverter 3000VA Smart App Control – Luminous,Inverter 3000VA Smart App Control – Luminous,NOS,12500,12500,12500,18,Bengaluru,Karnataka,admin_manual,TRUE
MAT-001150,MAT-001150,MAT-001150,Inverter 3500VA Heavy Duty – V-Guard,Inverter 3500VA Heavy Duty – V-Guard,Inverter-UPS,Inverter 3500VA Heavy Duty – V-Guard,Inverter 3500VA Heavy Duty – V-Guard,NOS,14500,14500,14500,18,Bengaluru,Karnataka,admin_manual,TRUE
MAT-001151,MAT-001151,MAT-001151,Inverter 4000VA Solar Hybrid – Livguard,Inverter 4000VA Solar Hybrid – Livguard,Inverter-UPS,Inverter 4000VA Solar Hybrid – Livguard,Inverter 4000VA Solar Hybrid – Livguard,NOS,16500,16500,16500,18,Bengaluru,Karnataka,admin_manual,TRUE
MAT-001152,MAT-001152,MAT-001152,Inverter 5000VA Solar + Grid – Luminous,Inverter 5000VA Solar + Grid – Luminous,Inverter-UPS,Inverter 5000VA Solar + Grid – Luminous,Inverter 5000VA Solar + Grid – Luminous,NOS,18500,18500,18500,18,Bengaluru,Karnataka,admin_manual,TRUE
MAT-001153,MAT-001153,MAT-001153,Inverter 900VA Compact – V-Guard,Inverter 900VA Compact – V-Guard,Inverter-UPS,Inverter 900VA Compact – V-Guard,Inverter 900VA Compact – V-Guard,NOS,6100,6100,6100,18,Bengaluru,Karnataka,admin_manual,TRUE
MAT-001144,MAT-001144,MAT-001144,Inverter 900VA Sine Wave – Luminous,Inverter 900VA Sine Wave – Luminous,Inverter-UPS,Inverter 900VA Sine Wave – Luminous,Inverter 900VA Sine Wave – Luminous,NOS,6200,6200,6200,18,Bengaluru,Karnataka,admin_manual,TRUE
MAT-001160,MAT-001160,MAT-001160,"Sink - Quartz Single Bowl - Carysil - 24""x18""","Sink - Quartz Single Bowl - Carysil - 24""x18""",Kitchen Drain Bowl,Quartz Single Bowl,"Sink - Quartz Single Bowl - Carysil - 24""x18""",NOS,2850,2850,2850,18,Bengaluru,Karnataka,admin_manual,TRUE
MAT-001161,MAT-001161,MAT-001161,"Sink - SS Bowl with Drainboard - Futura - 36""x18""","Sink - SS Bowl with Drainboard - Futura - 36""x18""",Kitchen Drain Bowl,SS Bowl with Drainboard,"Sink - SS Bowl with Drainboard - Futura - 36""x18""",NOS,2650,2650,2650,18,Bengaluru,Karnataka,admin_manual,TRUE
MAT-001159,MAT-001159,MAT-001159,"Sink - SS Double Bowl - Nirali - 32""x20""","Sink - SS Double Bowl - Nirali - 32""x20""",Kitchen Drain Bowl,SS Double Bowl,"Sink - SS Double Bowl - Nirali - 32""x20""",NOS,2450,2450,2450,18,Bengaluru,Karnataka,admin_manual,TRUE
MAT-001158,MAT-001158,MAT-001158,"Sink - SS Single Bowl - Carysil - 24""x18""","Sink - SS Single Bowl - Carysil - 24""x18""",Kitchen Drain Bowl,SS Single Bowl,"Sink - SS Single Bowl - Carysil - 24""x18""",NOS,1850,1850,1850,18,Bengaluru,Karnataka,admin_manual,TRUE
MAT-001162,MAT-001162,MAT-001162,Kitchen Corner Carousel 2-Tier – Häfele,Kitchen Corner Carousel 2-Tier – Häfele,Kitchen-Corner Unit,Kitchen Corner Carousel 2-Tier – Häfele,Kitchen Corner Carousel 2-Tier – Häfele,NOS,3850,3850,3850,18,Bengaluru,Karnataka,admin_manual,TRUE
MAT-001164,MAT-001164,MAT-001164,Kitchen Corner Carousel 3-Tier – Ozone,Kitchen Corner Carousel 3-Tier – Ozone,Kitchen-Corner Unit,Kitchen Corner Carousel 3-Tier – Ozone,Kitchen Corner Carousel 3-Tier – Ozone,NOS,4050,4050,4050,18,Bengaluru,Karnataka,admin_manual,TRUE
MAT-001166,MAT-001166,MAT-001166,Kitchen Corner Carousel XL – Häfele,Kitchen Corner Carousel XL – Häfele,Kitchen-Corner Unit,Kitchen Corner Carousel XL – Häfele,Kitchen Corner Carousel XL – Häfele,NOS,4550,4550,4550,18,Bengaluru,Karnataka,admin_manual,TRUE
MAT-001167,MAT-001167,MAT-001167,Kitchen Corner Magic Pullout Premium – Ebco,Kitchen Corner Magic Pullout Premium – Ebco,Kitchen-Corner Unit,Kitchen Corner Magic Pullout Premium – Ebco,Kitchen Corner Magic Pullout Premium – Ebco,NOS,4950,4950,4950,18,Bengaluru,Karnataka,admin_manual,TRUE
MAT-001165,MAT-001165,MAT-001165,Kitchen Corner Magic Pullout XL – Ebco,Kitchen Corner Magic Pullout XL – Ebco,Kitchen-Corner Unit,Kitchen Corner Magic Pullout XL – Ebco,Kitchen Corner Magic Pullout XL – Ebco,NOS,4450,4450,4450,18,Bengaluru,Karnataka,admin_manual,TRUE
MAT-001163,MAT-001163,MAT-001163,Kitchen Corner Magic Pullout – Ebco,Kitchen Corner Magic Pullout – Ebco,Kitchen-Corner Unit,Kitchen Corner Magic Pullout – Ebco,Kitchen Corner Magic Pullout – Ebco,NOS,4250,4250,4250,18,Bengaluru,Karnataka,admin_manual,TRUE
MAT-001173,MAT-001173,MAT-001173,Kitchen Tandem Box 350mm – Ebco,Kitchen Tandem Box 350mm – Ebco,Kitchen-Drawer System,Kitchen Tandem Box 350mm – Ebco,Kitchen Tandem Box 350mm – Ebco,NOS,1150,1150,1150,18,Bengaluru,Karnataka,admin_manual,TRUE
MAT-001172,MAT-001172,MAT-001172,Kitchen Tandem Box 400mm – Ozone,Kitchen Tandem Box 400mm – Ozone,Kitchen-Drawer System,Kitchen Tandem Box 400mm – Ozone,Kitchen Tandem Box 400mm – Ozone,NOS,1250,1250,1250,18,Bengaluru,Karnataka,admin_manual,TRUE
MAT-001171,MAT-001171,MAT-001171,Kitchen Tandem Box 450mm – Godrej,Kitchen Tandem Box 450mm – Godrej,Kitchen-Drawer System,Kitchen Tandem Box 450mm – Godrej,Kitchen Tandem Box 450mm – Godrej,NOS,1350,1350,1350,18,Bengaluru,Karnataka,admin_manual,TRUE
MAT-001168,MAT-001168,MAT-001168,Kitchen Tandem Box 500mm – Hettich,Kitchen Tandem Box 500mm – Hettich,Kitchen-Drawer System,Kitchen Tandem Box 500mm – Hettich,Kitchen Tandem Box 500mm – Hettich,NOS,1450,1450,1450,18,Bengaluru,Karnataka,admin_manual,TRUE
MAT-001169,MAT-001169,MAT-001169,Kitchen Tandem Box 550mm – Häfele,Kitchen Tandem Box 550mm – Häfele,Kitchen-Drawer System,Kitchen Tandem Box 550mm – Häfele,Kitchen Tandem Box 550mm – Häfele,NOS,1550,1550,1550,18,Bengaluru,Karnataka,admin_manual,TRUE
MAT-001170,MAT-001170,MAT-001170,Kitchen Tandem Box 600mm – Ebco,Kitchen Tandem Box 600mm – Ebco,Kitchen-Drawer System,Kitchen Tandem Box 600mm – Ebco,Kitchen Tandem Box 600mm – Ebco,NOS,1650,1650,1650,18,Bengaluru,Karnataka,admin_manual,TRUE
MAT-001174,MAT-001174,MAT-001174,Kitchen Tandem Box Premium 500mm – Hettich,Kitchen Tandem Box Premium 500mm – Hettich,Kitchen-Drawer System,Kitchen Tandem Box Premium 500mm – Hettich,Kitchen Tandem Box Premium 500mm – Hettich,NOS,1750,1750,1750,18,Bengaluru,Karnataka,admin_manual,TRUE
MAT-001175,MAT-001175,MAT-001175,Kitchen Tandem Box Premium 550mm – Häfele,Kitchen Tandem Box Premium 550mm – Häfele,Kitchen-Drawer System,Kitchen Tandem Box Premium 550mm – Häfele,Kitchen Tandem Box Premium 550mm – Häfele,NOS,1850,1850,1850,18,Bengaluru,Karnataka,admin_manual,TRUE
MAT-001176,MAT-001176,MAT-001176,Kitchen Tandem Box Premium 600mm – Ebco,Kitchen Tandem Box Premium 600mm – Ebco,Kitchen-Drawer System,Kitchen Tandem Box Premium 600mm – Ebco,Kitchen Tandem Box Premium 600mm – Ebco,NOS,1950,1950,1950,18,Bengaluru,Karnataka,admin_manual,TRUE
MAT-001179,MAT-001179,MAT-001179,Kitchen Handle Antique Brass – Ebco,Kitchen Handle Antique Brass – Ebco,Kitchen-Handle,Kitchen Handle Antique Brass – Ebco,Kitchen Handle Antique Brass – Ebco,NOS,135,135,135,18,Bengaluru,Karnataka,admin_manual,TRUE
MAT-001178,MAT-001178,MAT-001178,Kitchen Handle Glossy Black – Ozone,Kitchen Handle Glossy Black – Ozone,Kitchen-Handle,Kitchen Handle Glossy Black – Ozone,Kitchen Handle Glossy Black – Ozone,NOS,125,125,125,18,Bengaluru,Karnataka,admin_manual,TRUE
MAT-001181,MAT-001181,MAT-001181,Kitchen Handle Glossy Copper – Häfele,Kitchen Handle Glossy Copper – Häfele,Kitchen-Handle,Kitchen Handle Glossy Copper – Häfele,Kitchen Handle Glossy Copper – Häfele,NOS,155,155,155,18,Bengaluru,Karnataka,admin_manual,TRUE
MAT-001182,MAT-001182,MAT-001182,Kitchen Handle Matte Graphite – Ebco,Kitchen Handle Matte Graphite – Ebco,Kitchen-Handle,Kitchen Handle Matte Graphite – Ebco,Kitchen Handle Matte Graphite – Ebco,NOS,165,165,165,18,Bengaluru,Karnataka,admin_manual,TRUE
MAT-001177,MAT-001177,MAT-001177,Kitchen Handle Premium SS – Godrej,Kitchen Handle Premium SS – Godrej,Kitchen-Handle,Kitchen Handle Premium SS – Godrej,Kitchen Handle Premium SS – Godrej,NOS,115,115,115,18,Bengaluru,Karnataka,admin_manual,TRUE
MAT-001180,MAT-001180,MAT-001180,Kitchen Handle Satin Bronze – Hettich,Kitchen Handle Satin Bronze – Hettich,Kitchen-Handle,Kitchen Handle Satin Bronze – Hettich,Kitchen Handle Satin Bronze – Hettich,NOS,145,145,145,18,Bengaluru,Karnataka,admin_manual,TRUE
MAT-001185,MAT-001185,MAT-001185,Kitchen Bottle Pullout 2-Tier – Godrej,Kitchen Bottle Pullout 2-Tier – Godrej,Kitchen-Pullout,Kitchen Bottle Pullout 2-Tier – Godrej,Kitchen Bottle Pullout 2-Tier – Godrej,NOS,2250,2250,2250,18,Bengaluru,Karnataka,admin_manual,TRUE
MAT-001183,MAT-001183,MAT-001183,Kitchen Bottle Pullout 3-Tier – Hettich,Kitchen Bottle Pullout 3-Tier – Hettich,Kitchen-Pullout,Kitchen Bottle Pullout 3-Tier – Hettich,Kitchen Bottle Pullout 3-Tier – Hettich,NOS,2450,2450,2450,18,Bengaluru,Karnataka,admin_manual,TRUE
MAT-001187,MAT-001187,MAT-001187,Kitchen Bottle Pullout 4-Tier – Hettich,Kitchen Bottle Pullout 4-Tier – Hettich,Kitchen-Pullout,Kitchen Bottle Pullout 4-Tier – Hettich,Kitchen Bottle Pullout 4-Tier – Hettich,NOS,2850,2850,2850,18,Bengaluru,Karnataka,admin_manual,TRUE
MAT-001186,MAT-001186,MAT-001186,Kitchen Waste Bin Pullout Dual – Ozone,Kitchen Waste Bin Pullout Dual – Ozone,Kitchen-Pullout,Kitchen Waste Bin Pullout Dual – Ozone,Kitchen Waste Bin Pullout Dual – Ozone,NOS,2850,2850,2850,18,Bengaluru,Karnataka,admin_manual,TRUE
MAT-001188,MAT-001188,MAT-001188,Kitchen Waste Bin Pullout Soft Close – Häfele,Kitchen Waste Bin Pullout Soft Close – Häfele,Kitchen-Pullout,Kitchen Waste Bin Pullout Soft Close – Häfele,Kitchen Waste Bin Pullout Soft Close – Häfele,NOS,3050,3050,3050,18,Bengaluru,Karnataka,admin_manual,TRUE
MAT-001184,MAT-001184,MAT-001184,Kitchen Waste Bin Pullout – Häfele,Kitchen Waste Bin Pullout – Häfele,Kitchen-Pullout,Kitchen Waste Bin Pullout – Häfele,Kitchen Waste Bin Pullout – Häfele,NOS,2650,2650,2650,18,Bengaluru,Karnataka,admin_manual,TRUE
MAT-001204,MAT-001204,MAT-001204,Laminate - Decorative - Glossy - Merino - 0.8mm - 7'x4',Laminate - Decorative - Glossy - Merino - 0.8mm - 7'x4',Laminates,Laminate Sheet,Laminate - Decorative - Glossy - Merino - 0.8mm - 7'x4',SHEET,780,780,780,18,Bengaluru,Karnataka,admin_manual,TRUE
MAT-001190,MAT-001190,MAT-001190,Laminate - Decorative - Glossy - Merino - 0.8mm - 8'x4',Laminate - Decorative - Glossy - Merino - 0.8mm - 8'x4',Laminates,Laminate Sheet,Laminate - Decorative - Glossy - Merino - 0.8mm - 8'x4',SHEET,820,820,820,18,Bengaluru,Karnataka,admin_manual,TRUE
MAT-001212,MAT-001212,MAT-001212,Laminate - Decorative - Glossy - Royal Touch - 0.8mm - 7'x4',Laminate - Decorative - Glossy - Royal Touch - 0.8mm - 7'x4',Laminates,Laminate Sheet,Laminate - Decorative - Glossy - Royal Touch - 0.8mm - 7'x4',SHEET,760,760,760,18,Bengaluru,Karnataka,admin_manual,TRUE
MAT-001198,MAT-001198,MAT-001198,Laminate - Decorative - Glossy - Royal Touch - 0.8mm - 8'x4',Laminate - Decorative - Glossy - Royal Touch - 0.8mm - 8'x4',Laminates,Laminate Sheet,Laminate - Decorative - Glossy - Royal Touch - 0.8mm - 8'x4',SHEET,800,800,800,18,Bengaluru,Karnataka,admin_manual,TRUE
MAT-001203,MAT-001203,MAT-001203,Laminate - Decorative - Matte - Merino - 0.8mm - 7'x4',Laminate - Decorative - Matte - Merino - 0.8mm - 7'x4',Laminates,Laminate Sheet,Laminate - Decorative - Matte - Merino - 0.8mm - 7'x4',SHEET,740,740,740,18,Bengaluru,Karnataka,admin_manual,TRUE
MAT-001189,MAT-001189,MAT-001189,Laminate - Decorative - Matte - Merino - 0.8mm - 8'x4',Laminate - Decorative - Matte - Merino - 0.8mm - 8'x4',Laminates,Laminate Sheet,Laminate - Decorative - Matte - Merino - 0.8mm - 8'x4',SHEET,780,780,780,18,Bengaluru,Karnataka,admin_manual,TRUE
MAT-001211,MAT-001211,MAT-001211,Laminate - Decorative - Matte - Royal Touch - 0.8mm - 7'x4',Laminate - Decorative - Matte - Royal Touch - 0.8mm - 7'x4',Laminates,Laminate Sheet,Laminate - Decorative - Matte - Royal Touch - 0.8mm - 7'x4',SHEET,720,720,720,18,Bengaluru,Karnataka,admin_manual,TRUE
MAT-001197,MAT-001197,MAT-001197,Laminate - Decorative - Matte - Royal Touch - 0.8mm - 8'x4',Laminate - Decorative - Matte - Royal Touch - 0.8mm - 8'x4',Laminates,Laminate Sheet,Laminate - Decorative - Matte - Royal Touch - 0.8mm - 8'x4',SHEET,760,760,760,18,Bengaluru,Karnataka,admin_manual,TRUE
MAT-001215,MAT-001215,MAT-001215,Laminate - High Gloss - Acrylic Look - Century - 1mm - 7'x4',Laminate - High Gloss - Acrylic Look - Century - 1mm - 7'x4',Laminates,Laminate Sheet,Laminate - High Gloss - Acrylic Look - Century - 1mm - 7'x4',SHEET,980,980,980,18,Bengaluru,Karnataka,admin_manual,TRUE
MAT-001201,MAT-001201,MAT-001201,Laminate - High Gloss - Acrylic Look - Century - 1mm - 8'x4',Laminate - High Gloss - Acrylic Look - Century - 1mm - 8'x4',Laminates,Laminate Sheet,Laminate - High Gloss - Acrylic Look - Century - 1mm - 8'x4',SHEET,1020,1020,1020,18,Bengaluru,Karnataka,admin_manual,TRUE
MAT-001210,MAT-001210,MAT-001210,Laminate - High Gloss - Crystal Finish - Virgo - 1mm - 7'x4',Laminate - High Gloss - Crystal Finish - Virgo - 1mm - 7'x4',Laminates,Laminate Sheet,Laminate - High Gloss - Crystal Finish - Virgo - 1mm - 7'x4',SHEET,960,960,960,18,Bengaluru,Karnataka,admin_manual,TRUE
MAT-001196,MAT-001196,MAT-001196,Laminate - High Gloss - Crystal Finish - Virgo - 1mm - 8'x4',Laminate - High Gloss - Crystal Finish - Virgo - 1mm - 8'x4',Laminates,Laminate Sheet,Laminate - High Gloss - Crystal Finish - Virgo - 1mm - 8'x4',SHEET,990,990,990,18,Bengaluru,Karnataka,admin_manual,TRUE
MAT-001209,MAT-001209,MAT-001209,Laminate - High Gloss - Mirror Finish - Virgo - 1mm - 7'x4',Laminate - High Gloss - Mirror Finish - Virgo - 1mm - 7'x4',Laminates,Laminate Sheet,Laminate - High Gloss - Mirror Finish - Virgo - 1mm - 7'x4',SHEET,940,940,940,18,Bengaluru,Karnataka,admin_manual,TRUE
MAT-001195,MAT-001195,MAT-001195,Laminate - High Gloss - Mirror Finish - Virgo - 1mm - 8'x4',Laminate - High Gloss - Mirror Finish - Virgo - 1mm - 8'x4',Laminates,Laminate Sheet,Laminate - High Gloss - Mirror Finish - Virgo - 1mm - 8'x4',SHEET,980,980,980,18,Bengaluru,Karnataka,admin_manual,TRUE
MAT-001206,MAT-001206,MAT-001206,Laminate - Solid Color - Glossy - Greenlam - 1mm - 7'x4',Laminate - Solid Color - Glossy - Greenlam - 1mm - 7'x4',Laminates,Laminate Sheet,Laminate - Solid Color - Glossy - Greenlam - 1mm - 7'x4',SHEET,850,850,850,18,Bengaluru,Karnataka,admin_manual,TRUE
MAT-001192,MAT-001192,MAT-001192,Laminate - Solid Color - Glossy - Greenlam - 1mm - 8'x4',Laminate - Solid Color - Glossy - Greenlam - 1mm - 8'x4',Laminates,Laminate Sheet,Laminate - Solid Color - Glossy - Greenlam - 1mm - 8'x4',SHEET,890,890,890,18,Bengaluru,Karnataka,admin_manual,TRUE
MAT-001205,MAT-001205,MAT-001205,Laminate - Solid Color - Matte - Greenlam - 1mm - 7'x4',Laminate - Solid Color - Matte - Greenlam - 1mm - 7'x4',Laminates,Laminate Sheet,Laminate - Solid Color - Matte - Greenlam - 1mm - 7'x4',SHEET,810,810,810,18,Bengaluru,Karnataka,admin_manual,TRUE
MAT-001191,MAT-001191,MAT-001191,Laminate - Solid Color - Matte - Greenlam - 1mm - 8'x4',Laminate - Solid Color - Matte - Greenlam - 1mm - 8'x4',Laminates,Laminate Sheet,Laminate - Solid Color - Matte - Greenlam - 1mm - 8'x4',SHEET,850,850,850,18,Bengaluru,Karnataka,admin_manual,TRUE
MAT-001216,MAT-001216,MAT-001216,Laminate - Solid Color - Matte - Virgo - 0.8mm - 7'x4',Laminate - Solid Color - Matte - Virgo - 0.8mm - 7'x4',Laminates,Laminate Sheet,Laminate - Solid Color - Matte - Virgo - 0.8mm - 7'x4',SHEET,750,750,750,18,Bengaluru,Karnataka,admin_manual,TRUE
MAT-001202,MAT-001202,MAT-001202,Laminate - Solid Color - Matte - Virgo - 0.8mm - 8'x4',Laminate - Solid Color - Matte - Virgo - 0.8mm - 8'x4',Laminates,Laminate Sheet,Laminate - Solid Color - Matte - Virgo - 0.8mm - 8'x4',SHEET,790,790,790,18,Bengaluru,Karnataka,admin_manual,TRUE
MAT-001214,MAT-001214,MAT-001214,Laminate - Textured - Fabric Finish - Merino - 1mm - 7'x4',Laminate - Textured - Fabric Finish - Merino - 1mm - 7'x4',Laminates,Laminate Sheet,Laminate - Textured - Fabric Finish - Merino - 1mm - 7'x4',SHEET,910,910,910,18,Bengaluru,Karnataka,admin_manual,TRUE
MAT-001200,MAT-001200,MAT-001200,Laminate - Textured - Fabric Finish - Merino - 1mm - 8'x4',Laminate - Textured - Fabric Finish - Merino - 1mm - 8'x4',Laminates,Laminate Sheet,Laminate - Textured - Fabric Finish - Merino - 1mm - 8'x4',SHEET,950,950,950,18,Bengaluru,Karnataka,admin_manual,TRUE
MAT-001208,MAT-001208,MAT-001208,Laminate - Textured - Leather - Century - 1mm - 7'x4',Laminate - Textured - Leather - Century - 1mm - 7'x4',Laminates,Laminate Sheet,Laminate - Textured - Leather - Century - 1mm - 7'x4',SHEET,900,900,900,18,Bengaluru,Karnataka,admin_manual,TRUE
MAT-001194,MAT-001194,MAT-001194,Laminate - Textured - Leather - Century - 1mm - 8'x4',Laminate - Textured - Leather - Century - 1mm - 8'x4',Laminates,Laminate Sheet,Laminate - Textured - Leather - Century - 1mm - 8'x4',SHEET,940,940,940,18,Bengaluru,Karnataka,admin_manual,TRUE
MAT-001213,MAT-001213,MAT-001213,Laminate - Textured - Stone Finish - Greenlam - 1mm - 7'x4',Laminate - Textured - Stone Finish - Greenlam - 1mm - 7'x4',Laminates,Laminate Sheet,Laminate - Textured - Stone Finish - Greenlam - 1mm - 7'x4',SHEET,920,920,920,18,Bengaluru,Karnataka,admin_manual,TRUE
MAT-001199,MAT-001199,MAT-001199,Laminate - Textured - Stone Finish - Greenlam - 1mm - 8'x4',Laminate - Textured - Stone Finish - Greenlam - 1mm - 8'x4',Laminates,Laminate Sheet,Laminate - Textured - Stone Finish - Greenlam - 1mm - 8'x4',SHEET,960,960,960,18,Bengaluru,Karnataka,admin_manual,TRUE
MAT-001207,MAT-001207,MAT-001207,Laminate - Textured - Suede - Century - 1mm - 7'x4',Laminate - Textured - Suede - Century - 1mm - 7'x4',Laminates,Laminate Sheet,Laminate - Textured - Suede - Century - 1mm - 7'x4',SHEET,880,880,880,18,Bengaluru,Karnataka,admin_manual,TRUE
MAT-001193,MAT-001193,MAT-001193,Laminate - Textured - Suede - Century - 1mm - 8'x4',Laminate - Textured - Suede - Century - 1mm - 8'x4',Laminates,Laminate Sheet,Laminate - Textured - Suede - Century - 1mm - 8'x4',SHEET,920,920,920,18,Bengaluru,Karnataka,admin_manual,TRUE
MAT-001222,MAT-001222,MAT-001222,Residential Lift 2-Person Compact Cabin 750x750mm – Elite,Residential Lift 2-Person Compact Cabin 750x750mm – Elite,Lift,Residential Lift 2-Person Compact Cabin 750x750mm,Residential Lift 2-Person Compact Cabin 750x750mm – Elite,NOS,450000,450000,450000,18,Bengaluru,Karnataka,admin_manual,TRUE
MAT-001217,MAT-001217,MAT-001217,Residential Lift 2-Person Hydraulic 800x800mm – Johnson,Residential Lift 2-Person Hydraulic 800x800mm – Johnson,Lift,Residential Lift 2-Person Hydraulic 800x800mm – Jo,Residential Lift 2-Person Hydraulic 800x800mm – Johnson,NOS,480000,480000,480000,18,Bengaluru,Karnataka,admin_manual,TRUE
MAT-001227,MAT-001227,MAT-001227,Residential Lift 2-Person Hydraulic with Pit 800x800mm – Thyssenkrupp,Residential Lift 2-Person Hydraulic with Pit 800x800mm – Thyssenkrupp,Lift,Residential Lift 2-Person Hydraulic with Pit 800x8,Residential Lift 2-Person Hydraulic with Pit 800x800mm – Thyssenkrupp,NOS,495000,495000,495000,18,Bengaluru,Karnataka,admin_manual,TRUE
MAT-001223,MAT-001223,MAT-001223,Residential Lift 3-Person Glass Cabin 900x900mm – Johnson,Residential Lift 3-Person Glass Cabin 900x900mm – Johnson,Lift,Residential Lift 3-Person Glass Cabin 900x900mm –,Residential Lift 3-Person Glass Cabin 900x900mm – Johnson,NOS,510000,510000,510000,18,Bengaluru,Karnataka,admin_manual,TRUE
MAT-001218,MAT-001218,MAT-001218,Residential Lift 3-Person Hydraulic 900x900mm – Kone,Residential Lift 3-Person Hydraulic 900x900mm – Kone,Lift,Residential Lift 3-Person Hydraulic 900x900mm – Ko,Residential Lift 3-Person Hydraulic 900x900mm – Kone,NOS,520000,520000,520000,18,Bengaluru,Karnataka,admin_manual,TRUE
MAT-001228,MAT-001228,MAT-001228,Residential Lift 3-Person No Pit Required 900x900mm – Elite,Residential Lift 3-Person No Pit Required 900x900mm – Elite,Lift,Residential Lift 3-Person No Pit Required 900x900m,Residential Lift 3-Person No Pit Required 900x900mm – Elite,NOS,535000,535000,535000,18,Bengaluru,Karnataka,admin_manual,TRUE
MAT-001219,MAT-001219,MAT-001219,Residential Lift 4-Person Gearless 1000x1000mm – Schindler,Residential Lift 4-Person Gearless 1000x1000mm – Schindler,Lift,Residential Lift 4-Person Gearless 1000x1000mm – S,Residential Lift 4-Person Gearless 1000x1000mm – Schindler,NOS,580000,580000,580000,18,Bengaluru,Karnataka,admin_manual,TRUE
MAT-001229,MAT-001229,MAT-001229,Residential Lift 4-Person Low Headroom 1000x1000mm – Johnson,Residential Lift 4-Person Low Headroom 1000x1000mm – Johnson,Lift,Residential Lift 4-Person Low Headroom 1000x1000mm,Residential Lift 4-Person Low Headroom 1000x1000mm – Johnson,NOS,585000,585000,585000,18,Bengaluru,Karnataka,admin_manual,TRUE
MAT-001224,MAT-001224,MAT-001224,Residential Lift 4-Person Premium Finish 1000x1000mm – Kone,Residential Lift 4-Person Premium Finish 1000x1000mm – Kone,Lift,Residential Lift 4-Person Premium Finish 1000x1000,Residential Lift 4-Person Premium Finish 1000x1000mm – Kone,NOS,570000,570000,570000,18,Bengaluru,Karnataka,admin_manual,TRUE
MAT-001230,MAT-001230,MAT-001230,Residential Lift 5-Person High Speed 1100x1100mm – Kone,Residential Lift 5-Person High Speed 1100x1100mm – Kone,Lift,Residential Lift 5-Person High Speed 1100x1100mm –,Residential Lift 5-Person High Speed 1100x1100mm – Kone,NOS,645000,645000,645000,18,Bengaluru,Karnataka,admin_manual,TRUE
MAT-001220,MAT-001220,MAT-001220,Residential Lift 5-Person MRL 1100x1100mm – Otis,Residential Lift 5-Person MRL 1100x1100mm – Otis,Lift,Residential Lift 5-Person MRL 1100x1100mm – Otis,Residential Lift 5-Person MRL 1100x1100mm – Otis,NOS,640000,640000,640000,18,Bengaluru,Karnataka,admin_manual,TRUE
MAT-001225,MAT-001225,MAT-001225,Residential Lift 5-Person Panoramic View 1100x1100mm – Schindler,Residential Lift 5-Person Panoramic View 1100x1100mm – Schindler,Lift,Residential Lift 5-Person Panoramic View 1100x1100,Residential Lift 5-Person Panoramic View 1100x1100mm – Schindler,NOS,630000,630000,630000,18,Bengaluru,Karnataka,admin_manual,TRUE
MAT-001226,MAT-001226,MAT-001226,Residential Lift 6-Person Luxury Cabin 1200x1200mm – Otis,Residential Lift 6-Person Luxury Cabin 1200x1200mm – Otis,Lift,Residential Lift 6-Person Luxury Cabin 1200x1200mm,Residential Lift 6-Person Luxury Cabin 1200x1200mm – Otis,NOS,700000,700000,700000,18,Bengaluru,Karnataka,admin_manual,TRUE
MAT-001231,MAT-001231,MAT-001231,Residential Lift 6-Person Smart Control 1200x1200mm – Schindler,Residential Lift 6-Person Smart Control 1200x1200mm – Schindler,Lift,Residential Lift 6-Person Smart Control 1200x1200m,Residential Lift 6-Person Smart Control 1200x1200mm – Schindler,NOS,710000,710000,710000,18,Bengaluru,Karnataka,admin_manual,TRUE
MAT-001221,MAT-001221,MAT-001221,Residential Lift 6-Person Traction 1200x1200mm – Thyssenkrupp,Residential Lift 6-Person Traction 1200x1200mm – Thyssenkrupp,Lift,Residential Lift 6-Person Traction 1200x1200mm – T,Residential Lift 6-Person Traction 1200x1200mm – Thyssenkrupp,NOS,690000,690000,690000,18,Bengaluru,Karnataka,admin_manual,TRUE
MAT-001247,MAT-001247,MAT-001247,Emergency Light LED Rechargeable - Anchor,Emergency Light LED Rechargeable - Anchor,Lighting,Emergency Light LED Rechargeable,Emergency Light LED Rechargeable - Anchor,NOS,620,620,620,18,Bengaluru,Karnataka,admin_manual,TRUE
MAT-001248,MAT-001248,MAT-001248,Emergency Light LED Rechargeable - GM,Emergency Light LED Rechargeable - GM,Lighting,Emergency Light LED Rechargeable,Emergency Light LED Rechargeable - GM,NOS,620,620,620,18,Bengaluru,Karnataka,admin_manual,TRUE
MAT-001249,MAT-001249,MAT-001249,Emergency Light LED Rechargeable - Havells,Emergency Light LED Rechargeable - Havells,Lighting,Emergency Light LED Rechargeable,Emergency Light LED Rechargeable - Havells,NOS,620,620,620,18,Bengaluru,Karnataka,admin_manual,TRUE
MAT-001250,MAT-001250,MAT-001250,Emergency Light LED Rechargeable - Legrand,Emergency Light LED Rechargeable - Legrand,Lighting,Emergency Light LED Rechargeable,Emergency Light LED Rechargeable - Legrand,NOS,620,620,620,18,Bengaluru,Karnataka,admin_manual,TRUE
MAT-001251,MAT-001251,MAT-001251,Emergency Light LED Rechargeable - Schneider,Emergency Light LED Rechargeable - Schneider,Lighting,Emergency Light LED Rechargeable,Emergency Light LED Rechargeable - Schneider,NOS,620,620,620,18,Bengaluru,Karnataka,admin_manual,TRUE
MAT-001252,MAT-001252,MAT-001252,Flood Light 50W LED - Anchor,Flood Light 50W LED - Anchor,Lighting,Lighting,Flood Light 50W LED - Anchor,NOS,1150,1150,1150,18,Bengaluru,Karnataka,admin_manual,TRUE
MAT-001253,MAT-001253,MAT-001253,Flood Light 50W LED - GM,Flood Light 50W LED - GM,Lighting,Lighting,Flood Light 50W LED - GM,NOS,1150,1150,1150,18,Bengaluru,Karnataka,admin_manual,TRUE
MAT-001254,MAT-001254,MAT-001254,Flood Light 50W LED - Havells,Flood Light 50W LED - Havells,Lighting,Lighting,Flood Light 50W LED - Havells,NOS,1150,1150,1150,18,Bengaluru,Karnataka,admin_manual,TRUE
MAT-001255,MAT-001255,MAT-001255,Flood Light 50W LED - Legrand,Flood Light 50W LED - Legrand,Lighting,Lighting,Flood Light 50W LED - Legrand,NOS,1150,1150,1150,18,Bengaluru,Karnataka,admin_manual,TRUE
MAT-001256,MAT-001256,MAT-001256,Flood Light 50W LED - Schneider,Flood Light 50W LED - Schneider,Lighting,Lighting,Flood Light 50W LED - Schneider,NOS,1150,1150,1150,18,Bengaluru,Karnataka,admin_manual,TRUE
MAT-001232,MAT-001232,MAT-001232,LED Bulb 9W - Anchor,LED Bulb 9W - Anchor,Lighting,Lighting,LED Bulb 9W - Anchor,NOS,95,95,95,18,Bengaluru,Karnataka,admin_manual,TRUE
MAT-001233,MAT-001233,MAT-001233,LED Bulb 9W - GM,LED Bulb 9W - GM,Lighting,Lighting,LED Bulb 9W - GM,NOS,95,95,95,18,Bengaluru,Karnataka,admin_manual,TRUE
MAT-001235,MAT-001235,MAT-001235,LED Bulb 9W - Havells,LED Bulb 9W - Havells,Lighting,Lighting,LED Bulb 9W - Havells,NOS,95,95,95,18,Bengaluru,Karnataka,admin_manual,TRUE
MAT-001234,MAT-001234,MAT-001234,LED Bulb 9W - Legrand,LED Bulb 9W - Legrand,Lighting,Lighting,LED Bulb 9W - Legrand,NOS,95,95,95,18,Bengaluru,Karnataka,admin_manual,TRUE
MAT-001236,MAT-001236,MAT-001236,LED Bulb 9W - Schneider,LED Bulb 9W - Schneider,Lighting,Lighting,LED Bulb 9W - Schneider,NOS,95,95,95,18,Bengaluru,Karnataka,admin_manual,TRUE
MAT-001242,MAT-001242,MAT-001242,LED Panel Light 12W Round - Anchor,LED Panel Light 12W Round - Anchor,Lighting,LED Panel Light 12W Round,LED Panel Light 12W Round - Anchor,NOS,280,280,280,18,Bengaluru,Karnataka,admin_manual,TRUE
MAT-001243,MAT-001243,MAT-001243,LED Panel Light 12W Round - GM,LED Panel Light 12W Round - GM,Lighting,LED Panel Light 12W Round,LED Panel Light 12W Round - GM,NOS,280,280,280,18,Bengaluru,Karnataka,admin_manual,TRUE
MAT-001244,MAT-001244,MAT-001244,LED Panel Light 12W Round - Havells,LED Panel Light 12W Round - Havells,Lighting,LED Panel Light 12W Round,LED Panel Light 12W Round - Havells,NOS,280,280,280,18,Bengaluru,Karnataka,admin_manual,TRUE
MAT-001246,MAT-001246,MAT-001246,LED Panel Light 12W Round - Legrand,LED Panel Light 12W Round - Legrand,Lighting,LED Panel Light 12W Round,LED Panel Light 12W Round - Legrand,NOS,280,280,280,18,Bengaluru,Karnataka,admin_manual,TRUE
MAT-001245,MAT-001245,MAT-001245,LED Panel Light 12W Round - Polycab,LED Panel Light 12W Round - Polycab,Lighting,LED Panel Light 12W Round,LED Panel Light 12W Round - Polycab,NOS,280,280,280,18,Bengaluru,Karnataka,admin_manual,TRUE
MAT-001237,MAT-001237,MAT-001237,LED Tube Light 20W - Anchor,LED Tube Light 20W - Anchor,Lighting,Lighting,LED Tube Light 20W - Anchor,NOS,220,220,220,18,Bengaluru,Karnataka,admin_manual,TRUE
MAT-001238,MAT-001238,MAT-001238,LED Tube Light 20W - GM,LED Tube Light 20W - GM,Lighting,Lighting,LED Tube Light 20W - GM,NOS,220,220,220,18,Bengaluru,Karnataka,admin_manual,TRUE
MAT-001239,MAT-001239,MAT-001239,LED Tube Light 20W - Havells,LED Tube Light 20W - Havells,Lighting,Lighting,LED Tube Light 20W - Havells,NOS,220,220,220,18,Bengaluru,Karnataka,admin_manual,TRUE
MAT-001241,MAT-001241,MAT-001241,LED Tube Light 20W - Legrand,LED Tube Light 20W - Legrand,Lighting,Lighting,LED Tube Light 20W - Legrand,NOS,220,220,220,18,Bengaluru,Karnataka,admin_manual,TRUE
MAT-001240,MAT-001240,MAT-001240,LED Tube Light 20W - Polycab,LED Tube Light 20W - Polycab,Lighting,Lighting,LED Tube Light 20W - Polycab,NOS,220,220,220,18,Bengaluru,Karnataka,admin_manual,TRUE
MAT-001262,MAT-001262,MAT-001262,Night Lamp LED Plug-In - Anchor,Night Lamp LED Plug-In - Anchor,Lighting,Night Lamp LED Plug-In,Night Lamp LED Plug-In - Anchor,NOS,85,85,85,18,Bengaluru,Karnataka,admin_manual,TRUE
MAT-001263,MAT-001263,MAT-001263,Night Lamp LED Plug-In - GM,Night Lamp LED Plug-In - GM,Lighting,Night Lamp LED Plug-In,Night Lamp LED Plug-In - GM,NOS,85,85,85,18,Bengaluru,Karnataka,admin_manual,TRUE
MAT-001264,MAT-001264,MAT-001264,Night Lamp LED Plug-In - Legrand,Night Lamp LED Plug-In - Legrand,Lighting,Night Lamp LED Plug-In,Night Lamp LED Plug-In - Legrand,NOS,85,85,85,18,Bengaluru,Karnataka,admin_manual,TRUE
MAT-001257,MAT-001257,MAT-001257,Street Light 24W LED - Anchor,Street Light 24W LED - Anchor,Lighting,Lighting,Street Light 24W LED - Anchor,NOS,980,980,980,18,Bengaluru,Karnataka,admin_manual,TRUE
MAT-001258,MAT-001258,MAT-001258,Street Light 24W LED - GM,Street Light 24W LED - GM,Lighting,Lighting,Street Light 24W LED - GM,NOS,980,980,980,18,Bengaluru,Karnataka,admin_manual,TRUE
MAT-001259,MAT-001259,MAT-001259,Street Light 24W LED - Havells,Street Light 24W LED - Havells,Lighting,Lighting,Street Light 24W LED - Havells,NOS,980,980,980,18,Bengaluru,Karnataka,admin_manual,TRUE
MAT-001260,MAT-001260,MAT-001260,Street Light 24W LED - Legrand,Street Light 24W LED - Legrand,Lighting,Lighting,Street Light 24W LED - Legrand,NOS,980,980,980,18,Bengaluru,Karnataka,admin_manual,TRUE
MAT-001261,MAT-001261,MAT-001261,Street Light 24W LED - Schneider,Street Light 24W LED - Schneider,Lighting,Lighting,Street Light 24W LED - Schneider,NOS,980,980,980,18,Bengaluru,Karnataka,admin_manual,TRUE
MAT-001267,MAT-001267,MAT-001267,Kitchen Soft Close Hinge 3D Adjustable – Ebco,Kitchen Soft Close Hinge 3D Adjustable – Ebco,Loft -Hinge,Kitchen Soft Close Hinge 3D Adjustable – Ebco,Kitchen Soft Close Hinge 3D Adjustable – Ebco,NOS,135,135,135,18,Bengaluru,Karnataka,admin_manual,TRUE
MAT-001265,MAT-001265,MAT-001265,Kitchen Soft Close Hinge Designer – Hettich,Kitchen Soft Close Hinge Designer – Hettich,Loft -Hinge,Kitchen Soft Close Hinge Designer – Hettich,Kitchen Soft Close Hinge Designer – Hettich,NOS,115,115,115,18,Bengaluru,Karnataka,admin_manual,TRUE
MAT-001266,MAT-001266,MAT-001266,Kitchen Soft Close Hinge XL – Häfele,Kitchen Soft Close Hinge XL – Häfele,Loft -Hinge,Kitchen Soft Close Hinge XL – Häfele,Kitchen Soft Close Hinge XL – Häfele,NOS,125,125,125,18,Bengaluru,Karnataka,admin_manual,TRUE
MAT-001271,MAT-001271,MAT-001271,Marble - Ambaji White - Honed - Gujarat - 16mm - Cut Size 5'x2.5',Marble - Ambaji White - Honed - Gujarat - 16mm - Cut Size 5'x2.5',Marble,Honed,Marble - Ambaji White - Honed - Gujarat - 16mm - Cut Size 5'x2.5',SQFT,90,90,90,18,Bengaluru,Karnataka,admin_manual,TRUE
MAT-001270,MAT-001270,MAT-001270,Marble - Ambaji White - Polished - Gujarat - 16mm - Random Slab,Marble - Ambaji White - Polished - Gujarat - 16mm - Random Slab,Marble,Polished,Marble - Ambaji White - Polished - Gujarat - 16mm - Random Slab,SQFT,100,100,100,18,Bengaluru,Karnataka,admin_manual,TRUE
MAT-001275,MAT-001275,MAT-001275,Marble - Banswara Purple - Honed - Rajasthan - 20mm - Cut Size 5.5'x3',Marble - Banswara Purple - Honed - Rajasthan - 20mm - Cut Size 5.5'x3',Marble,Honed,Marble - Banswara Purple - Honed - Rajasthan - 20mm - Cut Size 5.5'x3',SQFT,85,85,85,18,Bengaluru,Karnataka,admin_manual,TRUE
MAT-001274,MAT-001274,MAT-001274,Marble - Banswara Purple - Polished - Rajasthan - 20mm - Random Slab,Marble - Banswara Purple - Polished - Rajasthan - 20mm - Random Slab,Marble,Polished,Marble - Banswara Purple - Polished - Rajasthan - 20mm - Random Slab,SQFT,95,95,95,18,Bengaluru,Karnataka,admin_manual,TRUE
MAT-001277,MAT-001277,MAT-001277,Marble - Italian Carrara - Honed - Italy - 18mm - Cut Size 6'x4',Marble - Italian Carrara - Honed - Italy - 18mm - Cut Size 6'x4',Marble,Honed,Marble - Italian Carrara - Honed - Italy - 18mm - Cut Size 6'x4',SQFT,260,260,260,18,Bengaluru,Karnataka,admin_manual,TRUE
MAT-001276,MAT-001276,MAT-001276,Marble - Italian Carrara - Polished - Italy - 18mm - Random Slab,Marble - Italian Carrara - Polished - Italy - 18mm - Random Slab,Marble,Polished,Marble - Italian Carrara - Polished - Italy - 18mm - Random Slab,SQFT,280,280,280,18,Bengaluru,Karnataka,admin_manual,TRUE
MAT-001279,MAT-001279,MAT-001279,Marble - Italian Statuario - Honed - Italy - 20mm - Cut Size 6.5'x3.5',Marble - Italian Statuario - Honed - Italy - 20mm - Cut Size 6.5'x3.5',Marble,Honed,Marble - Italian Statuario - Honed - Italy - 20mm - Cut Size 6.5'x3.5',SQFT,420,420,420,18,Bengaluru,Karnataka,admin_manual,TRUE
MAT-001278,MAT-001278,MAT-001278,Marble - Italian Statuario - Polished - Italy - 20mm - Random Slab,Marble - Italian Statuario - Polished - Italy - 20mm - Random Slab,Marble,Polished,Marble - Italian Statuario - Polished - Italy - 20mm - Random Slab,SQFT,450,450,450,18,Bengaluru,Karnataka,admin_manual,TRUE
MAT-001273,MAT-001273,MAT-001273,Marble - Jaisalmer Yellow - Honed - Rajasthan - 18mm - Cut Size 6'x4',Marble - Jaisalmer Yellow - Honed - Rajasthan - 18mm - Cut Size 6'x4',Marble,Honed,Marble - Jaisalmer Yellow - Honed - Rajasthan - 18mm - Cut Size 6'x4',SQFT,75,75,75,18,Bengaluru,Karnataka,admin_manual,TRUE
MAT-001272,MAT-001272,MAT-001272,Marble - Jaisalmer Yellow - Polished - Rajasthan - 18mm - Random Slab,Marble - Jaisalmer Yellow - Polished - Rajasthan - 18mm - Random Slab,Marble,Polished,Marble - Jaisalmer Yellow - Polished - Rajasthan - 18mm - Random Slab,SQFT,85,85,85,18,Bengaluru,Karnataka,admin_manual,TRUE
MAT-001269,MAT-001269,MAT-001269,Marble - Makrana White - Honed - Rajasthan - 18mm - Cut Size 6'x3',Marble - Makrana White - Honed - Rajasthan - 18mm - Cut Size 6'x3',Marble,Honed,Marble - Makrana White - Honed - Rajasthan - 18mm - Cut Size 6'x3',SQFT,110,110,110,18,Bengaluru,Karnataka,admin_manual,TRUE
MAT-001268,MAT-001268,MAT-001268,Marble - Makrana White - Polished - Rajasthan - 18mm - Random Slab,Marble - Makrana White - Polished - Rajasthan - 18mm - Random Slab,Marble,Polished,Marble - Makrana White - Polished - Rajasthan - 18mm - Random Slab,SQFT,120,120,120,18,Bengaluru,Karnataka,admin_manual,TRUE
MAT-001281,MAT-001281,MAT-001281,Marble - Turkish Beige - Honed - Turkey - 18mm - Cut Size 5'x3',Marble - Turkish Beige - Honed - Turkey - 18mm - Cut Size 5'x3',Marble,Honed,Marble - Turkish Beige - Honed - Turkey - 18mm - Cut Size 5'x3',SQFT,200,200,200,18,Bengaluru,Karnataka,admin_manual,TRUE
MAT-001280,MAT-001280,MAT-001280,Marble - Turkish Beige - Polished - Turkey - 18mm - Random Slab,Marble - Turkish Beige - Polished - Turkey - 18mm - Random Slab,Marble,Polished,Marble - Turkish Beige - Polished - Turkey - 18mm - Random Slab,SQFT,220,220,220,18,Bengaluru,Karnataka,admin_manual,TRUE
MAT-001283,MAT-001283,MAT-001283,Marble - Vietnam White - Honed - Vietnam - 16mm - Cut Size 6'x4',Marble - Vietnam White - Honed - Vietnam - 16mm - Cut Size 6'x4',Marble,Honed,Marble - Vietnam White - Honed - Vietnam - 16mm - Cut Size 6'x4',SQFT,150,150,150,18,Bengaluru,Karnataka,admin_manual,TRUE
MAT-001282,MAT-001282,MAT-001282,Marble - Vietnam White - Polished - Vietnam - 16mm - Random Slab,Marble - Vietnam White - Polished - Vietnam - 16mm - Random Slab,Marble,Polished,Marble - Vietnam White - Polished - Vietnam - 16mm - Random Slab,SQFT,160,160,160,18,Bengaluru,Karnataka,admin_manual,TRUE
MAT-001285,MAT-001285,MAT-001285,Stone Accessory - Adhesive Epoxy - MYK Laticrete,Stone Accessory - Adhesive Epoxy - MYK Laticrete,Marble & Granite Accessories,Adhesive Epoxy,Stone Accessory - Adhesive Epoxy - MYK Laticrete,KG,115,115,115,18,Bengaluru,Karnataka,admin_manual,TRUE
MAT-001284,MAT-001284,MAT-001284,Stone Accessory - Adhesive Epoxy - Roff,Stone Accessory - Adhesive Epoxy - Roff,Marble & Granite Accessories,Adhesive Epoxy,Stone Accessory - Adhesive Epoxy - Roff,KG,120,120,120,18,Bengaluru,Karnataka,admin_manual,TRUE
MAT-001286,MAT-001286,MAT-001286,Stone Accessory - Adhesive Epoxy - Weber,Stone Accessory - Adhesive Epoxy - Weber,Marble & Granite Accessories,Adhesive Epoxy,Stone Accessory - Adhesive Epoxy - Weber,KG,118,118,118,18,Bengaluru,Karnataka,admin_manual,TRUE
MAT-001297,MAT-001297,MAT-001297,Stone Accessory - Cleaner - Stone Safe - MYK Laticrete,Stone Accessory - Cleaner - Stone Safe - MYK Laticrete,Marble & Granite Accessories,Cleaner,Stone Accessory - Cleaner - Stone Safe - MYK Laticrete,LTR,135,135,135,18,Bengaluru,Karnataka,admin_manual,TRUE
MAT-001296,MAT-001296,MAT-001296,Stone Accessory - Cleaner - Stone Safe - Roff,Stone Accessory - Cleaner - Stone Safe - Roff,Marble & Granite Accessories,Cleaner,Stone Accessory - Cleaner - Stone Safe - Roff,LTR,140,140,140,18,Bengaluru,Karnataka,admin_manual,TRUE
MAT-001293,MAT-001293,MAT-001293,Stone Accessory - Edge Trim Aluminum - Generic,Stone Accessory - Edge Trim Aluminum - Generic,Marble & Granite Accessories,Edge Trim Aluminum,Stone Accessory - Edge Trim Aluminum - Generic,M,38,38,38,18,Bengaluru,Karnataka,admin_manual,TRUE
MAT-001292,MAT-001292,MAT-001292,Stone Accessory - Edge Trim SS - Generic,Stone Accessory - Edge Trim SS - Generic,Marble & Granite Accessories,Edge Trim SS,Stone Accessory - Edge Trim SS - Generic,M,45,45,45,18,Bengaluru,Karnataka,admin_manual,TRUE
MAT-001288,MAT-001288,MAT-001288,Stone Accessory - Grout Epoxy - MYK Laticrete,Stone Accessory - Grout Epoxy - MYK Laticrete,Marble & Granite Accessories,Grout Epoxy,Stone Accessory - Grout Epoxy - MYK Laticrete,KG,125,125,125,18,Bengaluru,Karnataka,admin_manual,TRUE
MAT-001287,MAT-001287,MAT-001287,Stone Accessory - Grout Epoxy - Roff,Stone Accessory - Grout Epoxy - Roff,Marble & Granite Accessories,Grout Epoxy,Stone Accessory - Grout Epoxy - Roff,KG,130,130,130,18,Bengaluru,Karnataka,admin_manual,TRUE
MAT-001289,MAT-001289,MAT-001289,Stone Accessory - Grout Epoxy - Weber,Stone Accessory - Grout Epoxy - Weber,Marble & Granite Accessories,Grout Epoxy,Stone Accessory - Grout Epoxy - Weber,KG,128,128,128,18,Bengaluru,Karnataka,admin_manual,TRUE
MAT-001291,MAT-001291,MAT-001291,Stone Accessory - Polish Liquid - Generic,Stone Accessory - Polish Liquid - Generic,Marble & Granite Accessories,Polish Liquid,Stone Accessory - Polish Liquid - Generic,LTR,110,110,110,18,Bengaluru,Karnataka,admin_manual,TRUE
MAT-001290,MAT-001290,MAT-001290,Stone Accessory - Polish Powder - Generic,Stone Accessory - Polish Powder - Generic,Marble & Granite Accessories,Polish Powder,Stone Accessory - Polish Powder - Generic,KG,95,95,95,18,Bengaluru,Karnataka,admin_manual,TRUE
MAT-001301,MAT-001301,MAT-001301,Stone Accessory - Primer Coat - Weber,Stone Accessory - Primer Coat - Weber,Marble & Granite Accessories,Primer Coat,Stone Accessory - Primer Coat - Weber,LTR,160,160,160,18,Bengaluru,Karnataka,admin_manual,TRUE
MAT-001299,MAT-001299,MAT-001299,Stone Accessory - Sealer - Penetrating - MYK Laticrete,Stone Accessory - Sealer - Penetrating - MYK Laticrete,Marble & Granite Accessories,Sealer,Stone Accessory - Sealer - Penetrating - MYK Laticrete,LTR,175,175,175,18,Bengaluru,Karnataka,admin_manual,TRUE
MAT-001298,MAT-001298,MAT-001298,Stone Accessory - Sealer - Penetrating - Roff,Stone Accessory - Sealer - Penetrating - Roff,Marble & Granite Accessories,Sealer,Stone Accessory - Sealer - Penetrating - Roff,LTR,180,180,180,18,Bengaluru,Karnataka,admin_manual,TRUE
MAT-001294,MAT-001294,MAT-001294,Stone Accessory - Spacer 2mm - Generic,Stone Accessory - Spacer 2mm - Generic,Marble & Granite Accessories,Stone Accessory,Stone Accessory - Spacer 2mm - Generic,PACK,20,20,20,18,Bengaluru,Karnataka,admin_manual,TRUE
MAT-001295,MAT-001295,MAT-001295,Stone Accessory - Spacer 3mm - Generic,Stone Accessory - Spacer 3mm - Generic,Marble & Granite Accessories,Stone Accessory,Stone Accessory - Spacer 3mm - Generic,PACK,22,22,22,18,Bengaluru,Karnataka,admin_manual,TRUE
MAT-001300,MAT-001300,MAT-001300,Stone Accessory - Waterproofing Coat - Dr. Fixit,Stone Accessory - Waterproofing Coat - Dr. Fixit,Marble & Granite Accessories,Waterproofing Coat,Stone Accessory - Waterproofing Coat - Dr. Fixit,LTR,220,220,220,18,Bengaluru,Karnataka,admin_manual,TRUE
MAT-001303,MAT-001303,MAT-001303,Marker - Permanent - Camlin - Red,Marker - Permanent - Camlin - Red,Marker,Camlin,Marker - Permanent - Camlin - Red,NOS,22,22,22,0,Bengaluru,Karnataka,admin_manual,TRUE
MAT-001302,MAT-001302,MAT-001302,Marker - Permanent - Luxor - Black,Marker - Permanent - Luxor - Black,Marker,Luxor,Marker - Permanent - Luxor - Black,NOS,25,25,25,0,Bengaluru,Karnataka,admin_manual,TRUE
MAT-AGG-12,MAT-AGG-12,MAT-AGG-12,12mm Aggregate,12mm Aggregate,Materials,Concrete,,CFT,42,42,42,0,Bengaluru,Karnataka,admin_manual,TRUE
MAT-PLY-12,MAT-PLY-12,MAT-PLY-12,12mm BWP Plywood,12mm BWP Plywood,Materials,Plywood,,SQFT,65,65,65,0,Bengaluru,Karnataka,admin_manual,TRUE
MAT-PLY-18,MAT-PLY-18,MAT-PLY-18,18mm BWP/BWR Plywood,18mm BWP/BWR Plywood,Materials,Plywood,,SQFT,80,80,80,0,Bengaluru,Karnataka,admin_manual,TRUE
MAT-AGG20-01,MAT-AGG20-01,MAT-AGG20-01,20mm Aggregate,20mm Aggregate,Materials,Structural,,CFT,38,38,38,0,Bengaluru,Karnataka,admin_manual,TRUE
MAT-AGG-20,MAT-AGG-20,MAT-AGG-20,20mm Aggregate,20mm Aggregate,Materials,Concrete,,CFT,40,40,40,0,Bengaluru,Karnataka,admin_manual,TRUE
MAT-PLY-06,MAT-PLY-06,MAT-PLY-06,6mm MR Plywood,6mm MR Plywood,Materials,Plywood,,SQFT,40,40,40,0,Bengaluru,Karnataka,admin_manual,TRUE
MAT-AAC-01,MAT-AAC-01,MAT-AAC-01,AAC Blocks,AAC Blocks,Materials,Masonry,,NOS,75,75,75,0,Bengaluru,Karnataka,admin_manual,TRUE
MAT-ACC-WIN,MAT-ACC-WIN,MAT-ACC-WIN,Aluminium / UPVC Strip Windows,Aluminium / UPVC Strip Windows,Materials,PEB Accessories,,NOS,4200,4200,4200,0,Bengaluru,Karnataka,admin_manual,TRUE
MAT-ROF-PNT,MAT-ROF-PNT,MAT-ROF-PNT,Anti-Corrosive Primer & Enamel Paint Coating,Anti-Corrosive Primer & Enamel Paint Coating,Materials,Coatings,,SQFT,15,15,15,0,Bengaluru,Karnataka,admin_manual,TRUE
MAT-PEB-BRC,MAT-PEB-BRC,MAT-PEB-BRC,"Bracings, Rods, Sag Rods & Base Plates","Bracings, Rods, Sag Rods & Base Plates",Materials,PEB Steel,,KG,85,85,85,0,Bengaluru,Karnataka,admin_manual,TRUE
MAT-CPVC-01,MAT-CPVC-01,MAT-CPVC-01,CPVC Pipes,CPVC Pipes,Materials,Plumbing,,LENGTH (3M),360,360,360,0,Bengaluru,Karnataka,admin_manual,TRUE
MAT-PNT-CEL,MAT-PNT-CEL,MAT-PNT-CEL,Ceiling Paint,Ceiling Paint,Materials,Painting,,LTR,180,180,180,0,Bengaluru,Karnataka,admin_manual,TRUE
MAT-CEM-01,MAT-CEM-01,MAT-CEM-01,Cement,Cement,Materials,Structural,,BAG,410,410,410,0,Bengaluru,Karnataka,admin_manual,TRUE
MAT-CER-01,MAT-CER-01,MAT-CER-01,Ceramic Tiles,Ceramic Tiles,Materials,Flooring,,SQFT,45,45,45,0,Bengaluru,Karnataka,admin_manual,TRUE
MAT-ELE-01,MAT-ELE-01,MAT-ELE-01,Concealed Electrical Conduits & Boxes,Concealed Electrical Conduits & Boxes,Materials,MEP,,SQFT,45,45,45,0,Bengaluru,Karnataka,admin_manual,TRUE
MAT-PLM-01,MAT-PLM-01,MAT-PLM-01,Concealed Plumbing CPVC/SWR Lines,Concealed Plumbing CPVC/SWR Lines,Materials,MEP,,SQFT,35,35,35,0,Bengaluru,Karnataka,admin_manual,TRUE
MAT-BLK-01,MAT-BLK-01,MAT-BLK-01,Concrete Blocks,Concrete Blocks,Materials,Masonry,,NOS,42,42,42,0,Bengaluru,Karnataka,admin_manual,TRUE
MAT-CVR-01,MAT-CVR-01,MAT-CVR-01,Concrete Cover Blocks,Concrete Cover Blocks,Materials,Concrete Accessories,,NOS,5,5,5,0,Bengaluru,Karnataka,admin_manual,TRUE
MAT-WTR-01,MAT-WTR-01,MAT-WTR-01,Construction Water Supply,Construction Water Supply,Materials,Site Utilities,,LTR,0.05,0.05,0.05,0,Bengaluru,Karnataka,admin_manual,TRUE
MAT-SCR-WLL,MAT-SCR-WLL,MAT-SCR-WLL,Consumable Screws & Plugs,Consumable Screws & Plugs,Materials,Consumables,,BOX,40,40,40,0,Bengaluru,Karnataka,admin_manual,TRUE
MAT-HND-DES,MAT-HND-DES,MAT-HND-DES,Designer Handles & Profile Pulls,Designer Handles & Profile Pulls,Materials,Hardware,,NOS,50,50,50,0,Bengaluru,Karnataka,admin_manual,TRUE
MAT-ACC-GUT,MAT-ACC-GUT,MAT-ACC-GUT,Eaves Gutters & Rainwater Downpipes,Eaves Gutters & Rainwater Downpipes,Materials,PEB Accessories,,RFT,120,120,120,0,Bengaluru,Karnataka,admin_manual,TRUE
MAT-WIR-01,MAT-WIR-01,MAT-WIR-01,Electrical Wires,Electrical Wires,Materials,Electrical,,COIL (90M),1850,1850,1850,0,Bengaluru,Karnataka,admin_manual,TRUE
MAT-PNT-01,MAT-PNT-01,MAT-PNT-01,Emulsion Paint,Emulsion Paint,Materials,Painting,,LTR,235,235,235,0,Bengaluru,Karnataka,admin_manual,TRUE
MAT-ENM-01,MAT-ENM-01,MAT-ENM-01,Enamel Paint,Enamel Paint,Materials,Painting,,LTR,240,240,240,0,Bengaluru,Karnataka,admin_manual,TRUE
MAT-EXTP-01,MAT-EXTP-01,MAT-EXTP-01,Exterior Paint,Exterior Paint,Materials,Finishing,,LTR,310,310,310,0,Bengaluru,Karnataka,admin_manual,TRUE
MAT-PNT-EXT,MAT-PNT-EXT,MAT-PNT-EXT,Exterior Weatherproof Paint,Exterior Weatherproof Paint,Materials,Painting,,LTR,285,285,285,0,Bengaluru,Karnataka,admin_manual,TRUE
MAT-LAM-EXT,MAT-LAM-EXT,MAT-LAM-EXT,External Decorative Laminate 1.0mm,External Decorative Laminate 1.0mm,Materials,Laminates,,SQFT,45,45,45,0,Bengaluru,Karnataka,admin_manual,TRUE
MAT-FRP-01,MAT-FRP-01,MAT-FRP-01,FRP Manhole Cover 2ft x 2ft,FRP Manhole Cover 2ft x 2ft,Materials,Accessories,,NOS,1000,1000,1000,0,Bengaluru,Karnataka,admin_manual,TRUE
CIV-FND-STL,CIV-FND-STL,CIV-FND-STL,Fe500D TMT Reinforcement Steel for Footings,Fe500D TMT Reinforcement Steel for Footings,Materials,PEB Civil,,KG,68,68,68,0,Bengaluru,Karnataka,admin_manual,TRUE
MAT-FEV-ADH,MAT-FEV-ADH,MAT-FEV-ADH,Fevicol D3 Synthetic Resin Adhesive,Fevicol D3 Synthetic Resin Adhesive,Materials,Consumables,,KG,60,60,60,0,Bengaluru,Karnataka,admin_manual,TRUE
MAT-ACC-FLS,MAT-ACC-FLS,MAT-ACC-FLS,"Flashings (Ridge Cap, Gable & Drip Trims)","Flashings (Ridge Cap, Gable & Drip Trims)",Materials,PEB Accessories,,RFT,65,65,65,0,Bengaluru,Karnataka,admin_manual,TRUE
MAT-DOR-01,MAT-DOR-01,MAT-DOR-01,Flush Door & Frame Set,Flush Door & Frame Set,Materials,Openings,,NOS,4500,4500,4500,0,Bengaluru,Karnataka,admin_manual,TRUE
MAT-FDP-01,MAT-FDP-01,MAT-FDP-01,Food Grade Non-Toxic Tank Epoxy Paint,Food Grade Non-Toxic Tank Epoxy Paint,Materials,Coatings,,SQFT,35,35,35,0,Bengaluru,Karnataka,admin_manual,TRUE
MAT-GRN-01,MAT-GRN-01,MAT-GRN-01,Granite,Granite,Materials,Flooring,,SQFT,145,145,145,0,Bengaluru,Karnataka,admin_manual,TRUE
MAT-STR-FIN,MAT-STR-FIN,MAT-STR-FIN,Granite/Tile Step Tread & Riser Finish,Granite/Tile Step Tread & Riser Finish,Materials,Finishes,,SQFT,120,120,120,0,Bengaluru,Karnataka,admin_manual,TRUE
CIV-FND-ANC,CIV-FND-ANC,CIV-FND-ANC,High Tensile Grade 8.8 Anchor Bolts Set,High Tensile Grade 8.8 Anchor Bolts Set,Materials,PEB Civil,,KG,145,145,145,0,Bengaluru,Karnataka,admin_manual,TRUE
MAT-WIR15-01,MAT-WIR15-01,MAT-WIR15-01,House Wire 1.5 sq.mm,House Wire 1.5 sq.mm,Materials,Electrical,,COIL (90M),1420,1420,1420,0,Bengaluru,Karnataka,admin_manual,TRUE
MAT-WIR25-01,MAT-WIR25-01,MAT-WIR25-01,House Wire 2.5 sq.mm,House Wire 2.5 sq.mm,Materials,Electrical,,COIL (90M),2150,2150,2150,0,Bengaluru,Karnataka,admin_manual,TRUE
MAT-INTP-01,MAT-INTP-01,MAT-INTP-01,Interior Paint,Interior Paint,Materials,Finishing,,LTR,240,240,240,0,Bengaluru,Karnataka,admin_manual,TRUE
MAT-LAM-INT,MAT-LAM-INT,MAT-LAM-INT,Internal Liner Laminate 0.8mm,Internal Liner Laminate 0.8mm,Materials,Laminates,,SQFT,30,30,30,0,Bengaluru,Karnataka,admin_manual,TRUE
MAT-KOT-01,MAT-KOT-01,MAT-KOT-01,Kota Stone,Kota Stone,Materials,Flooring,,SQFT,75,75,75,0,Bengaluru,Karnataka,admin_manual,TRUE
MAT-MSND-01,MAT-MSND-01,MAT-MSND-01,M-Sand,M-Sand,Materials,Structural,,CFT,48,48,48,0,Bengaluru,Karnataka,admin_manual,TRUE
CIV-FND-CON,CIV-FND-CON,CIV-FND-CON,M25 Grade Concrete for Isolated Footings & Plinth Beam,M25 Grade Concrete for Isolated Footings & Plinth Beam,Materials,PEB Civil,,CUM,5200,5200,5200,0,Bengaluru,Karnataka,admin_manual,TRUE
MAT-STR-RLG,MAT-STR-RLG,MAT-STR-RLG,MS/SS Staircase Railing,MS/SS Staircase Railing,Materials,Fabrication,,RMT,850,850,850,0,Bengaluru,Karnataka,admin_manual,TRUE
MAT-MRB-01,MAT-MRB-01,MAT-MRB-01,Marble Slab,Marble Slab,Materials,Flooring,,SQFT,220,220,220,0,Bengaluru,Karnataka,admin_manual,TRUE
MAT-ROF-SHT,MAT-ROF-SHT,MAT-ROF-SHT,Metal GI/Galvalume Roof Sheeting,Metal GI/Galvalume Roof Sheeting,Materials,Roofing,,SQFT,45,45,45,0,Bengaluru,Karnataka,admin_manual,TRUE
MAT-MIR-01,MAT-MIR-01,MAT-MIR-01,Mirrors 5mm Float Glass,Mirrors 5mm Float Glass,Materials,Glass,,SQFT,50,50,50,0,Bengaluru,Karnataka,admin_manual,TRUE
MAT-SS304-BSK,MAT-SS304-BSK,MAT-SS304-BSK,Modular SS 304 Kitchen Baskets,Modular SS 304 Kitchen Baskets,Materials,Hardware,,NOS,450,450,450,0,Bengaluru,Karnataka,admin_manual,TRUE
MAT-LCK-MRT,MAT-LCK-MRT,MAT-LCK-MRT,Mortise & Cylinder Locks,Mortise & Cylinder Locks,Materials,Hardware,,NOS,120,120,120,0,Bengaluru,Karnataka,admin_manual,TRUE
MAT-NLS-FST,MAT-NLS-FST,MAT-NLS-FST,Nails & Fasteners,Nails & Fasteners,Materials,Consumables,,KG,30,30,30,0,Bengaluru,Karnataka,admin_manual,TRUE
MAT-OHT-01,MAT-OHT-01,MAT-OHT-01,Overhead Water Tank OHT 1000L,Overhead Water Tank OHT 1000L,Materials,Utilities,,NOS,8500,8500,8500,0,Bengaluru,Karnataka,admin_manual,TRUE
MAT-PSND-01,MAT-PSND-01,MAT-PSND-01,P-Sand,P-Sand,Materials,Structural,,CFT,55,55,55,0,Bengaluru,Karnataka,admin_manual,TRUE
MAT-WPH-01,MAT-WPH-01,MAT-WPH-01,PVC Drainage Weepholes 75mm,PVC Drainage Weepholes 75mm,Materials,Accessories,,NOS,120,120,120,0,Bengaluru,Karnataka,admin_manual,TRUE
MAT-EDG-BND,MAT-EDG-BND,MAT-EDG-BND,PVC Edge Banding Tape 2mm,PVC Edge Banding Tape 2mm,Materials,Hardware,,M,8,8,8,0,Bengaluru,Karnataka,admin_manual,TRUE
MAT-PVC-01,MAT-PVC-01,MAT-PVC-01,PVC Pipes,PVC Pipes,Materials,Plumbing,,LENGTH (3M),280,280,280,0,Bengaluru,Karnataka,admin_manual,TRUE
MAT-COR-BED,MAT-COR-BED,MAT-COR-BED,PVC/Aluminium Corner Beads,PVC/Aluminium Corner Beads,Materials,Hardware,,M,15,15,15,0,Bengaluru,Karnataka,admin_manual,TRUE
MAT-PRK-01,MAT-PRK-01,MAT-PRK-01,Parking Tiles,Parking Tiles,Materials,Flooring,,SQFT,52,52,52,0,Bengaluru,Karnataka,admin_manual,TRUE
MAT-CWD-01,MAT-CWD-01,MAT-CWD-01,Perimeter Compound Wall Masonry & Plaster,Perimeter Compound Wall Masonry & Plaster,Materials,Civil Outer,,SQFT,350,350,350,0,Bengaluru,Karnataka,admin_manual,TRUE
MAT-ACC-DOR,MAT-ACC-DOR,MAT-ACC-DOR,Personnel Doors & Heavy Duty Rolling Shutters,Personnel Doors & Heavy Duty Rolling Shutters,Materials,PEB Accessories,,NOS,15000,15000,15000,0,Bengaluru,Karnataka,admin_manual,TRUE
MAT-SHT-SKY,MAT-SHT-SKY,MAT-SHT-SKY,Polycarbonate Skylight Sheeting (2.0mm),Polycarbonate Skylight Sheeting (2.0mm),Materials,PEB Sheeting,,SQFT,140,140,140,0,Bengaluru,Karnataka,admin_manual,TRUE
MAT-PEB-PRM,MAT-PEB-PRM,MAT-PEB-PRM,Primary Structural Steel (Built-up Columns & Rafters),Primary Structural Steel (Built-up Columns & Rafters),Materials,PEB Steel,,KG,88,88,88,0,Bengaluru,Karnataka,admin_manual,TRUE
MAT-BRK-01,MAT-BRK-01,MAT-BRK-01,Red Bricks,Red Bricks,Materials,Masonry,,NOS,11,11,11,0,Bengaluru,Karnataka,admin_manual,TRUE
MAT-SHT-ROOF,MAT-SHT-ROOF,MAT-SHT-ROOF,Roof Profile Sheeting (Galvalume Color Coated),Roof Profile Sheeting (Galvalume Color Coated),Materials,PEB Sheeting,,SQFT,52,52,52,0,Bengaluru,Karnataka,admin_manual,TRUE
MAT-INS-ROOF,MAT-INS-ROOF,MAT-INS-ROOF,Roof Thermal Insulation (Glasswool / Foil),Roof Thermal Insulation (Glasswool / Foil),Materials,PEB Insulation,,SQFT,22,22,22,0,Bengaluru,Karnataka,admin_manual,TRUE
MAT-PNT-ROY,MAT-PNT-ROY,MAT-PNT-ROY,Royal Luxury Paint,Royal Luxury Paint,Materials,Painting,,LTR,380,380,380,0,Bengaluru,Karnataka,admin_manual,TRUE
MAT-RLG-01,MAT-RLG-01,MAT-RLG-01,SS Railings & Main MS Gate Set,SS Railings & Main MS Gate Set,Materials,Fabrication,,SQFT,45,45,45,0,Bengaluru,Karnataka,admin_manual,TRUE
MAT-SAN-01,MAT-SAN-01,MAT-SAN-01,Sanitaryware & CP Fittings Bathroom Set,Sanitaryware & CP Fittings Bathroom Set,Materials,Plumbing,,NOS,18500,18500,18500,0,Bengaluru,Karnataka,admin_manual,TRUE
MAT-PEB-SEC,MAT-PEB-SEC,MAT-PEB-SEC,Secondary Steel Members (Z/C Purlins & Girts),Secondary Steel Members (Z/C Purlins & Girts),Materials,PEB Steel,,KG,92,92,92,0,Bengaluru,Karnataka,admin_manual,TRUE
MAT-ACC-FST,MAT-ACC-FST,MAT-ACC-FST,Self Tapping Fasteners & EPDM Washers,Self Tapping Fasteners & EPDM Washers,Materials,PEB Accessories,,NOS,1.5,1.5,1.5,0,Bengaluru,Karnataka,admin_manual,TRUE
MAT-SSM-01,MAT-SSM-01,MAT-SSM-01,Size Stones SS Masonry,Size Stones SS Masonry,Materials,Masonry,,CFT,38,38,38,0,Bengaluru,Karnataka,admin_manual,TRUE
MAT-SLD-TRK,MAT-SLD-TRK,MAT-SLD-TRK,Sliding Wardrobe Roller Tracks,Sliding Wardrobe Roller Tracks,Materials,Hardware,,RFT,250,250,250,0,Bengaluru,Karnataka,admin_manual,TRUE
MAT-HNG-SFT,MAT-HNG-SFT,MAT-HNG-SFT,Soft-Close 3D Hydraulic Hinges,Soft-Close 3D Hydraulic Hinges,Materials,Hardware,,NOS,35,35,35,0,Bengaluru,Karnataka,admin_manual,TRUE
MAT-BWR-01,MAT-BWR-01,MAT-BWR-01,Steel Binding Wire,Steel Binding Wire,Materials,Steel Accessories,,KG,80,80,80,0,Bengaluru,Karnataka,admin_manual,TRUE
MAT-SWT-01,MAT-SWT-01,MAT-SWT-01,Switches,Switches,Materials,Electrical,,NOS,115,115,115,0,Bengaluru,Karnataka,admin_manual,TRUE
MAT-PNT-SYS,MAT-PNT-SYS,MAT-PNT-SYS,Synthetic Enamel / Epoxy Protective Paint System,Synthetic Enamel / Epoxy Protective Paint System,Materials,PEB Coatings,,SQM,180,180,180,0,Bengaluru,Karnataka,admin_manual,TRUE
MAT-STL-01,MAT-STL-01,MAT-STL-01,TMT Steel,TMT Steel,Materials,Structural,,KG,67,67,67,0,Bengaluru,Karnataka,admin_manual,TRUE
MAT-DRW-CHN,MAT-DRW-CHN,MAT-DRW-CHN,Tandem Box / Soft-Close Drawer Channels,Tandem Box / Soft-Close Drawer Channels,Materials,Hardware,,NOS,80,80,80,0,Bengaluru,Karnataka,admin_manual,TRUE
MAT-TAN-01,MAT-TAN-01,MAT-TAN-01,Tandur Stone,Tandur Stone,Materials,Flooring,,SQFT,68,68,68,0,Bengaluru,Karnataka,admin_manual,TRUE
MAT-TEAK-01,MAT-TEAK-01,MAT-TEAK-01,Teak Wood,Teak Wood,Materials,Woodwork,,CFT,2750,2750,2750,0,Bengaluru,Karnataka,admin_manual,TRUE
MAT-PNT-TXT,MAT-PNT-TXT,MAT-PNT-TXT,Texture Paint,Texture Paint,Materials,Painting,,KG,95,95,95,0,Bengaluru,Karnataka,admin_manual,TRUE
MAT-ADH-01,MAT-ADH-01,MAT-ADH-01,Tile Adhesive (20kg),Tile Adhesive (20kg),Materials,Flooring Accessories,,BAG,450,450,450,0,Bengaluru,Karnataka,admin_manual,TRUE
MAT-GRT-01,MAT-GRT-01,MAT-GRT-01,Tile Grout,Tile Grout,Materials,Flooring Accessories,,KG,65,65,65,0,Bengaluru,Karnataka,admin_manual,TRUE
MAT-SPC-01,MAT-SPC-01,MAT-SPC-01,Tile Spacers (100 pcs),Tile Spacers (100 pcs),Materials,Flooring Accessories,,NOS,120,120,120,0,Bengaluru,Karnataka,admin_manual,TRUE
MAT-ACC-VNT,MAT-ACC-VNT,MAT-ACC-VNT,Turbo Ventilators (24-inch Stainless Steel),Turbo Ventilators (24-inch Stainless Steel),Materials,PEB Accessories,,NOS,3800,3800,3800,0,Bengaluru,Karnataka,admin_manual,TRUE
MAT-UPVC-01,MAT-UPVC-01,MAT-UPVC-01,UPVC Pipes,UPVC Pipes,Materials,Plumbing,,LENGTH (3M),320,320,320,0,Bengaluru,Karnataka,admin_manual,TRUE
MAT-WIN-01,MAT-WIN-01,MAT-WIN-01,UPVC Sliding Window & Chajja Set,UPVC Sliding Window & Chajja Set,Materials,Openings,,NOS,3500,3500,3500,0,Bengaluru,Karnataka,admin_manual,TRUE
MAT-UGT-01,MAT-UGT-01,MAT-UGT-01,Underground Sump Tank & Water Pump Set,Underground Sump Tank & Water Pump Set,Materials,Utilities,,NOS,45000,45000,45000,0,Bengaluru,Karnataka,admin_manual,TRUE
MAT-VNY-01,MAT-VNY-01,MAT-VNY-01,Vinyl Flooring,Vinyl Flooring,Materials,Flooring,,SQFT,85,85,85,0,Bengaluru,Karnataka,admin_manual,TRUE
MAT-TIL-01,MAT-TIL-01,MAT-TIL-01,Vitrified Flooring & Wall Tiles,Vitrified Flooring & Wall Tiles,Materials,Finishes,,SQFT,65,65,65,0,Bengaluru,Karnataka,admin_manual,TRUE
MAT-VIT-01,MAT-VIT-01,MAT-VIT-01,Vitrified Tiles,Vitrified Tiles,Materials,Flooring,,SQFT,58,58,58,0,Bengaluru,Karnataka,admin_manual,TRUE
MAT-SHT-WALL,MAT-SHT-WALL,MAT-SHT-WALL,Wall Cladding Profile Sheeting,Wall Cladding Profile Sheeting,Materials,PEB Sheeting,,SQFT,48,48,48,0,Bengaluru,Karnataka,admin_manual,TRUE
MAT-PRM-01,MAT-PRM-01,MAT-PRM-01,Wall Primer,Wall Primer,Materials,Painting,,LTR,160,160,160,0,Bengaluru,Karnataka,admin_manual,TRUE
MAT-PUT-01,MAT-PUT-01,MAT-PUT-01,Wall Putty,Wall Putty,Materials,Painting,,KG,19.5,19.5,19.5,0,Bengaluru,Karnataka,admin_manual,TRUE
MAT-PUTTY-01,MAT-PUTTY-01,MAT-PUTTY-01,Wall Putty,Wall Putty,Materials,Finishing,,BAG (40KG),780,780,780,0,Bengaluru,Karnataka,admin_manual,TRUE
MAT-WTANK-01,MAT-WTANK-01,MAT-WTANK-01,Water Tanks,Water Tanks,Materials,Plumbing,,LTR,8,8,8,0,Bengaluru,Karnataka,admin_manual,TRUE
MAT-WPR-01,MAT-WPR-01,MAT-WPR-01,Waterproofing Liquid Compound,Waterproofing Liquid Compound,Materials,Plastering Accessories,,LTR,135,135,135,0,Bengaluru,Karnataka,admin_manual,TRUE
MAT-WDN-01,MAT-WDN-01,MAT-WDN-01,Wooden Flooring,Wooden Flooring,Materials,Flooring,,SQFT,125,125,125,0,Bengaluru,Karnataka,admin_manual,TRUE
MAT-001307,MAT-001307,MAT-001307,Energy Meter Single Phase Digital - Anchor,Energy Meter Single Phase Digital - Anchor,Meters,Energy Meter Single Phase Digital,Energy Meter Single Phase Digital - Anchor,NOS,850,850,850,18,Bengaluru,Karnataka,admin_manual,TRUE
MAT-001305,MAT-001305,MAT-001305,Energy Meter Single Phase Digital - Havells,Energy Meter Single Phase Digital - Havells,Meters,Energy Meter Single Phase Digital,Energy Meter Single Phase Digital - Havells,NOS,850,850,850,18,Bengaluru,Karnataka,admin_manual,TRUE
MAT-001306,MAT-001306,MAT-001306,Energy Meter Single Phase Digital - Legrand,Energy Meter Single Phase Digital - Legrand,Meters,Energy Meter Single Phase Digital,Energy Meter Single Phase Digital - Legrand,NOS,850,850,850,18,Bengaluru,Karnataka,admin_manual,TRUE
MAT-001304,MAT-001304,MAT-001304,Energy Meter Single Phase Digital - Schneider,Energy Meter Single Phase Digital - Schneider,Meters,Energy Meter Single Phase Digital,Energy Meter Single Phase Digital - Schneider,NOS,850,850,850,18,Bengaluru,Karnataka,admin_manual,TRUE
MAT-001311,MAT-001311,MAT-001311,Bathroom - Mirror - LED Backlit - Grohe - SenseView,Bathroom - Mirror - LED Backlit - Grohe - SenseView,Mirrors,Mirror,Bathroom - Mirror - LED Backlit - Grohe - SenseView,NOS,2850,2850,2850,18,Bengaluru,Karnataka,admin_manual,TRUE
MAT-001308,MAT-001308,MAT-001308,Bathroom - Mirror - LED Backlit - Parryware - GlowLite,Bathroom - Mirror - LED Backlit - Parryware - GlowLite,Mirrors,Mirror,Bathroom - Mirror - LED Backlit - Parryware - GlowLite,NOS,1850,1850,1850,18,Bengaluru,Karnataka,admin_manual,TRUE
MAT-001309,MAT-001309,MAT-001309,Bathroom - Mirror - LED Touch - Roca - Lumi,Bathroom - Mirror - LED Touch - Roca - Lumi,Mirrors,Mirror,Bathroom - Mirror - LED Touch - Roca - Lumi,NOS,2250,2250,2250,18,Bengaluru,Karnataka,admin_manual,TRUE
MAT-001310,MAT-001310,MAT-001310,Bathroom - Mirror - Plain Oval - Cera - Classic,Bathroom - Mirror - Plain Oval - Cera - Classic,Mirrors,Mirror,Bathroom - Mirror - Plain Oval - Cera - Classic,NOS,950,950,950,18,Bengaluru,Karnataka,admin_manual,TRUE
MAT-001312,MAT-001312,MAT-001312,"Nails - Wire Nail - Generic - 1""","Nails - Wire Nail - Generic - 1""",Nails,Wire Nail,"Nails - Wire Nail - Generic - 1""",KG,95,95,95,18,Bengaluru,Karnataka,admin_manual,TRUE
MAT-001313,MAT-001313,MAT-001313,"Nails - Wire Nail - Generic - 2""","Nails - Wire Nail - Generic - 2""",Nails,Wire Nail,"Nails - Wire Nail - Generic - 2""",KG,105,105,105,18,Bengaluru,Karnataka,admin_manual,TRUE
BRAG594644,BRAG594644,BRAG594644,"Bracings, Sag Rods, Base Plates and Stiffeners","Bracings, Sag Rods, Base Plates and Stiffeners",PEB BOQ,,"20mm MS rod roof/wall diagonal bracings, 12mm sag rods, base plates and flange stiffeners; IS 2062 E250 / IS 800.",KG,87,87,87,18,Bengaluru,Karnataka,admin_manual,TRUE
EAVG594651,EAVG594651,EAVG594651,Eaves Gutters and Rainwater Downpipes,Eaves Gutters and Rainwater Downpipes,PEB BOQ,,GI color-coated eaves gutters with heavy-duty clamps and PVC/GI downpipes.,RFT,120,120,120,18,Bengaluru,Karnataka,admin_manual,TRUE
FASG594649,FASG594649,FASG594649,"Fasteners, Screws and EPDM Washers","Fasteners, Screws and EPDM Washers",PEB BOQ,,Class 3 corrosion-resistant 12-14x25mm self-tapping screws with weatherproof EPDM washers.,NOS,1,1,1,18,Bengaluru,Karnataka,admin_manual,TRUE
FLAG594650,FLAG594650,FLAG594650,Flashings and Trims,Flashings and Trims,PEB BOQ,,"Ridge cap, gable trim, corner and drip flashing in matching 0.50mm Galvalume.",RFT,65,65,65,18,Bengaluru,Karnataka,admin_manual,TRUE
POLG594646,POLG594646,POLG594646,Polycarbonate Skylight Sheeting,Polycarbonate Skylight Sheeting,PEB BOQ,,2.0mm UV-resistant embossed translucent polycarbonate sheet; approximately 8% daylight area.,SQFT,140,140,140,18,Bengaluru,Karnataka,admin_manual,TRUE
PRIG594642,PRIG594642,PRIG594642,Primary Structural Steel,Primary Structural Steel,PEB BOQ,,Built-up tapered columns Web 650~250x8mm Flg 200x14mm and rafters Web 550~250x6mm Flg 180x10mm; E350 high tensile steel. IS 800:2007 / MBMA; yield strength 350 MPa.,KG,62,62,62,18,Bengaluru,Karnataka,admin_manual,TRUE
ROOG594645,ROOG594645,ROOG594645,Roof Profile Sheeting,Roof Profile Sheeting,PEB BOQ,,0.47mm TCT AZ150 550MPa color-coated Galvalume trapezoidal profile 28/195 pitch.,SQFT,45,45,45,18,Bengaluru,Karnataka,admin_manual,TRUE
ROOG594648,ROOG594648,ROOG594648,Roof Thermal Insulation,Roof Thermal Insulation,PEB BOQ,,50mm glass wool insulation with aluminium foil; R-value approximately 1.5 m²K/W; fire-retardant foil.,SQFT,22,22,22,18,Bengaluru,Karnataka,admin_manual,TRUE
SECG594643,SECG594643,SECG594643,Secondary Steel Members,Secondary Steel Members,PEB BOQ,,Z200 x 65 x 20 x 2.0mm cold-formed purlins and girts at 25ft bay spacing; IS 811; yield strength 550 MPa.,KG,92,92,92,18,Bengaluru,Karnataka,admin_manual,TRUE
WALG594647,WALG594647,WALG594647,Wall Cladding Sheeting,Wall Cladding Sheeting,PEB BOQ,,0.47mm Galvalume color-coated wall sheeting above 3ft brick wall; openings deducted.,SQFT,48,48,48,18,Bengaluru,Karnataka,admin_manual,TRUE
MAT-001353,MAT-001353,MAT-001353,Cleaning Cloth - Cotton Doti - Generic - 10m Pack,Cleaning Cloth - Cotton Doti - Generic - 10m Pack,Paint Accessories,Paint Accessory,Cleaning Cloth - Cotton Doti - Generic - 10m Pack,M,320,320,320,18,Bengaluru,Karnataka,admin_manual,TRUE
MAT-001351,MAT-001351,MAT-001351,Cleaning Cloth - Cotton Doti - Generic - 1m,Cleaning Cloth - Cotton Doti - Generic - 1m,Paint Accessories,Paint Accessory,Cleaning Cloth - Cotton Doti - Generic - 1m,M,35,35,35,18,Bengaluru,Karnataka,admin_manual,TRUE
MAT-001352,MAT-001352,MAT-001352,Cleaning Cloth - Cotton Doti - Generic - 5m Pack,Cleaning Cloth - Cotton Doti - Generic - 5m Pack,Paint Accessories,Paint Accessory,Cleaning Cloth - Cotton Doti - Generic - 5m Pack,M,165,165,165,18,Bengaluru,Karnataka,admin_manual,TRUE
MAT-001320,MAT-001320,MAT-001320,"Designer Roller - Leaf Motif - Generic - 9""","Designer Roller - Leaf Motif - Generic - 9""",Paint Accessories,Paint Accessory,"Designer Roller - Leaf Motif - Generic - 9""",NOS,345,345,345,18,Bengaluru,Karnataka,admin_manual,TRUE
MAT-001321,MAT-001321,MAT-001321,"Designer Roller - Wave Pattern - Generic - 9""","Designer Roller - Wave Pattern - Generic - 9""",Paint Accessories,Paint Accessory,"Designer Roller - Wave Pattern - Generic - 9""",NOS,335,335,335,18,Bengaluru,Karnataka,admin_manual,TRUE
MAT-001325,MAT-001325,MAT-001325,"Paint Brush - Angular - Generic - 2""","Paint Brush - Angular - Generic - 2""",Paint Accessories,Paint Accessory,"Paint Brush - Angular - Generic - 2""",NOS,55,55,55,18,Bengaluru,Karnataka,admin_manual,TRUE
MAT-001322,MAT-001322,MAT-001322,"Paint Brush - Flat - Asian Paints - 2""","Paint Brush - Flat - Asian Paints - 2""",Paint Accessories,Paint Accessory,"Paint Brush - Flat - Asian Paints - 2""",NOS,45,45,45,18,Bengaluru,Karnataka,admin_manual,TRUE
MAT-001323,MAT-001323,MAT-001323,"Paint Brush - Flat - Berger - 4""","Paint Brush - Flat - Berger - 4""",Paint Accessories,Paint Accessory,"Paint Brush - Flat - Berger - 4""",NOS,65,65,65,18,Bengaluru,Karnataka,admin_manual,TRUE
MAT-001324,MAT-001324,MAT-001324,"Paint Brush - Round - Dulux - 1""","Paint Brush - Round - Dulux - 1""",Paint Accessories,Paint Accessory,"Paint Brush - Round - Dulux - 1""",NOS,35,35,35,18,Bengaluru,Karnataka,admin_manual,TRUE
MAT-001342,MAT-001342,MAT-001342,"Paint Mixing Paddle - Drill Mount - Generic - 14""","Paint Mixing Paddle - Drill Mount - Generic - 14""",Paint Accessories,Paint Accessory,"Paint Mixing Paddle - Drill Mount - Generic - 14""",NOS,125,125,125,18,Bengaluru,Karnataka,admin_manual,TRUE
MAT-001341,MAT-001341,MAT-001341,"Paint Mixing Paddle - Manual - Generic - 12""","Paint Mixing Paddle - Manual - Generic - 12""",Paint Accessories,Paint Accessory,"Paint Mixing Paddle - Manual - Generic - 12""",NOS,95,95,95,18,Bengaluru,Karnataka,admin_manual,TRUE
MAT-001316,MAT-001316,MAT-001316,"Paint Roller - Long Handle - Dulux - 12""","Paint Roller - Long Handle - Dulux - 12""",Paint Accessories,Paint Accessory,"Paint Roller - Long Handle - Dulux - 12""",NOS,225,225,225,18,Bengaluru,Karnataka,admin_manual,TRUE
MAT-001315,MAT-001315,MAT-001315,"Paint Roller - Short Handle - Berger - 6""","Paint Roller - Short Handle - Berger - 6""",Paint Accessories,Paint Accessory,"Paint Roller - Short Handle - Berger - 6""",NOS,165,165,165,18,Bengaluru,Karnataka,admin_manual,TRUE
MAT-001314,MAT-001314,MAT-001314,"Paint Roller - Standard - Asian Paints - 9""","Paint Roller - Standard - Asian Paints - 9""",Paint Accessories,Paint Accessory,"Paint Roller - Standard - Asian Paints - 9""",NOS,185,185,185,18,Bengaluru,Karnataka,admin_manual,TRUE
MAT-001327,MAT-001327,MAT-001327,"Paint Tray - Heavy Duty - Generic - 12""","Paint Tray - Heavy Duty - Generic - 12""",Paint Accessories,Paint Accessory,"Paint Tray - Heavy Duty - Generic - 12""",NOS,125,125,125,18,Bengaluru,Karnataka,admin_manual,TRUE
MAT-001326,MAT-001326,MAT-001326,"Paint Tray - Plastic - Generic - 9""","Paint Tray - Plastic - Generic - 9""",Paint Accessories,Paint Accessory,"Paint Tray - Plastic - Generic - 9""",NOS,95,95,95,18,Bengaluru,Karnataka,admin_manual,TRUE
MAT-001337,MAT-001337,MAT-001337,Primer Kit - Exterior Wall - Berger - 1L,Primer Kit - Exterior Wall - Berger - 1L,Paint Accessories,Primer,Primer Kit - Exterior Wall - Berger - 1L,ML,195,195,195,18,Bengaluru,Karnataka,admin_manual,TRUE
MAT-001336,MAT-001336,MAT-001336,Primer Kit - Interior Wall - Asian Paints - 1L,Primer Kit - Interior Wall - Asian Paints - 1L,Paint Accessories,Primer,Primer Kit - Interior Wall - Asian Paints - 1L,ML,185,185,185,18,Bengaluru,Karnataka,admin_manual,TRUE
MAT-001338,MAT-001338,MAT-001338,Primer Kit - Wood Surface - Dulux - 500ml,Primer Kit - Wood Surface - Dulux - 500ml,Paint Accessories,Primer,Primer Kit - Wood Surface - Dulux - 500ml,ML,165,165,165,18,Bengaluru,Karnataka,admin_manual,TRUE
MAT-001348,MAT-001348,MAT-001348,"Putty Blade - Flexible - Generic - 4""","Putty Blade - Flexible - Generic - 4""",Paint Accessories,Putty,"Putty Blade - Flexible - Generic - 4""",NOS,85,85,85,18,Bengaluru,Karnataka,admin_manual,TRUE
MAT-001349,MAT-001349,MAT-001349,"Putty Blade - Flexible - Generic - 6""","Putty Blade - Flexible - Generic - 6""",Paint Accessories,Putty,"Putty Blade - Flexible - Generic - 6""",NOS,105,105,105,18,Bengaluru,Karnataka,admin_manual,TRUE
MAT-001350,MAT-001350,MAT-001350,"Putty Blade - Heavy Duty - Generic - 8""","Putty Blade - Heavy Duty - Generic - 8""",Paint Accessories,Putty,"Putty Blade - Heavy Duty - Generic - 8""",NOS,125,125,125,18,Bengaluru,Karnataka,admin_manual,TRUE
MAT-001343,MAT-001343,MAT-001343,"Putty Blade - SS - Generic - 2""","Putty Blade - SS - Generic - 2""",Paint Accessories,Putty,"Putty Blade - SS - Generic - 2""",NOS,55,55,55,18,Bengaluru,Karnataka,admin_manual,TRUE
MAT-001344,MAT-001344,MAT-001344,"Putty Blade - SS - Generic - 3""","Putty Blade - SS - Generic - 3""",Paint Accessories,Putty,"Putty Blade - SS - Generic - 3""",NOS,65,65,65,18,Bengaluru,Karnataka,admin_manual,TRUE
MAT-001345,MAT-001345,MAT-001345,"Putty Blade - SS - Generic - 4""","Putty Blade - SS - Generic - 4""",Paint Accessories,Putty,"Putty Blade - SS - Generic - 4""",NOS,75,75,75,18,Bengaluru,Karnataka,admin_manual,TRUE
MAT-001346,MAT-001346,MAT-001346,"Putty Blade - SS - Generic - 5""","Putty Blade - SS - Generic - 5""",Paint Accessories,Putty,"Putty Blade - SS - Generic - 5""",NOS,85,85,85,18,Bengaluru,Karnataka,admin_manual,TRUE
MAT-001347,MAT-001347,MAT-001347,"Putty Blade - SS - Generic - 6""","Putty Blade - SS - Generic - 6""",Paint Accessories,Putty,"Putty Blade - SS - Generic - 6""",NOS,95,95,95,18,Bengaluru,Karnataka,admin_manual,TRUE
MAT-001340,MAT-001340,MAT-001340,Roller Extension Pole - Fixed - Generic - 4ft,Roller Extension Pole - Fixed - Generic - 4ft,Paint Accessories,Paint Accessory,Roller Extension Pole - Fixed - Generic - 4ft,M,145,145,145,18,Bengaluru,Karnataka,admin_manual,TRUE
MAT-001339,MAT-001339,MAT-001339,Roller Extension Pole - Telescopic - Generic - 3ft–6ft,Roller Extension Pole - Telescopic - Generic - 3ft–6ft,Paint Accessories,Paint Accessory,Roller Extension Pole - Telescopic - Generic - 3ft–6ft,M,185,185,185,18,Bengaluru,Karnataka,admin_manual,TRUE
MAT-001331,MAT-001331,MAT-001331,"Sanding Block - Foam - Generic - 4""x2""","Sanding Block - Foam - Generic - 4""x2""",Paint Accessories,Paint Accessory,"Sanding Block - Foam - Generic - 4""x2""",NOS,35,35,35,18,Bengaluru,Karnataka,admin_manual,TRUE
MAT-001332,MAT-001332,MAT-001332,"Sanding Block - Rubber - Generic - 5""x3""","Sanding Block - Rubber - Generic - 5""x3""",Paint Accessories,Paint Accessory,"Sanding Block - Rubber - Generic - 5""x3""",NOS,45,45,45,18,Bengaluru,Karnataka,admin_manual,TRUE
MAT-001333,MAT-001333,MAT-001333,"Sanding Sponge - Dual Grit - Generic - 4""x2""","Sanding Sponge - Dual Grit - Generic - 4""x2""",Paint Accessories,Paint Accessory,"Sanding Sponge - Dual Grit - Generic - 4""x2""",NOS,55,55,55,18,Bengaluru,Karnataka,admin_manual,TRUE
MAT-001328,MAT-001328,MAT-001328,Stencil Kit - Floral - Generic - A4 Sheet,Stencil Kit - Floral - Generic - A4 Sheet,Paint Accessories,Paint Accessory,Stencil Kit - Floral - Generic - A4 Sheet,SQFT,45,45,45,18,Bengaluru,Karnataka,admin_manual,TRUE
MAT-001329,MAT-001329,MAT-001329,Stencil Kit - Geometric - Generic - A4 Sheet,Stencil Kit - Geometric - Generic - A4 Sheet,Paint Accessories,Paint Accessory,Stencil Kit - Geometric - Generic - A4 Sheet,SQFT,48,48,48,18,Bengaluru,Karnataka,admin_manual,TRUE
MAT-001330,MAT-001330,MAT-001330,Stencil Kit - Kids Theme - Generic - A4 Sheet,Stencil Kit - Kids Theme - Generic - A4 Sheet,Paint Accessories,Paint Accessory,Stencil Kit - Kids Theme - Generic - A4 Sheet,SQFT,50,50,50,18,Bengaluru,Karnataka,admin_manual,TRUE
MAT-001358,MAT-001358,MAT-001358,Surface Cleaner - Pre-Paint - Generic - 1L,Surface Cleaner - Pre-Paint - Generic - 1L,Paint Accessories,Paint Accessory,Surface Cleaner - Pre-Paint - Generic - 1L,ML,145,145,145,18,Bengaluru,Karnataka,admin_manual,TRUE
MAT-001357,MAT-001357,MAT-001357,Surface Cleaner - Pre-Paint - Generic - 500ml,Surface Cleaner - Pre-Paint - Generic - 500ml,Paint Accessories,Paint Accessory,Surface Cleaner - Pre-Paint - Generic - 500ml,ML,85,85,85,18,Bengaluru,Karnataka,admin_manual,TRUE
MAT-001335,MAT-001335,MAT-001335,"Surface Scraper - Replaceable Blade - Generic - 8""","Surface Scraper - Replaceable Blade - Generic - 8""",Paint Accessories,Paint Accessory,"Surface Scraper - Replaceable Blade - Generic - 8""",NOS,135,135,135,18,Bengaluru,Karnataka,admin_manual,TRUE
MAT-001334,MAT-001334,MAT-001334,"Surface Scraper - SS Blade - Generic - 6""","Surface Scraper - SS Blade - Generic - 6""",Paint Accessories,Paint Accessory,"Surface Scraper - SS Blade - Generic - 6""",NOS,115,115,115,18,Bengaluru,Karnataka,admin_manual,TRUE
MAT-001318,MAT-001318,MAT-001318,"Texture Roller - Brick Pattern - Generic - 9""","Texture Roller - Brick Pattern - Generic - 9""",Paint Accessories,Texture,"Texture Roller - Brick Pattern - Generic - 9""",NOS,295,295,295,18,Bengaluru,Karnataka,admin_manual,TRUE
MAT-001317,MAT-001317,MAT-001317,"Texture Roller - Crisscross - Generic - 9""","Texture Roller - Crisscross - Generic - 9""",Paint Accessories,Texture,"Texture Roller - Crisscross - Generic - 9""",NOS,285,285,285,18,Bengaluru,Karnataka,admin_manual,TRUE
MAT-001319,MAT-001319,MAT-001319,"Texture Roller - Floral Design - Generic - 9""","Texture Roller - Floral Design - Generic - 9""",Paint Accessories,Texture,"Texture Roller - Floral Design - Generic - 9""",NOS,325,325,325,18,Bengaluru,Karnataka,admin_manual,TRUE
MAT-001355,MAT-001355,MAT-001355,Turpentine Oil - Pure - Generic - 1L,Turpentine Oil - Pure - Generic - 1L,Paint Accessories,Paint Accessory,Turpentine Oil - Pure - Generic - 1L,ML,165,165,165,18,Bengaluru,Karnataka,admin_manual,TRUE
MAT-001356,MAT-001356,MAT-001356,Turpentine Oil - Pure - Generic - 5L,Turpentine Oil - Pure - Generic - 5L,Paint Accessories,Paint Accessory,Turpentine Oil - Pure - Generic - 5L,ML,785,785,785,18,Bengaluru,Karnataka,admin_manual,TRUE
MAT-001354,MAT-001354,MAT-001354,Turpentine Oil - Pure - Pidilite - 500ml,Turpentine Oil - Pure - Pidilite - 500ml,Paint Accessories,Paint Accessory,Turpentine Oil - Pure - Pidilite - 500ml,ML,95,95,95,18,Bengaluru,Karnataka,admin_manual,TRUE
MAT-001398,MAT-001398,MAT-001398,Paint - Automotive Finish - NC Glossy - Berger Auto,Paint - Automotive Finish - NC Glossy - Berger Auto,Paints,Paint,Paint - Automotive Finish - NC Glossy - Berger Auto,LTR,420,420,420,18,Bengaluru,Karnataka,admin_manual,TRUE
MAT-001399,MAT-001399,MAT-001399,Paint - Automotive Finish - NC Matte - Berger Auto,Paint - Automotive Finish - NC Matte - Berger Auto,Paints,Paint,Paint - Automotive Finish - NC Matte - Berger Auto,LTR,400,400,400,18,Bengaluru,Karnataka,admin_manual,TRUE
MAT-001396,MAT-001396,MAT-001396,Paint - Automotive Finish - PU Glossy - Asian Paints Autorefinz,Paint - Automotive Finish - PU Glossy - Asian Paints Autorefinz,Paints,Paint,Paint - Automotive Finish - PU Glossy - Asian Paints Autorefinz,LTR,480,480,480,18,Bengaluru,Karnataka,admin_manual,TRUE
MAT-001397,MAT-001397,MAT-001397,Paint - Automotive Finish - PU Matte - Asian Paints Autorefinz,Paint - Automotive Finish - PU Matte - Asian Paints Autorefinz,Paints,Paint,Paint - Automotive Finish - PU Matte - Asian Paints Autorefinz,LTR,460,460,460,18,Bengaluru,Karnataka,admin_manual,TRUE
MAT-001367,MAT-001367,MAT-001367,Paint - Enamel - Glossy - Asian Paints,Paint - Enamel - Glossy - Asian Paints,Paints,Enamel,Paint - Enamel - Glossy - Asian Paints,LTR,240,240,240,18,Bengaluru,Karnataka,admin_manual,TRUE
MAT-001368,MAT-001368,MAT-001368,Paint - Enamel - Glossy - Berger,Paint - Enamel - Glossy - Berger,Paints,Enamel,Paint - Enamel - Glossy - Berger,LTR,230,230,230,18,Bengaluru,Karnataka,admin_manual,TRUE
MAT-001436,MAT-001436,MAT-001436,Paint - Enamel - Glossy - Birla Opus,Paint - Enamel - Glossy - Birla Opus,Paints,Enamel,Paint - Enamel - Glossy - Birla Opus,LTR,245,245,245,18,Bengaluru,Karnataka,admin_manual,TRUE
MAT-001369,MAT-001369,MAT-001369,Paint - Enamel - Glossy - Dulux,Paint - Enamel - Glossy - Dulux,Paints,Enamel,Paint - Enamel - Glossy - Dulux,LTR,235,235,235,18,Bengaluru,Karnataka,admin_manual,TRUE
MAT-001445,MAT-001445,MAT-001445,Paint - Enamel - Matte - Asian Paints,Paint - Enamel - Matte - Asian Paints,Paints,Enamel,Paint - Enamel - Matte - Asian Paints,LTR,235,235,235,18,Bengaluru,Karnataka,admin_manual,TRUE
MAT-001437,MAT-001437,MAT-001437,Paint - Enamel - Matte - Birla Opus,Paint - Enamel - Matte - Birla Opus,Paints,Enamel,Paint - Enamel - Matte - Birla Opus,LTR,235,235,235,18,Bengaluru,Karnataka,admin_manual,TRUE
MAT-001432,MAT-001432,MAT-001432,Paint - Exterior Emulsion - High Durability - Birla Opus,Paint - Exterior Emulsion - High Durability - Birla Opus,Paints,Exterior Emulsion,Paint - Exterior Emulsion - High Durability - Birla Opus,LTR,235,235,235,18,Bengaluru,Karnataka,admin_manual,TRUE
MAT-001364,MAT-001364,MAT-001364,Paint - Exterior Emulsion - Weatherproof - Asian Paints,Paint - Exterior Emulsion - Weatherproof - Asian Paints,Paints,Exterior Emulsion,Paint - Exterior Emulsion - Weatherproof - Asian Paints,LTR,220,220,220,18,Bengaluru,Karnataka,admin_manual,TRUE
MAT-001365,MAT-001365,MAT-001365,Paint - Exterior Emulsion - Weatherproof - Berger,Paint - Exterior Emulsion - Weatherproof - Berger,Paints,Exterior Emulsion,Paint - Exterior Emulsion - Weatherproof - Berger,LTR,210,210,210,18,Bengaluru,Karnataka,admin_manual,TRUE
MAT-001428,MAT-001428,MAT-001428,Paint - Exterior Emulsion - Weatherproof - Birla Opus,Paint - Exterior Emulsion - Weatherproof - Birla Opus,Paints,Exterior Emulsion,Paint - Exterior Emulsion - Weatherproof - Birla Opus,LTR,215,215,215,18,Bengaluru,Karnataka,admin_manual,TRUE
MAT-001366,MAT-001366,MAT-001366,Paint - Exterior Emulsion - Weatherproof - Dulux,Paint - Exterior Emulsion - Weatherproof - Dulux,Paints,Exterior Emulsion,Paint - Exterior Emulsion - Weatherproof - Dulux,LTR,215,215,215,18,Bengaluru,Karnataka,admin_manual,TRUE
MAT-001426,MAT-001426,MAT-001426,Paint - Exterior Emulsion - Weatherproof - JSW Paints,Paint - Exterior Emulsion - Weatherproof - JSW Paints,Paints,Exterior Emulsion,Paint - Exterior Emulsion - Weatherproof - JSW Paints,LTR,220,220,220,18,Bengaluru,Karnataka,admin_manual,TRUE
MAT-001430,MAT-001430,MAT-001430,Paint - Exterior Emulsion - Weatherproof - Nerolac,Paint - Exterior Emulsion - Weatherproof - Nerolac,Paints,Exterior Emulsion,Paint - Exterior Emulsion - Weatherproof - Nerolac,LTR,210,210,210,18,Bengaluru,Karnataka,admin_manual,TRUE
MAT-001400,MAT-001400,MAT-001400,Paint - Industrial Coating - Epoxy Primer - Asian Paints PPG,Paint - Industrial Coating - Epoxy Primer - Asian Paints PPG,Paints,Primer,Paint - Industrial Coating - Epoxy Primer - Asian Paints PPG,LTR,520,520,520,18,Bengaluru,Karnataka,admin_manual,TRUE
MAT-001401,MAT-001401,MAT-001401,Paint - Industrial Coating - Epoxy Topcoat - Asian Paints PPG,Paint - Industrial Coating - Epoxy Topcoat - Asian Paints PPG,Paints,Paint,Paint - Industrial Coating - Epoxy Topcoat - Asian Paints PPG,LTR,580,580,580,18,Bengaluru,Karnataka,admin_manual,TRUE
MAT-001403,MAT-001403,MAT-001403,Paint - Industrial Coating - PU Primer - Berger Industrial,Paint - Industrial Coating - PU Primer - Berger Industrial,Paints,Primer,Paint - Industrial Coating - PU Primer - Berger Industrial,LTR,510,510,510,18,Bengaluru,Karnataka,admin_manual,TRUE
MAT-001402,MAT-001402,MAT-001402,Paint - Industrial Coating - PU Topcoat - Berger Industrial,Paint - Industrial Coating - PU Topcoat - Berger Industrial,Paints,Paint,Paint - Industrial Coating - PU Topcoat - Berger Industrial,LTR,560,560,560,18,Bengaluru,Karnataka,admin_manual,TRUE
MAT-001359,MAT-001359,MAT-001359,Paint - Interior Emulsion - Matte - Asian Paints,Paint - Interior Emulsion - Matte - Asian Paints,Paints,Interior Emulsion,Paint - Interior Emulsion - Matte - Asian Paints,LTR,180,180,180,18,Bengaluru,Karnataka,admin_manual,TRUE
MAT-001361,MAT-001361,MAT-001361,Paint - Interior Emulsion - Matte - Berger,Paint - Interior Emulsion - Matte - Berger,Paints,Interior Emulsion,Paint - Interior Emulsion - Matte - Berger,LTR,170,170,170,18,Bengaluru,Karnataka,admin_manual,TRUE
MAT-001427,MAT-001427,MAT-001427,Paint - Interior Emulsion - Matte - Birla Opus,Paint - Interior Emulsion - Matte - Birla Opus,Paints,Interior Emulsion,Paint - Interior Emulsion - Matte - Birla Opus,LTR,185,185,185,18,Bengaluru,Karnataka,admin_manual,TRUE
MAT-001363,MAT-001363,MAT-001363,Paint - Interior Emulsion - Matte - Dulux,Paint - Interior Emulsion - Matte - Dulux,Paints,Interior Emulsion,Paint - Interior Emulsion - Matte - Dulux,LTR,175,175,175,18,Bengaluru,Karnataka,admin_manual,TRUE
MAT-001425,MAT-001425,MAT-001425,Paint - Interior Emulsion - Matte - JSW Paints,Paint - Interior Emulsion - Matte - JSW Paints,Paints,Interior Emulsion,Paint - Interior Emulsion - Matte - JSW Paints,LTR,190,190,190,18,Bengaluru,Karnataka,admin_manual,TRUE
MAT-001429,MAT-001429,MAT-001429,Paint - Interior Emulsion - Matte - Nerolac,Paint - Interior Emulsion - Matte - Nerolac,Paints,Interior Emulsion,Paint - Interior Emulsion - Matte - Nerolac,LTR,180,180,180,18,Bengaluru,Karnataka,admin_manual,TRUE
MAT-001360,MAT-001360,MAT-001360,Paint - Interior Emulsion - Satin - Asian Paints,Paint - Interior Emulsion - Satin - Asian Paints,Paints,Interior Emulsion,Paint - Interior Emulsion - Satin - Asian Paints,LTR,200,200,200,18,Bengaluru,Karnataka,admin_manual,TRUE
MAT-001362,MAT-001362,MAT-001362,Paint - Interior Emulsion - Satin - Berger,Paint - Interior Emulsion - Satin - Berger,Paints,Interior Emulsion,Paint - Interior Emulsion - Satin - Berger,LTR,190,190,190,18,Bengaluru,Karnataka,admin_manual,TRUE
MAT-001431,MAT-001431,MAT-001431,Paint - Interior Emulsion - Satin - Birla Opus,Paint - Interior Emulsion - Satin - Birla Opus,Paints,Interior Emulsion,Paint - Interior Emulsion - Satin - Birla Opus,LTR,205,205,205,18,Bengaluru,Karnataka,admin_manual,TRUE
MAT-001395,MAT-001395,MAT-001395,Paint - Metal Primer - Epoxy - Dulux,Paint - Metal Primer - Epoxy - Dulux,Paints,Primer,Paint - Metal Primer - Epoxy - Dulux,LTR,200,200,200,18,Bengaluru,Karnataka,admin_manual,TRUE
MAT-001393,MAT-001393,MAT-001393,Paint - Metal Primer - Red Oxide - Asian Paints,Paint - Metal Primer - Red Oxide - Asian Paints,Paints,Primer,Paint - Metal Primer - Red Oxide - Asian Paints,LTR,160,160,160,18,Bengaluru,Karnataka,admin_manual,TRUE
MAT-001450,MAT-001450,MAT-001450,Paint - Metal Primer - Red Oxide - Birla Opus,Paint - Metal Primer - Red Oxide - Birla Opus,Paints,Primer,Paint - Metal Primer - Red Oxide - Birla Opus,LTR,165,165,165,18,Bengaluru,Karnataka,admin_manual,TRUE
MAT-001446,MAT-001446,MAT-001446,Paint - Metal Primer - Zinc Chromate - Asian Paints,Paint - Metal Primer - Zinc Chromate - Asian Paints,Paints,Primer,Paint - Metal Primer - Zinc Chromate - Asian Paints,LTR,180,180,180,18,Bengaluru,Karnataka,admin_manual,TRUE
MAT-001394,MAT-001394,MAT-001394,Paint - Metal Primer - Zinc Chromate - Berger,Paint - Metal Primer - Zinc Chromate - Berger,Paints,Primer,Paint - Metal Primer - Zinc Chromate - Berger,LTR,180,180,180,18,Bengaluru,Karnataka,admin_manual,TRUE
MAT-001451,MAT-001451,MAT-001451,Paint - Metal Primer - Zinc Chromate - Birla Opus,Paint - Metal Primer - Zinc Chromate - Birla Opus,Paints,Primer,Paint - Metal Primer - Zinc Chromate - Birla Opus,LTR,185,185,185,18,Bengaluru,Karnataka,admin_manual,TRUE
MAT-001442,MAT-001442,MAT-001442,Paint - Oil Paint - Glossy - Asian Paints,Paint - Oil Paint - Glossy - Asian Paints,Paints,Paint,Paint - Oil Paint - Glossy - Asian Paints,LTR,240,240,240,18,Bengaluru,Karnataka,admin_manual,TRUE
MAT-001414,MAT-001414,MAT-001414,Paint - Oil Paint - Glossy - Birla Opus,Paint - Oil Paint - Glossy - Birla Opus,Paints,Paint,Paint - Oil Paint - Glossy - Birla Opus,LTR,245,245,245,18,Bengaluru,Karnataka,admin_manual,TRUE
MAT-001412,MAT-001412,MAT-001412,Paint - Oil Paint - Glossy - JSW Paints,Paint - Oil Paint - Glossy - JSW Paints,Paints,Paint,Paint - Oil Paint - Glossy - JSW Paints,LTR,250,250,250,18,Bengaluru,Karnataka,admin_manual,TRUE
MAT-001410,MAT-001410,MAT-001410,Paint - Oil Paint - Glossy - Nerolac,Paint - Oil Paint - Glossy - Nerolac,Paints,Paint,Paint - Oil Paint - Glossy - Nerolac,LTR,240,240,240,18,Bengaluru,Karnataka,admin_manual,TRUE
MAT-001443,MAT-001443,MAT-001443,Paint - Oil Paint - Matte - Asian Paints,Paint - Oil Paint - Matte - Asian Paints,Paints,Paint,Paint - Oil Paint - Matte - Asian Paints,LTR,230,230,230,18,Bengaluru,Karnataka,admin_manual,TRUE
MAT-001415,MAT-001415,MAT-001415,Paint - Oil Paint - Matte - Birla Opus,Paint - Oil Paint - Matte - Birla Opus,Paints,Paint,Paint - Oil Paint - Matte - Birla Opus,LTR,235,235,235,18,Bengaluru,Karnataka,admin_manual,TRUE
MAT-001413,MAT-001413,MAT-001413,Paint - Oil Paint - Matte - JSW Paints,Paint - Oil Paint - Matte - JSW Paints,Paints,Paint,Paint - Oil Paint - Matte - JSW Paints,LTR,240,240,240,18,Bengaluru,Karnataka,admin_manual,TRUE
MAT-001411,MAT-001411,MAT-001411,Paint - Oil Paint - Matte - Nerolac,Paint - Oil Paint - Matte - Nerolac,Paints,Paint,Paint - Oil Paint - Matte - Nerolac,LTR,230,230,230,18,Bengaluru,Karnataka,admin_manual,TRUE
MAT-001444,MAT-001444,MAT-001444,Paint - Oil Paint - Satin - Asian Paints,Paint - Oil Paint - Satin - Asian Paints,Paints,Paint,Paint - Oil Paint - Satin - Asian Paints,LTR,235,235,235,18,Bengaluru,Karnataka,admin_manual,TRUE
MAT-001449,MAT-001449,MAT-001449,Paint - Oxide - Black - Asian Paints,Paint - Oxide - Black - Asian Paints,Paints,Paint,Paint - Oxide - Black - Asian Paints,KG,26,26,26,18,Bengaluru,Karnataka,admin_manual,TRUE
MAT-001424,MAT-001424,MAT-001424,Paint - Oxide - Black - Birla Opus,Paint - Oxide - Black - Birla Opus,Paints,Paint,Paint - Oxide - Black - Birla Opus,KG,28,28,28,18,Bengaluru,Karnataka,admin_manual,TRUE
MAT-001421,MAT-001421,MAT-001421,Paint - Oxide - Black - JSW Paints,Paint - Oxide - Black - JSW Paints,Paints,Paint,Paint - Oxide - Black - JSW Paints,KG,27,27,27,18,Bengaluru,Karnataka,admin_manual,TRUE
MAT-001418,MAT-001418,MAT-001418,Paint - Oxide - Black - Nerolac,Paint - Oxide - Black - Nerolac,Paints,Paint,Paint - Oxide - Black - Nerolac,KG,26,26,26,18,Bengaluru,Karnataka,admin_manual,TRUE
MAT-001447,MAT-001447,MAT-001447,Paint - Oxide - Red - Asian Paints,Paint - Oxide - Red - Asian Paints,Paints,Paint,Paint - Oxide - Red - Asian Paints,KG,28,28,28,18,Bengaluru,Karnataka,admin_manual,TRUE
MAT-001422,MAT-001422,MAT-001422,Paint - Oxide - Red - Birla Opus,Paint - Oxide - Red - Birla Opus,Paints,Paint,Paint - Oxide - Red - Birla Opus,KG,30,30,30,18,Bengaluru,Karnataka,admin_manual,TRUE
MAT-001419,MAT-001419,MAT-001419,Paint - Oxide - Red - JSW Paints,Paint - Oxide - Red - JSW Paints,Paints,Paint,Paint - Oxide - Red - JSW Paints,KG,29,29,29,18,Bengaluru,Karnataka,admin_manual,TRUE
MAT-001416,MAT-001416,MAT-001416,Paint - Oxide - Red - Nerolac,Paint - Oxide - Red - Nerolac,Paints,Paint,Paint - Oxide - Red - Nerolac,KG,28,28,28,18,Bengaluru,Karnataka,admin_manual,TRUE
MAT-001448,MAT-001448,MAT-001448,Paint - Oxide - Yellow - Asian Paints,Paint - Oxide - Yellow - Asian Paints,Paints,Paint,Paint - Oxide - Yellow - Asian Paints,KG,30,30,30,18,Bengaluru,Karnataka,admin_manual,TRUE
MAT-001423,MAT-001423,MAT-001423,Paint - Oxide - Yellow - Birla Opus,Paint - Oxide - Yellow - Birla Opus,Paints,Paint,Paint - Oxide - Yellow - Birla Opus,KG,32,32,32,18,Bengaluru,Karnataka,admin_manual,TRUE
MAT-001420,MAT-001420,MAT-001420,Paint - Oxide - Yellow - JSW Paints,Paint - Oxide - Yellow - JSW Paints,Paints,Paint,Paint - Oxide - Yellow - JSW Paints,KG,31,31,31,18,Bengaluru,Karnataka,admin_manual,TRUE
MAT-001417,MAT-001417,MAT-001417,Paint - Oxide - Yellow - Nerolac,Paint - Oxide - Yellow - Nerolac,Paints,Paint,Paint - Oxide - Yellow - Nerolac,KG,30,30,30,18,Bengaluru,Karnataka,admin_manual,TRUE
MAT-001373,MAT-001373,MAT-001373,Paint - Primer - Oil Based - Asian Paints,Paint - Primer - Oil Based - Asian Paints,Paints,Primer,Paint - Primer - Oil Based - Asian Paints,LTR,140,140,140,18,Bengaluru,Karnataka,admin_manual,TRUE
MAT-001374,MAT-001374,MAT-001374,Paint - Primer - Oil Based - Berger,Paint - Primer - Oil Based - Berger,Paints,Primer,Paint - Primer - Oil Based - Berger,LTR,135,135,135,18,Bengaluru,Karnataka,admin_manual,TRUE
MAT-001434,MAT-001434,MAT-001434,Paint - Primer - Oil Based - Birla Opus,Paint - Primer - Oil Based - Birla Opus,Paints,Primer,Paint - Primer - Oil Based - Birla Opus,LTR,140,140,140,18,Bengaluru,Karnataka,admin_manual,TRUE
MAT-001375,MAT-001375,MAT-001375,Paint - Primer - Oil Based - Dulux,Paint - Primer - Oil Based - Dulux,Paints,Primer,Paint - Primer - Oil Based - Dulux,LTR,138,138,138,18,Bengaluru,Karnataka,admin_manual,TRUE
MAT-001370,MAT-001370,MAT-001370,Paint - Primer - Water Based - Asian Paints,Paint - Primer - Water Based - Asian Paints,Paints,Primer,Paint - Primer - Water Based - Asian Paints,LTR,120,120,120,18,Bengaluru,Karnataka,admin_manual,TRUE
MAT-001371,MAT-001371,MAT-001371,Paint - Primer - Water Based - Berger,Paint - Primer - Water Based - Berger,Paints,Primer,Paint - Primer - Water Based - Berger,LTR,115,115,115,18,Bengaluru,Karnataka,admin_manual,TRUE
MAT-001433,MAT-001433,MAT-001433,Paint - Primer - Water Based - Birla Opus,Paint - Primer - Water Based - Birla Opus,Paints,Primer,Paint - Primer - Water Based - Birla Opus,LTR,120,120,120,18,Bengaluru,Karnataka,admin_manual,TRUE
MAT-001372,MAT-001372,MAT-001372,Paint - Primer - Water Based - Dulux,Paint - Primer - Water Based - Dulux,Paints,Primer,Paint - Primer - Water Based - Dulux,LTR,118,118,118,18,Bengaluru,Karnataka,admin_manual,TRUE
MAT-001406,MAT-001406,MAT-001406,Paint - Specialty - Anti-Corrosive - Asian Paints PPG,Paint - Specialty - Anti-Corrosive - Asian Paints PPG,Paints,Paint,Paint - Specialty - Anti-Corrosive - Asian Paints PPG,LTR,620,620,620,18,Bengaluru,Karnataka,admin_manual,TRUE
MAT-001407,MAT-001407,MAT-001407,Paint - Specialty - Anti-Corrosive - Berger Industrial,Paint - Specialty - Anti-Corrosive - Berger Industrial,Paints,Paint,Paint - Specialty - Anti-Corrosive - Berger Industrial,LTR,600,600,600,18,Bengaluru,Karnataka,admin_manual,TRUE
MAT-001408,MAT-001408,MAT-001408,Paint - Specialty - Floor Coating - Epoxy - Asian Paints PPG,Paint - Specialty - Floor Coating - Epoxy - Asian Paints PPG,Paints,Paint,Paint - Specialty - Floor Coating - Epoxy - Asian Paints PPG,LTR,640,640,640,18,Bengaluru,Karnataka,admin_manual,TRUE
MAT-001409,MAT-001409,MAT-001409,Paint - Specialty - Floor Coating - PU - Berger Industrial,Paint - Specialty - Floor Coating - PU - Berger Industrial,Paints,Paint,Paint - Specialty - Floor Coating - PU - Berger Industrial,LTR,620,620,620,18,Bengaluru,Karnataka,admin_manual,TRUE
MAT-001404,MAT-001404,MAT-001404,Paint - Specialty - Heat Resistant - Asian Paints PPG,Paint - Specialty - Heat Resistant - Asian Paints PPG,Paints,Paint,Paint - Specialty - Heat Resistant - Asian Paints PPG,LTR,600,600,600,18,Bengaluru,Karnataka,admin_manual,TRUE
MAT-001405,MAT-001405,MAT-001405,Paint - Specialty - Heat Resistant - Berger Industrial,Paint - Specialty - Heat Resistant - Berger Industrial,Paints,Paint,Paint - Specialty - Heat Resistant - Berger Industrial,LTR,580,580,580,18,Bengaluru,Karnataka,admin_manual,TRUE
MAT-001386,MAT-001386,MAT-001386,Paint - Texture - Marble - Asian Paints,Paint - Texture - Marble - Asian Paints,Paints,Texture,Paint - Texture - Marble - Asian Paints,LTR,380,380,380,18,Bengaluru,Karnataka,admin_manual,TRUE
MAT-001439,MAT-001439,MAT-001439,Paint - Texture - Marble - Birla Opus,Paint - Texture - Marble - Birla Opus,Paints,Texture,Paint - Texture - Marble - Birla Opus,LTR,380,380,380,18,Bengaluru,Karnataka,admin_manual,TRUE
MAT-001385,MAT-001385,MAT-001385,Paint - Texture - Rustic - Asian Paints,Paint - Texture - Rustic - Asian Paints,Paints,Texture,Paint - Texture - Rustic - Asian Paints,LTR,360,360,360,18,Bengaluru,Karnataka,admin_manual,TRUE
MAT-001438,MAT-001438,MAT-001438,Paint - Texture - Rustic - Birla Opus,Paint - Texture - Rustic - Birla Opus,Paints,Texture,Paint - Texture - Rustic - Birla Opus,LTR,360,360,360,18,Bengaluru,Karnataka,admin_manual,TRUE
MAT-001387,MAT-001387,MAT-001387,Paint - Texture - Sandstone - Berger,Paint - Texture - Sandstone - Berger,Paints,Texture,Paint - Texture - Sandstone - Berger,LTR,370,370,370,18,Bengaluru,Karnataka,admin_manual,TRUE
MAT-001388,MAT-001388,MAT-001388,Paint - Texture - Stucco - Dulux,Paint - Texture - Stucco - Dulux,Paints,Texture,Paint - Texture - Stucco - Dulux,LTR,375,375,375,18,Bengaluru,Karnataka,admin_manual,TRUE
MAT-001378,MAT-001378,MAT-001378,Paint - Wall Putty - White Cement - Asian Paints,Paint - Wall Putty - White Cement - Asian Paints,Paints,Putty,Paint - Wall Putty - White Cement - Asian Paints,KG,23,23,23,18,Bengaluru,Karnataka,admin_manual,TRUE
MAT-001376,MAT-001376,MAT-001376,Paint - Wall Putty - White Cement - Birla,Paint - Wall Putty - White Cement - Birla,Paints,Putty,Paint - Wall Putty - White Cement - Birla,KG,22,22,22,18,Bengaluru,Karnataka,admin_manual,TRUE
MAT-001435,MAT-001435,MAT-001435,Paint - Wall Putty - White Cement - Birla Opus,Paint - Wall Putty - White Cement - Birla Opus,Paints,Putty,Paint - Wall Putty - White Cement - Birla Opus,KG,23,23,23,18,Bengaluru,Karnataka,admin_manual,TRUE
MAT-001377,MAT-001377,MAT-001377,Paint - Wall Putty - White Cement - JK,Paint - Wall Putty - White Cement - JK,Paints,Putty,Paint - Wall Putty - White Cement - JK,KG,21,21,21,18,Bengaluru,Karnataka,admin_manual,TRUE
MAT-001391,MAT-001391,MAT-001391,Paint - Waterproofing - Roof Coat - Asian Paints SmartCare,Paint - Waterproofing - Roof Coat - Asian Paints SmartCare,Paints,Paint,Paint - Waterproofing - Roof Coat - Asian Paints SmartCare,LTR,430,430,430,18,Bengaluru,Karnataka,admin_manual,TRUE
MAT-001441,MAT-001441,MAT-001441,Paint - Waterproofing - Roof Coat - Birla Opus,Paint - Waterproofing - Roof Coat - Birla Opus,Paints,Paint,Paint - Waterproofing - Roof Coat - Birla Opus,LTR,430,430,430,18,Bengaluru,Karnataka,admin_manual,TRUE
MAT-001389,MAT-001389,MAT-001389,Paint - Waterproofing - Roof Coat - Dr. Fixit,Paint - Waterproofing - Roof Coat - Dr. Fixit,Paints,Paint,Paint - Waterproofing - Roof Coat - Dr. Fixit,LTR,420,420,420,18,Bengaluru,Karnataka,admin_manual,TRUE
MAT-001392,MAT-001392,MAT-001392,Paint - Waterproofing - Wall Guard - Asian Paints SmartCare,Paint - Waterproofing - Wall Guard - Asian Paints SmartCare,Paints,Paint,Paint - Waterproofing - Wall Guard - Asian Paints SmartCare,LTR,410,410,410,18,Bengaluru,Karnataka,admin_manual,TRUE
MAT-001440,MAT-001440,MAT-001440,Paint - Waterproofing - Wall Guard - Birla Opus,Paint - Waterproofing - Wall Guard - Birla Opus,Paints,Paint,Paint - Waterproofing - Wall Guard - Birla Opus,LTR,410,410,410,18,Bengaluru,Karnataka,admin_manual,TRUE
MAT-001390,MAT-001390,MAT-001390,Paint - Waterproofing - Wall Guard - Dr. Fixit,Paint - Waterproofing - Wall Guard - Dr. Fixit,Paints,Paint,Paint - Waterproofing - Wall Guard - Dr. Fixit,LTR,400,400,400,18,Bengaluru,Karnataka,admin_manual,TRUE
MAT-001379,MAT-001379,MAT-001379,Paint - Wood Finish - Melamine Glossy - Asian Paints,Paint - Wood Finish - Melamine Glossy - Asian Paints,Paints,Paint,Paint - Wood Finish - Melamine Glossy - Asian Paints,LTR,280,280,280,18,Bengaluru,Karnataka,admin_manual,TRUE
MAT-001383,MAT-001383,MAT-001383,Paint - Wood Finish - Melamine Glossy - ICA,Paint - Wood Finish - Melamine Glossy - ICA,Paints,Paint,Paint - Wood Finish - Melamine Glossy - ICA,LTR,340,340,340,18,Bengaluru,Karnataka,admin_manual,TRUE
MAT-001380,MAT-001380,MAT-001380,Paint - Wood Finish - Melamine Matte - Asian Paints,Paint - Wood Finish - Melamine Matte - Asian Paints,Paints,Paint,Paint - Wood Finish - Melamine Matte - Asian Paints,LTR,270,270,270,18,Bengaluru,Karnataka,admin_manual,TRUE
MAT-001381,MAT-001381,MAT-001381,Paint - Wood Finish - PU Glossy - Asian Paints,Paint - Wood Finish - PU Glossy - Asian Paints,Paints,Paint,Paint - Wood Finish - PU Glossy - Asian Paints,LTR,320,320,320,18,Bengaluru,Karnataka,admin_manual,TRUE
MAT-001384,MAT-001384,MAT-001384,Paint - Wood Finish - PU Glossy - ICA,Paint - Wood Finish - PU Glossy - ICA,Paints,Paint,Paint - Wood Finish - PU Glossy - ICA,LTR,390,390,390,18,Bengaluru,Karnataka,admin_manual,TRUE
MAT-001382,MAT-001382,MAT-001382,Paint - Wood Finish - PU Matte - Asian Paints,Paint - Wood Finish - PU Matte - Asian Paints,Paints,Paint,Paint - Wood Finish - PU Matte - Asian Paints,LTR,310,310,310,18,Bengaluru,Karnataka,admin_manual,TRUE
PLB-18,PLB-18,PLB-18,Concealed CPVC/SWR Plumbing Lines & Fixtures Set,Concealed CPVC/SWR Plumbing Lines & Fixtures Set,Plumbing,,,NOS,18500,18500,18500,0,Bengaluru,Karnataka,admin_manual,TRUE
MAT-001491,MAT-001491,MAT-001491,"CPVC Ball Valve 1"" - Finolex","CPVC Ball Valve 1"" - Finolex",Plumbing - CPVC,Ball Valve,"CPVC Ball Valve 1"" - Finolex",NOS,52.25,52.25,52.25,18,Bengaluru,Karnataka,admin_manual,TRUE
MAT-001594,MAT-001594,MAT-001594,"CPVC Ball Valve 1"" - Hindware","CPVC Ball Valve 1"" - Hindware",Plumbing - CPVC,Ball Valve,"CPVC Ball Valve 1"" - Hindware",NOS,52.25,52.25,52.25,18,Bengaluru,Karnataka,admin_manual,TRUE
MAT-001740,MAT-001740,MAT-001740,"CPVC Ball Valve 1"" - Supreme","CPVC Ball Valve 1"" - Supreme",Plumbing - CPVC,Ball Valve,"CPVC Ball Valve 1"" - Supreme",NOS,52.25,52.25,52.25,18,Bengaluru,Karnataka,admin_manual,TRUE
MAT-001667,MAT-001667,MAT-001667,"CPVC Ball Valve 1"" Tru - Pipes","CPVC Ball Valve 1"" Tru - Pipes",Plumbing - CPVC,Ball Valve,"CPVC Ball Valve 1"" Tru - Pipes",NOS,52.25,52.25,52.25,18,Bengaluru,Karnataka,admin_manual,TRUE
MAT-001531,MAT-001531,MAT-001531,"CPVC Ball Valve 1/2"" - Finolex","CPVC Ball Valve 1/2"" - Finolex",Plumbing - CPVC,Ball Valve,"CPVC Ball Valve 1/2"" - Finolex",NOS,33,33,33,18,Bengaluru,Karnataka,admin_manual,TRUE
MAT-001592,MAT-001592,MAT-001592,"CPVC Ball Valve 1/2"" - Hindware","CPVC Ball Valve 1/2"" - Hindware",Plumbing - CPVC,Ball Valve,"CPVC Ball Valve 1/2"" - Hindware",NOS,33,33,33,18,Bengaluru,Karnataka,admin_manual,TRUE
MAT-001738,MAT-001738,MAT-001738,"CPVC Ball Valve 1/2"" - Supreme","CPVC Ball Valve 1/2"" - Supreme",Plumbing - CPVC,Ball Valve,"CPVC Ball Valve 1/2"" - Supreme",NOS,33,33,33,18,Bengaluru,Karnataka,admin_manual,TRUE
MAT-001665,MAT-001665,MAT-001665,"CPVC Ball Valve 1/2"" Tru - Pipes","CPVC Ball Valve 1/2"" Tru - Pipes",Plumbing - CPVC,Ball Valve,"CPVC Ball Valve 1/2"" Tru - Pipes",NOS,33,33,33,18,Bengaluru,Karnataka,admin_manual,TRUE
MAT-001540,MAT-001540,MAT-001540,"CPVC Ball Valve 3/4"" - Finolex","CPVC Ball Valve 3/4"" - Finolex",Plumbing - CPVC,Ball Valve,"CPVC Ball Valve 3/4"" - Finolex",NOS,41.25,41.25,41.25,18,Bengaluru,Karnataka,admin_manual,TRUE
MAT-001593,MAT-001593,MAT-001593,"CPVC Ball Valve 3/4"" - Hindware","CPVC Ball Valve 3/4"" - Hindware",Plumbing - CPVC,Ball Valve,"CPVC Ball Valve 3/4"" - Hindware",NOS,41.25,41.25,41.25,18,Bengaluru,Karnataka,admin_manual,TRUE
MAT-001739,MAT-001739,MAT-001739,"CPVC Ball Valve 3/4"" - Supreme","CPVC Ball Valve 3/4"" - Supreme",Plumbing - CPVC,Ball Valve,"CPVC Ball Valve 3/4"" - Supreme",NOS,41.25,41.25,41.25,18,Bengaluru,Karnataka,admin_manual,TRUE
MAT-001666,MAT-001666,MAT-001666,"CPVC Ball Valve 3/4"" Tru - Pipes","CPVC Ball Valve 3/4"" Tru - Pipes",Plumbing - CPVC,Ball Valve,"CPVC Ball Valve 3/4"" Tru - Pipes",NOS,41.25,41.25,41.25,18,Bengaluru,Karnataka,admin_manual,TRUE
MAT-001494,MAT-001494,MAT-001494,"CPVC Brass Elbow 1"" - Finolex","CPVC Brass Elbow 1"" - Finolex",Plumbing - CPVC,Elbow,"CPVC Brass Elbow 1"" - Finolex",NOS,31.9,31.9,31.9,18,Bengaluru,Karnataka,admin_manual,TRUE
MAT-001612,MAT-001612,MAT-001612,"CPVC Brass Elbow 1"" - Hindware","CPVC Brass Elbow 1"" - Hindware",Plumbing - CPVC,Elbow,"CPVC Brass Elbow 1"" - Hindware",NOS,31.9,31.9,31.9,18,Bengaluru,Karnataka,admin_manual,TRUE
MAT-001758,MAT-001758,MAT-001758,"CPVC Brass Elbow 1"" - Supreme","CPVC Brass Elbow 1"" - Supreme",Plumbing - CPVC,Elbow,"CPVC Brass Elbow 1"" - Supreme",NOS,31.9,31.9,31.9,18,Bengaluru,Karnataka,admin_manual,TRUE
MAT-001685,MAT-001685,MAT-001685,"CPVC Brass Elbow 1"" Tru - Pipes","CPVC Brass Elbow 1"" Tru - Pipes",Plumbing - CPVC,Elbow,"CPVC Brass Elbow 1"" Tru - Pipes",NOS,31.9,31.9,31.9,18,Bengaluru,Karnataka,admin_manual,TRUE
MAT-001534,MAT-001534,MAT-001534,"CPVC Brass Elbow 1/2"" - Finolex","CPVC Brass Elbow 1/2"" - Finolex",Plumbing - CPVC,Elbow,"CPVC Brass Elbow 1/2"" - Finolex",NOS,20.9,20.9,20.9,18,Bengaluru,Karnataka,admin_manual,TRUE
MAT-001610,MAT-001610,MAT-001610,"CPVC Brass Elbow 1/2"" - Hindware","CPVC Brass Elbow 1/2"" - Hindware",Plumbing - CPVC,Elbow,"CPVC Brass Elbow 1/2"" - Hindware",NOS,20.9,20.9,20.9,18,Bengaluru,Karnataka,admin_manual,TRUE
MAT-001756,MAT-001756,MAT-001756,"CPVC Brass Elbow 1/2"" - Supreme","CPVC Brass Elbow 1/2"" - Supreme",Plumbing - CPVC,Elbow,"CPVC Brass Elbow 1/2"" - Supreme",NOS,20.9,20.9,20.9,18,Bengaluru,Karnataka,admin_manual,TRUE
MAT-001683,MAT-001683,MAT-001683,"CPVC Brass Elbow 1/2"" Tru - Pipes","CPVC Brass Elbow 1/2"" Tru - Pipes",Plumbing - CPVC,Elbow,"CPVC Brass Elbow 1/2"" Tru - Pipes",NOS,20.9,20.9,20.9,18,Bengaluru,Karnataka,admin_manual,TRUE
MAT-001543,MAT-001543,MAT-001543,"CPVC Brass Elbow 3/4"" - Finolex","CPVC Brass Elbow 3/4"" - Finolex",Plumbing - CPVC,Elbow,"CPVC Brass Elbow 3/4"" - Finolex",NOS,26.4,26.4,26.4,18,Bengaluru,Karnataka,admin_manual,TRUE
MAT-001611,MAT-001611,MAT-001611,"CPVC Brass Elbow 3/4"" - Hindware","CPVC Brass Elbow 3/4"" - Hindware",Plumbing - CPVC,Elbow,"CPVC Brass Elbow 3/4"" - Hindware",NOS,26.4,26.4,26.4,18,Bengaluru,Karnataka,admin_manual,TRUE
MAT-001757,MAT-001757,MAT-001757,"CPVC Brass Elbow 3/4"" - Supreme","CPVC Brass Elbow 3/4"" - Supreme",Plumbing - CPVC,Elbow,"CPVC Brass Elbow 3/4"" - Supreme",NOS,26.4,26.4,26.4,18,Bengaluru,Karnataka,admin_manual,TRUE
MAT-001684,MAT-001684,MAT-001684,"CPVC Brass Elbow 3/4"" Tru - Pipes","CPVC Brass Elbow 3/4"" Tru - Pipes",Plumbing - CPVC,Elbow,"CPVC Brass Elbow 3/4"" Tru - Pipes",NOS,26.4,26.4,26.4,18,Bengaluru,Karnataka,admin_manual,TRUE
MAT-001514,MAT-001514,MAT-001514,"CPVC Brass FTA 1"" - Finolex","CPVC Brass FTA 1"" - Finolex",Plumbing - CPVC,Pipe & Fitting,"CPVC Brass FTA 1"" - Finolex",NOS,30.25,30.25,30.25,18,Bengaluru,Karnataka,admin_manual,TRUE
MAT-001591,MAT-001591,MAT-001591,"CPVC Brass FTA 1"" - Hindware","CPVC Brass FTA 1"" - Hindware",Plumbing - CPVC,Pipe & Fitting,"CPVC Brass FTA 1"" - Hindware",NOS,30.25,30.25,30.25,18,Bengaluru,Karnataka,admin_manual,TRUE
MAT-001737,MAT-001737,MAT-001737,"CPVC Brass FTA 1"" - Supreme","CPVC Brass FTA 1"" - Supreme",Plumbing - CPVC,Pipe & Fitting,"CPVC Brass FTA 1"" - Supreme",NOS,30.25,30.25,30.25,18,Bengaluru,Karnataka,admin_manual,TRUE
MAT-001664,MAT-001664,MAT-001664,"CPVC Brass FTA 1"" Tru - Pipes","CPVC Brass FTA 1"" Tru - Pipes",Plumbing - CPVC,Pipe,"CPVC Brass FTA 1"" Tru - Pipes",NOS,30.25,30.25,30.25,18,Bengaluru,Karnataka,admin_manual,TRUE
MAT-001553,MAT-001553,MAT-001553,"CPVC Brass FTA 1/2"" - Finolex","CPVC Brass FTA 1/2"" - Finolex",Plumbing - CPVC,Pipe & Fitting,"CPVC Brass FTA 1/2"" - Finolex",NOS,19.25,19.25,19.25,18,Bengaluru,Karnataka,admin_manual,TRUE
MAT-001589,MAT-001589,MAT-001589,"CPVC Brass FTA 1/2"" - Hindware","CPVC Brass FTA 1/2"" - Hindware",Plumbing - CPVC,Pipe & Fitting,"CPVC Brass FTA 1/2"" - Hindware",NOS,19.25,19.25,19.25,18,Bengaluru,Karnataka,admin_manual,TRUE
MAT-001735,MAT-001735,MAT-001735,"CPVC Brass FTA 1/2"" - Supreme","CPVC Brass FTA 1/2"" - Supreme",Plumbing - CPVC,Pipe & Fitting,"CPVC Brass FTA 1/2"" - Supreme",NOS,19.25,19.25,19.25,18,Bengaluru,Karnataka,admin_manual,TRUE
MAT-001662,MAT-001662,MAT-001662,"CPVC Brass FTA 1/2"" Tru - Pipes","CPVC Brass FTA 1/2"" Tru - Pipes",Plumbing - CPVC,Pipe,"CPVC Brass FTA 1/2"" Tru - Pipes",NOS,19.25,19.25,19.25,18,Bengaluru,Karnataka,admin_manual,TRUE
MAT-001513,MAT-001513,MAT-001513,"CPVC Brass FTA 3/4"" - Finolex","CPVC Brass FTA 3/4"" - Finolex",Plumbing - CPVC,Pipe & Fitting,"CPVC Brass FTA 3/4"" - Finolex",NOS,24.75,24.75,24.75,18,Bengaluru,Karnataka,admin_manual,TRUE
MAT-001590,MAT-001590,MAT-001590,"CPVC Brass FTA 3/4"" - Hindware","CPVC Brass FTA 3/4"" - Hindware",Plumbing - CPVC,Pipe & Fitting,"CPVC Brass FTA 3/4"" - Hindware",NOS,24.75,24.75,24.75,18,Bengaluru,Karnataka,admin_manual,TRUE
MAT-001736,MAT-001736,MAT-001736,"CPVC Brass FTA 3/4"" - Supreme","CPVC Brass FTA 3/4"" - Supreme",Plumbing - CPVC,Pipe & Fitting,"CPVC Brass FTA 3/4"" - Supreme",NOS,24.75,24.75,24.75,18,Bengaluru,Karnataka,admin_manual,TRUE
MAT-001663,MAT-001663,MAT-001663,"CPVC Brass FTA 3/4"" Tru - Pipes","CPVC Brass FTA 3/4"" Tru - Pipes",Plumbing - CPVC,Pipe,"CPVC Brass FTA 3/4"" Tru - Pipes",NOS,24.75,24.75,24.75,18,Bengaluru,Karnataka,admin_manual,TRUE
MAT-001495,MAT-001495,MAT-001495,"CPVC Brass Insert Elbow 1"" - Finolex","CPVC Brass Insert Elbow 1"" - Finolex",Plumbing - CPVC,Elbow,"CPVC Brass Insert Elbow 1"" - Finolex",NOS,33,33,33,18,Bengaluru,Karnataka,admin_manual,TRUE
MAT-001618,MAT-001618,MAT-001618,"CPVC Brass Insert Elbow 1"" - Hindware","CPVC Brass Insert Elbow 1"" - Hindware",Plumbing - CPVC,Elbow,"CPVC Brass Insert Elbow 1"" - Hindware",NOS,33,33,33,18,Bengaluru,Karnataka,admin_manual,TRUE
MAT-001764,MAT-001764,MAT-001764,"CPVC Brass Insert Elbow 1"" - Supreme","CPVC Brass Insert Elbow 1"" - Supreme",Plumbing - CPVC,Elbow,"CPVC Brass Insert Elbow 1"" - Supreme",NOS,33,33,33,18,Bengaluru,Karnataka,admin_manual,TRUE
MAT-001691,MAT-001691,MAT-001691,"CPVC Brass Insert Elbow 1"" Tru - Pipes","CPVC Brass Insert Elbow 1"" Tru - Pipes",Plumbing - CPVC,Elbow,"CPVC Brass Insert Elbow 1"" Tru - Pipes",NOS,33,33,33,18,Bengaluru,Karnataka,admin_manual,TRUE
MAT-001535,MAT-001535,MAT-001535,"CPVC Brass Insert Elbow 1/2"" - Finolex","CPVC Brass Insert Elbow 1/2"" - Finolex",Plumbing - CPVC,Elbow,"CPVC Brass Insert Elbow 1/2"" - Finolex",NOS,22,22,22,18,Bengaluru,Karnataka,admin_manual,TRUE
MAT-001616,MAT-001616,MAT-001616,"CPVC Brass Insert Elbow 1/2"" - Hindware","CPVC Brass Insert Elbow 1/2"" - Hindware",Plumbing - CPVC,Elbow,"CPVC Brass Insert Elbow 1/2"" - Hindware",NOS,22,22,22,18,Bengaluru,Karnataka,admin_manual,TRUE
MAT-001762,MAT-001762,MAT-001762,"CPVC Brass Insert Elbow 1/2"" - Supreme","CPVC Brass Insert Elbow 1/2"" - Supreme",Plumbing - CPVC,Elbow,"CPVC Brass Insert Elbow 1/2"" - Supreme",NOS,22,22,22,18,Bengaluru,Karnataka,admin_manual,TRUE
MAT-001689,MAT-001689,MAT-001689,"CPVC Brass Insert Elbow 1/2"" Tru - Pipes","CPVC Brass Insert Elbow 1/2"" Tru - Pipes",Plumbing - CPVC,Elbow,"CPVC Brass Insert Elbow 1/2"" Tru - Pipes",NOS,22,22,22,18,Bengaluru,Karnataka,admin_manual,TRUE
MAT-001544,MAT-001544,MAT-001544,"CPVC Brass Insert Elbow 3/4"" - Finolex","CPVC Brass Insert Elbow 3/4"" - Finolex",Plumbing - CPVC,Elbow,"CPVC Brass Insert Elbow 3/4"" - Finolex",NOS,27.5,27.5,27.5,18,Bengaluru,Karnataka,admin_manual,TRUE
MAT-001617,MAT-001617,MAT-001617,"CPVC Brass Insert Elbow 3/4"" - Hindware","CPVC Brass Insert Elbow 3/4"" - Hindware",Plumbing - CPVC,Elbow,"CPVC Brass Insert Elbow 3/4"" - Hindware",NOS,27.5,27.5,27.5,18,Bengaluru,Karnataka,admin_manual,TRUE
MAT-001763,MAT-001763,MAT-001763,"CPVC Brass Insert Elbow 3/4"" - Supreme","CPVC Brass Insert Elbow 3/4"" - Supreme",Plumbing - CPVC,Elbow,"CPVC Brass Insert Elbow 3/4"" - Supreme",NOS,27.5,27.5,27.5,18,Bengaluru,Karnataka,admin_manual,TRUE
MAT-001690,MAT-001690,MAT-001690,"CPVC Brass Insert Elbow 3/4"" Tru - Pipes","CPVC Brass Insert Elbow 3/4"" Tru - Pipes",Plumbing - CPVC,Elbow,"CPVC Brass Insert Elbow 3/4"" Tru - Pipes",NOS,27.5,27.5,27.5,18,Bengaluru,Karnataka,admin_manual,TRUE
MAT-001522,MAT-001522,MAT-001522,"CPVC Brass Tee 1"" - Finolex","CPVC Brass Tee 1"" - Finolex",Plumbing - CPVC,Tee,"CPVC Brass Tee 1"" - Finolex",NOS,34.1,34.1,34.1,18,Bengaluru,Karnataka,admin_manual,TRUE
MAT-001615,MAT-001615,MAT-001615,"CPVC Brass Tee 1"" - Hindware","CPVC Brass Tee 1"" - Hindware",Plumbing - CPVC,Tee,"CPVC Brass Tee 1"" - Hindware",NOS,34.1,34.1,34.1,18,Bengaluru,Karnataka,admin_manual,TRUE
MAT-001761,MAT-001761,MAT-001761,"CPVC Brass Tee 1"" - Supreme","CPVC Brass Tee 1"" - Supreme",Plumbing - CPVC,Tee,"CPVC Brass Tee 1"" - Supreme",NOS,34.1,34.1,34.1,18,Bengaluru,Karnataka,admin_manual,TRUE
MAT-001688,MAT-001688,MAT-001688,"CPVC Brass Tee 1"" Tru - Pipes","CPVC Brass Tee 1"" Tru - Pipes",Plumbing - CPVC,Tee,"CPVC Brass Tee 1"" Tru - Pipes",NOS,34.1,34.1,34.1,18,Bengaluru,Karnataka,admin_manual,TRUE
MAT-001557,MAT-001557,MAT-001557,"CPVC Brass Tee 1/2"" - Finolex","CPVC Brass Tee 1/2"" - Finolex",Plumbing - CPVC,Tee,"CPVC Brass Tee 1/2"" - Finolex",NOS,23.1,23.1,23.1,18,Bengaluru,Karnataka,admin_manual,TRUE
MAT-001613,MAT-001613,MAT-001613,"CPVC Brass Tee 1/2"" - Hindware","CPVC Brass Tee 1/2"" - Hindware",Plumbing - CPVC,Tee,"CPVC Brass Tee 1/2"" - Hindware",NOS,23.1,23.1,23.1,18,Bengaluru,Karnataka,admin_manual,TRUE
MAT-001759,MAT-001759,MAT-001759,"CPVC Brass Tee 1/2"" - Supreme","CPVC Brass Tee 1/2"" - Supreme",Plumbing - CPVC,Tee,"CPVC Brass Tee 1/2"" - Supreme",NOS,23.1,23.1,23.1,18,Bengaluru,Karnataka,admin_manual,TRUE
MAT-001686,MAT-001686,MAT-001686,"CPVC Brass Tee 1/2"" Tru - Pipes","CPVC Brass Tee 1/2"" Tru - Pipes",Plumbing - CPVC,Tee,"CPVC Brass Tee 1/2"" Tru - Pipes",NOS,23.1,23.1,23.1,18,Bengaluru,Karnataka,admin_manual,TRUE
MAT-001521,MAT-001521,MAT-001521,"CPVC Brass Tee 3/4"" - Finolex","CPVC Brass Tee 3/4"" - Finolex",Plumbing - CPVC,Tee,"CPVC Brass Tee 3/4"" - Finolex",NOS,28.6,28.6,28.6,18,Bengaluru,Karnataka,admin_manual,TRUE
MAT-001614,MAT-001614,MAT-001614,"CPVC Brass Tee 3/4"" - Hindware","CPVC Brass Tee 3/4"" - Hindware",Plumbing - CPVC,Tee,"CPVC Brass Tee 3/4"" - Hindware",NOS,28.6,28.6,28.6,18,Bengaluru,Karnataka,admin_manual,TRUE
MAT-001760,MAT-001760,MAT-001760,"CPVC Brass Tee 3/4"" - Supreme","CPVC Brass Tee 3/4"" - Supreme",Plumbing - CPVC,Tee,"CPVC Brass Tee 3/4"" - Supreme",NOS,28.6,28.6,28.6,18,Bengaluru,Karnataka,admin_manual,TRUE
MAT-001687,MAT-001687,MAT-001687,"CPVC Brass Tee 3/4"" Tru - Pipes","CPVC Brass Tee 3/4"" Tru - Pipes",Plumbing - CPVC,Tee,"CPVC Brass Tee 3/4"" Tru - Pipes",NOS,28.6,28.6,28.6,18,Bengaluru,Karnataka,admin_manual,TRUE
MAT-001490,MAT-001490,MAT-001490,"CPVC Clamp 1"" - Finolex","CPVC Clamp 1"" - Finolex",Plumbing - CPVC,Clamp,"CPVC Clamp 1"" - Finolex",NOS,4.4,4.4,4.4,18,Bengaluru,Karnataka,admin_manual,TRUE
MAT-001588,MAT-001588,MAT-001588,"CPVC Clamp 1"" - Hindware","CPVC Clamp 1"" - Hindware",Plumbing - CPVC,Clamp,"CPVC Clamp 1"" - Hindware",NOS,4.4,4.4,4.4,18,Bengaluru,Karnataka,admin_manual,TRUE
MAT-001734,MAT-001734,MAT-001734,"CPVC Clamp 1"" - Supreme","CPVC Clamp 1"" - Supreme",Plumbing - CPVC,Clamp,"CPVC Clamp 1"" - Supreme",NOS,4.4,4.4,4.4,18,Bengaluru,Karnataka,admin_manual,TRUE
MAT-001661,MAT-001661,MAT-001661,"CPVC Clamp 1"" Tru - Pipes","CPVC Clamp 1"" Tru - Pipes",Plumbing - CPVC,Pipe,"CPVC Clamp 1"" Tru - Pipes",NOS,4.4,4.4,4.4,18,Bengaluru,Karnataka,admin_manual,TRUE
MAT-001530,MAT-001530,MAT-001530,"CPVC Clamp 1/2"" - Finolex","CPVC Clamp 1/2"" - Finolex",Plumbing - CPVC,Clamp,"CPVC Clamp 1/2"" - Finolex",NOS,3.3,3.3,3.3,18,Bengaluru,Karnataka,admin_manual,TRUE
MAT-001586,MAT-001586,MAT-001586,"CPVC Clamp 1/2"" - Hindware","CPVC Clamp 1/2"" - Hindware",Plumbing - CPVC,Clamp,"CPVC Clamp 1/2"" - Hindware",NOS,3.3,3.3,3.3,18,Bengaluru,Karnataka,admin_manual,TRUE
MAT-001732,MAT-001732,MAT-001732,"CPVC Clamp 1/2"" - Supreme","CPVC Clamp 1/2"" - Supreme",Plumbing - CPVC,Clamp,"CPVC Clamp 1/2"" - Supreme",NOS,3.3,3.3,3.3,18,Bengaluru,Karnataka,admin_manual,TRUE
MAT-001659,MAT-001659,MAT-001659,"CPVC Clamp 1/2"" Tru - Pipes","CPVC Clamp 1/2"" Tru - Pipes",Plumbing - CPVC,Pipe,"CPVC Clamp 1/2"" Tru - Pipes",NOS,3.3,3.3,3.3,18,Bengaluru,Karnataka,admin_manual,TRUE
MAT-001539,MAT-001539,MAT-001539,"CPVC Clamp 3/4"" - Finolex","CPVC Clamp 3/4"" - Finolex",Plumbing - CPVC,Clamp,"CPVC Clamp 3/4"" - Finolex",NOS,3.85,3.85,3.85,18,Bengaluru,Karnataka,admin_manual,TRUE
MAT-001587,MAT-001587,MAT-001587,"CPVC Clamp 3/4"" - Hindware","CPVC Clamp 3/4"" - Hindware",Plumbing - CPVC,Clamp,"CPVC Clamp 3/4"" - Hindware",NOS,3.85,3.85,3.85,18,Bengaluru,Karnataka,admin_manual,TRUE
MAT-001733,MAT-001733,MAT-001733,"CPVC Clamp 3/4"" - Supreme","CPVC Clamp 3/4"" - Supreme",Plumbing - CPVC,Clamp,"CPVC Clamp 3/4"" - Supreme",NOS,3.85,3.85,3.85,18,Bengaluru,Karnataka,admin_manual,TRUE
MAT-001660,MAT-001660,MAT-001660,"CPVC Clamp 3/4"" Tru - Pipes","CPVC Clamp 3/4"" Tru - Pipes",Plumbing - CPVC,Pipe,"CPVC Clamp 3/4"" Tru - Pipes",NOS,3.85,3.85,3.85,18,Bengaluru,Karnataka,admin_manual,TRUE
MAT-001468,MAT-001468,MAT-001468,"CPVC Coupler 1"" - Astral","CPVC Coupler 1"" - Astral",Plumbing - CPVC,Coupler,"CPVC Coupler 1"" - Astral",NOS,8.8,8.8,8.8,18,Bengaluru,Karnataka,admin_manual,TRUE
MAT-001508,MAT-001508,MAT-001508,"CPVC Coupler 1"" - Finolex","CPVC Coupler 1"" - Finolex",Plumbing - CPVC,Coupler,"CPVC Coupler 1"" - Finolex",NOS,8.8,8.8,8.8,18,Bengaluru,Karnataka,admin_manual,TRUE
MAT-001573,MAT-001573,MAT-001573,"CPVC Coupler 1"" - Hindware","CPVC Coupler 1"" - Hindware",Plumbing - CPVC,Coupler,"CPVC Coupler 1"" - Hindware",NOS,8.8,8.8,8.8,18,Bengaluru,Karnataka,admin_manual,TRUE
MAT-001719,MAT-001719,MAT-001719,"CPVC Coupler 1"" - Supreme","CPVC Coupler 1"" - Supreme",Plumbing - CPVC,Coupler,"CPVC Coupler 1"" - Supreme",NOS,8.8,8.8,8.8,18,Bengaluru,Karnataka,admin_manual,TRUE
MAT-001646,MAT-001646,MAT-001646,"CPVC Coupler 1"" Tru - Pipes","CPVC Coupler 1"" Tru - Pipes",Plumbing - CPVC,Coupler,"CPVC Coupler 1"" Tru - Pipes",NOS,8.8,8.8,8.8,18,Bengaluru,Karnataka,admin_manual,TRUE
MAT-001470,MAT-001470,MAT-001470,"CPVC Coupler 1-1/2"" - Astral","CPVC Coupler 1-1/2"" - Astral",Plumbing - CPVC,Coupler,"CPVC Coupler 1-1/2"" - Astral",NOS,15.4,15.4,15.4,18,Bengaluru,Karnataka,admin_manual,TRUE
MAT-001469,MAT-001469,MAT-001469,"CPVC Coupler 1-1/4"" - Astral","CPVC Coupler 1-1/4"" - Astral",Plumbing - CPVC,Coupler,"CPVC Coupler 1-1/4"" - Astral",NOS,12.1,12.1,12.1,18,Bengaluru,Karnataka,admin_manual,TRUE
MAT-001466,MAT-001466,MAT-001466,"CPVC Coupler 1/2"" - Astral","CPVC Coupler 1/2"" - Astral",Plumbing - CPVC,Coupler,"CPVC Coupler 1/2"" - Astral",NOS,5.5,5.5,5.5,18,Bengaluru,Karnataka,admin_manual,TRUE
MAT-001550,MAT-001550,MAT-001550,"CPVC Coupler 1/2"" - Finolex","CPVC Coupler 1/2"" - Finolex",Plumbing - CPVC,Coupler,"CPVC Coupler 1/2"" - Finolex",NOS,5.5,5.5,5.5,18,Bengaluru,Karnataka,admin_manual,TRUE
MAT-001571,MAT-001571,MAT-001571,"CPVC Coupler 1/2"" - Hindware","CPVC Coupler 1/2"" - Hindware",Plumbing - CPVC,Coupler,"CPVC Coupler 1/2"" - Hindware",NOS,5.5,5.5,5.5,18,Bengaluru,Karnataka,admin_manual,TRUE
MAT-001717,MAT-001717,MAT-001717,"CPVC Coupler 1/2"" - Supreme","CPVC Coupler 1/2"" - Supreme",Plumbing - CPVC,Coupler,"CPVC Coupler 1/2"" - Supreme",NOS,5.5,5.5,5.5,18,Bengaluru,Karnataka,admin_manual,TRUE
MAT-001644,MAT-001644,MAT-001644,"CPVC Coupler 1/2"" Tru - Pipes","CPVC Coupler 1/2"" Tru - Pipes",Plumbing - CPVC,Coupler,"CPVC Coupler 1/2"" Tru - Pipes",NOS,5.5,5.5,5.5,18,Bengaluru,Karnataka,admin_manual,TRUE
MAT-001471,MAT-001471,MAT-001471,"CPVC Coupler 2"" - Astral","CPVC Coupler 2"" - Astral",Plumbing - CPVC,Coupler,"CPVC Coupler 2"" - Astral",NOS,19.8,19.8,19.8,18,Bengaluru,Karnataka,admin_manual,TRUE
MAT-001467,MAT-001467,MAT-001467,"CPVC Coupler 3/4"" - Astral","CPVC Coupler 3/4"" - Astral",Plumbing - CPVC,Coupler,"CPVC Coupler 3/4"" - Astral",NOS,6.6,6.6,6.6,18,Bengaluru,Karnataka,admin_manual,TRUE
MAT-001507,MAT-001507,MAT-001507,"CPVC Coupler 3/4"" - Finolex","CPVC Coupler 3/4"" - Finolex",Plumbing - CPVC,Coupler,"CPVC Coupler 3/4"" - Finolex",NOS,6.6,6.6,6.6,18,Bengaluru,Karnataka,admin_manual,TRUE
MAT-001572,MAT-001572,MAT-001572,"CPVC Coupler 3/4"" - Hindware","CPVC Coupler 3/4"" - Hindware",Plumbing - CPVC,Coupler,"CPVC Coupler 3/4"" - Hindware",NOS,6.6,6.6,6.6,18,Bengaluru,Karnataka,admin_manual,TRUE
MAT-001718,MAT-001718,MAT-001718,"CPVC Coupler 3/4"" - Supreme","CPVC Coupler 3/4"" - Supreme",Plumbing - CPVC,Coupler,"CPVC Coupler 3/4"" - Supreme",NOS,6.6,6.6,6.6,18,Bengaluru,Karnataka,admin_manual,TRUE
MAT-001645,MAT-001645,MAT-001645,"CPVC Coupler 3/4"" Tru - Pipes","CPVC Coupler 3/4"" Tru - Pipes",Plumbing - CPVC,Coupler,"CPVC Coupler 3/4"" Tru - Pipes",NOS,6.6,6.6,6.6,18,Bengaluru,Karnataka,admin_manual,TRUE
MAT-001456,MAT-001456,MAT-001456,"CPVC Elbow 1"" - Astral","CPVC Elbow 1"" - Astral",Plumbing - CPVC,Elbow,"CPVC Elbow 1"" - Astral",NOS,11,11,11,18,Bengaluru,Karnataka,admin_manual,TRUE
MAT-001500,MAT-001500,MAT-001500,"CPVC Elbow 1"" - Finolex","CPVC Elbow 1"" - Finolex",Plumbing - CPVC,Elbow,"CPVC Elbow 1"" - Finolex",NOS,11,11,11,18,Bengaluru,Karnataka,admin_manual,TRUE
MAT-001453,MAT-001453,MAT-001453,"CPVC Elbow 1"" - Hindware","CPVC Elbow 1"" - Hindware",Plumbing - CPVC,Elbow,"CPVC Elbow 1"" - Hindware",NOS,11,11,11,18,Bengaluru,Karnataka,admin_manual,TRUE
MAT-001488,MAT-001488,MAT-001488,"CPVC Elbow 1"" - Supreme","CPVC Elbow 1"" - Supreme",Plumbing - CPVC,Elbow,"CPVC Elbow 1"" - Supreme",NOS,11,11,11,18,Bengaluru,Karnataka,admin_manual,TRUE
MAT-001501,MAT-001501,MAT-001501,"CPVC Elbow 1"" Tru - Pipes","CPVC Elbow 1"" Tru - Pipes",Plumbing - CPVC,Elbow,"CPVC Elbow 1"" Tru - Pipes",NOS,11,11,11,18,Bengaluru,Karnataka,admin_manual,TRUE
MAT-001458,MAT-001458,MAT-001458,"CPVC Elbow 1-1/2"" - Astral","CPVC Elbow 1-1/2"" - Astral",Plumbing - CPVC,Elbow,"CPVC Elbow 1-1/2"" - Astral",NOS,19.25,19.25,19.25,18,Bengaluru,Karnataka,admin_manual,TRUE
MAT-001635,MAT-001635,MAT-001635,"CPVC Elbow 1-1/2"" - Finolex","CPVC Elbow 1-1/2"" - Finolex",Plumbing - CPVC,Elbow,"CPVC Elbow 1-1/2"" - Finolex",NOS,19.25,19.25,19.25,18,Bengaluru,Karnataka,admin_manual,TRUE
MAT-001563,MAT-001563,MAT-001563,"CPVC Elbow 1-1/2"" - Hindware","CPVC Elbow 1-1/2"" - Hindware",Plumbing - CPVC,Elbow,"CPVC Elbow 1-1/2"" - Hindware",NOS,19.25,19.25,19.25,18,Bengaluru,Karnataka,admin_manual,TRUE
MAT-001709,MAT-001709,MAT-001709,"CPVC Elbow 1-1/2"" - Supreme","CPVC Elbow 1-1/2"" - Supreme",Plumbing - CPVC,Elbow,"CPVC Elbow 1-1/2"" - Supreme",NOS,19.25,19.25,19.25,18,Bengaluru,Karnataka,admin_manual,TRUE
MAT-001636,MAT-001636,MAT-001636,"CPVC Elbow 1-1/2"" Tru - Pipes","CPVC Elbow 1-1/2"" Tru - Pipes",Plumbing - CPVC,Elbow,"CPVC Elbow 1-1/2"" Tru - Pipes",NOS,19.25,19.25,19.25,18,Bengaluru,Karnataka,admin_manual,TRUE
MAT-001457,MAT-001457,MAT-001457,"CPVC Elbow 1-1/4"" - Astral","CPVC Elbow 1-1/4"" - Astral",Plumbing - CPVC,Elbow,"CPVC Elbow 1-1/4"" - Astral",NOS,15.4,15.4,15.4,18,Bengaluru,Karnataka,admin_manual,TRUE
MAT-001483,MAT-001483,MAT-001483,"CPVC Elbow 1-1/4"" - Finolex","CPVC Elbow 1-1/4"" - Finolex",Plumbing - CPVC,Elbow,"CPVC Elbow 1-1/4"" - Finolex",NOS,15.4,15.4,15.4,18,Bengaluru,Karnataka,admin_manual,TRUE
MAT-001480,MAT-001480,MAT-001480,"CPVC Elbow 1-1/4"" - Hindware","CPVC Elbow 1-1/4"" - Hindware",Plumbing - CPVC,Elbow,"CPVC Elbow 1-1/4"" - Hindware",NOS,15.4,15.4,15.4,18,Bengaluru,Karnataka,admin_manual,TRUE
MAT-001708,MAT-001708,MAT-001708,"CPVC Elbow 1-1/4"" - Supreme","CPVC Elbow 1-1/4"" - Supreme",Plumbing - CPVC,Elbow,"CPVC Elbow 1-1/4"" - Supreme",NOS,15.4,15.4,15.4,18,Bengaluru,Karnataka,admin_manual,TRUE
MAT-001482,MAT-001482,MAT-001482,"CPVC Elbow 1-1/4"" Tru - Pipes","CPVC Elbow 1-1/4"" Tru - Pipes",Plumbing - CPVC,Elbow,"CPVC Elbow 1-1/4"" Tru - Pipes",NOS,15.4,15.4,15.4,18,Bengaluru,Karnataka,admin_manual,TRUE
MAT-001454,MAT-001454,MAT-001454,"CPVC Elbow 1/2"" - Astral","CPVC Elbow 1/2"" - Astral",Plumbing - CPVC,Elbow,"CPVC Elbow 1/2"" - Astral",NOS,6.6,6.6,6.6,18,Bengaluru,Karnataka,admin_manual,TRUE
MAT-001486,MAT-001486,MAT-001486,"CPVC Elbow 1/2"" - Finolex","CPVC Elbow 1/2"" - Finolex",Plumbing - CPVC,Elbow,"CPVC Elbow 1/2"" - Finolex",NOS,6.6,6.6,6.6,18,Bengaluru,Karnataka,admin_manual,TRUE
MAT-001547,MAT-001547,MAT-001547,"CPVC Elbow 1/2"" - Hindware","CPVC Elbow 1/2"" - Hindware",Plumbing - CPVC,Elbow,"CPVC Elbow 1/2"" - Hindware",NOS,6.6,6.6,6.6,18,Bengaluru,Karnataka,admin_manual,TRUE
MAT-001707,MAT-001707,MAT-001707,"CPVC Elbow 1/2"" - Supreme","CPVC Elbow 1/2"" - Supreme",Plumbing - CPVC,Elbow,"CPVC Elbow 1/2"" - Supreme",NOS,6.6,6.6,6.6,18,Bengaluru,Karnataka,admin_manual,TRUE
MAT-001502,MAT-001502,MAT-001502,"CPVC Elbow 1/2"" Tru - Pipes","CPVC Elbow 1/2"" Tru - Pipes",Plumbing - CPVC,Elbow,"CPVC Elbow 1/2"" Tru - Pipes",NOS,6.6,6.6,6.6,18,Bengaluru,Karnataka,admin_manual,TRUE
MAT-001459,MAT-001459,MAT-001459,"CPVC Elbow 2"" - Astral","CPVC Elbow 2"" - Astral",Plumbing - CPVC,Elbow,"CPVC Elbow 2"" - Astral",NOS,27.5,27.5,27.5,18,Bengaluru,Karnataka,admin_manual,TRUE
MAT-001503,MAT-001503,MAT-001503,"CPVC Elbow 2"" - Finolex","CPVC Elbow 2"" - Finolex",Plumbing - CPVC,Elbow,"CPVC Elbow 2"" - Finolex",NOS,27.5,27.5,27.5,18,Bengaluru,Karnataka,admin_manual,TRUE
MAT-001564,MAT-001564,MAT-001564,"CPVC Elbow 2"" - Hindware","CPVC Elbow 2"" - Hindware",Plumbing - CPVC,Elbow,"CPVC Elbow 2"" - Hindware",NOS,27.5,27.5,27.5,18,Bengaluru,Karnataka,admin_manual,TRUE
MAT-001710,MAT-001710,MAT-001710,"CPVC Elbow 2"" - Supreme","CPVC Elbow 2"" - Supreme",Plumbing - CPVC,Elbow,"CPVC Elbow 2"" - Supreme",NOS,27.5,27.5,27.5,18,Bengaluru,Karnataka,admin_manual,TRUE
MAT-001637,MAT-001637,MAT-001637,"CPVC Elbow 2"" Tru - Pipes","CPVC Elbow 2"" Tru - Pipes",Plumbing - CPVC,Elbow,"CPVC Elbow 2"" Tru - Pipes",NOS,27.5,27.5,27.5,18,Bengaluru,Karnataka,admin_manual,TRUE
MAT-001455,MAT-001455,MAT-001455,"CPVC Elbow 3/4"" - Astral","CPVC Elbow 3/4"" - Astral",Plumbing - CPVC,Elbow,"CPVC Elbow 3/4"" - Astral",NOS,8.25,8.25,8.25,18,Bengaluru,Karnataka,admin_manual,TRUE
MAT-001478,MAT-001478,MAT-001478,"CPVC Elbow 3/4"" - Finolex","CPVC Elbow 3/4"" - Finolex",Plumbing - CPVC,Elbow,"CPVC Elbow 3/4"" - Finolex",NOS,8.25,8.25,8.25,18,Bengaluru,Karnataka,admin_manual,TRUE
MAT-001538,MAT-001538,MAT-001538,"CPVC Elbow 3/4"" - Hindware","CPVC Elbow 3/4"" - Hindware",Plumbing - CPVC,Elbow,"CPVC Elbow 3/4"" - Hindware",NOS,8.25,8.25,8.25,18,Bengaluru,Karnataka,admin_manual,TRUE
MAT-001548,MAT-001548,MAT-001548,"CPVC Elbow 3/4"" - Supreme","CPVC Elbow 3/4"" - Supreme",Plumbing - CPVC,Elbow,"CPVC Elbow 3/4"" - Supreme",NOS,8.25,8.25,8.25,18,Bengaluru,Karnataka,admin_manual,TRUE
MAT-001479,MAT-001479,MAT-001479,"CPVC Elbow 3/4"" Tru - Pipes","CPVC Elbow 3/4"" Tru - Pipes",Plumbing - CPVC,Elbow,"CPVC Elbow 3/4"" Tru - Pipes",NOS,8.25,8.25,8.25,18,Bengaluru,Karnataka,admin_manual,TRUE
MAT-001526,MAT-001526,MAT-001526,"CPVC Elbow with Insert 1"" - Finolex","CPVC Elbow with Insert 1"" - Finolex",Plumbing - CPVC,Elbow,"CPVC Elbow with Insert 1"" - Finolex",NOS,28.6,28.6,28.6,18,Bengaluru,Karnataka,admin_manual,TRUE
MAT-001627,MAT-001627,MAT-001627,"CPVC Elbow with Insert 1"" - Hindware","CPVC Elbow with Insert 1"" - Hindware",Plumbing - CPVC,Elbow,"CPVC Elbow with Insert 1"" - Hindware",NOS,28.6,28.6,28.6,18,Bengaluru,Karnataka,admin_manual,TRUE
MAT-001773,MAT-001773,MAT-001773,"CPVC Elbow with Insert 1"" - Supreme","CPVC Elbow with Insert 1"" - Supreme",Plumbing - CPVC,Elbow,"CPVC Elbow with Insert 1"" - Supreme",NOS,28.6,28.6,28.6,18,Bengaluru,Karnataka,admin_manual,TRUE
MAT-001700,MAT-001700,MAT-001700,"CPVC Elbow with Insert 1"" Tru - Pipes","CPVC Elbow with Insert 1"" Tru - Pipes",Plumbing - CPVC,Elbow,"CPVC Elbow with Insert 1"" Tru - Pipes",NOS,28.6,28.6,28.6,18,Bengaluru,Karnataka,admin_manual,TRUE
MAT-001559,MAT-001559,MAT-001559,"CPVC Elbow with Insert 1/2"" - Finolex","CPVC Elbow with Insert 1/2"" - Finolex",Plumbing - CPVC,Elbow,"CPVC Elbow with Insert 1/2"" - Finolex",NOS,17.6,17.6,17.6,18,Bengaluru,Karnataka,admin_manual,TRUE
MAT-001625,MAT-001625,MAT-001625,"CPVC Elbow with Insert 1/2"" - Hindware","CPVC Elbow with Insert 1/2"" - Hindware",Plumbing - CPVC,Elbow,"CPVC Elbow with Insert 1/2"" - Hindware",NOS,17.6,17.6,17.6,18,Bengaluru,Karnataka,admin_manual,TRUE
MAT-001771,MAT-001771,MAT-001771,"CPVC Elbow with Insert 1/2"" - Supreme","CPVC Elbow with Insert 1/2"" - Supreme",Plumbing - CPVC,Elbow,"CPVC Elbow with Insert 1/2"" - Supreme",NOS,17.6,17.6,17.6,18,Bengaluru,Karnataka,admin_manual,TRUE
MAT-001698,MAT-001698,MAT-001698,"CPVC Elbow with Insert 1/2"" Tru - Pipes","CPVC Elbow with Insert 1/2"" Tru - Pipes",Plumbing - CPVC,Elbow,"CPVC Elbow with Insert 1/2"" Tru - Pipes",NOS,17.6,17.6,17.6,18,Bengaluru,Karnataka,admin_manual,TRUE
MAT-001525,MAT-001525,MAT-001525,"CPVC Elbow with Insert 3/4"" - Finolex","CPVC Elbow with Insert 3/4"" - Finolex",Plumbing - CPVC,Elbow,"CPVC Elbow with Insert 3/4"" - Finolex",NOS,23.1,23.1,23.1,18,Bengaluru,Karnataka,admin_manual,TRUE
MAT-001626,MAT-001626,MAT-001626,"CPVC Elbow with Insert 3/4"" - Hindware","CPVC Elbow with Insert 3/4"" - Hindware",Plumbing - CPVC,Elbow,"CPVC Elbow with Insert 3/4"" - Hindware",NOS,23.1,23.1,23.1,18,Bengaluru,Karnataka,admin_manual,TRUE
MAT-001772,MAT-001772,MAT-001772,"CPVC Elbow with Insert 3/4"" - Supreme","CPVC Elbow with Insert 3/4"" - Supreme",Plumbing - CPVC,Elbow,"CPVC Elbow with Insert 3/4"" - Supreme",NOS,23.1,23.1,23.1,18,Bengaluru,Karnataka,admin_manual,TRUE
MAT-001699,MAT-001699,MAT-001699,"CPVC Elbow with Insert 3/4"" Tru - Pipes","CPVC Elbow with Insert 3/4"" Tru - Pipes",Plumbing - CPVC,Elbow,"CPVC Elbow with Insert 3/4"" Tru - Pipes",NOS,23.1,23.1,23.1,18,Bengaluru,Karnataka,admin_manual,TRUE
MAT-001510,MAT-001510,MAT-001510,"CPVC End Cap 1"" - Finolex","CPVC End Cap 1"" - Finolex",Plumbing - CPVC,End Cap,"CPVC End Cap 1"" - Finolex",NOS,6.6,6.6,6.6,18,Bengaluru,Karnataka,admin_manual,TRUE
MAT-001579,MAT-001579,MAT-001579,"CPVC End Cap 1"" - Hindware","CPVC End Cap 1"" - Hindware",Plumbing - CPVC,End Cap,"CPVC End Cap 1"" - Hindware",NOS,6.6,6.6,6.6,18,Bengaluru,Karnataka,admin_manual,TRUE
MAT-001725,MAT-001725,MAT-001725,"CPVC End Cap 1"" - Supreme","CPVC End Cap 1"" - Supreme",Plumbing - CPVC,End Cap,"CPVC End Cap 1"" - Supreme",NOS,6.6,6.6,6.6,18,Bengaluru,Karnataka,admin_manual,TRUE
MAT-001652,MAT-001652,MAT-001652,"CPVC End Cap 1"" Tru - Pipes","CPVC End Cap 1"" Tru - Pipes",Plumbing - CPVC,Pipe,"CPVC End Cap 1"" Tru - Pipes",NOS,6.6,6.6,6.6,18,Bengaluru,Karnataka,admin_manual,TRUE
MAT-001551,MAT-001551,MAT-001551,"CPVC End Cap 1/2"" - Finolex","CPVC End Cap 1/2"" - Finolex",Plumbing - CPVC,End Cap,"CPVC End Cap 1/2"" - Finolex",NOS,4.4,4.4,4.4,18,Bengaluru,Karnataka,admin_manual,TRUE
MAT-001577,MAT-001577,MAT-001577,"CPVC End Cap 1/2"" - Hindware","CPVC End Cap 1/2"" - Hindware",Plumbing - CPVC,End Cap,"CPVC End Cap 1/2"" - Hindware",NOS,4.4,4.4,4.4,18,Bengaluru,Karnataka,admin_manual,TRUE
MAT-001723,MAT-001723,MAT-001723,"CPVC End Cap 1/2"" - Supreme","CPVC End Cap 1/2"" - Supreme",Plumbing - CPVC,End Cap,"CPVC End Cap 1/2"" - Supreme",NOS,4.4,4.4,4.4,18,Bengaluru,Karnataka,admin_manual,TRUE
MAT-001650,MAT-001650,MAT-001650,"CPVC End Cap 1/2"" Tru - Pipes","CPVC End Cap 1/2"" Tru - Pipes",Plumbing - CPVC,Pipe,"CPVC End Cap 1/2"" Tru - Pipes",NOS,4.4,4.4,4.4,18,Bengaluru,Karnataka,admin_manual,TRUE
MAT-001509,MAT-001509,MAT-001509,"CPVC End Cap 3/4"" - Finolex","CPVC End Cap 3/4"" - Finolex",Plumbing - CPVC,End Cap,"CPVC End Cap 3/4"" - Finolex",NOS,5.5,5.5,5.5,18,Bengaluru,Karnataka,admin_manual,TRUE
MAT-001578,MAT-001578,MAT-001578,"CPVC End Cap 3/4"" - Hindware","CPVC End Cap 3/4"" - Hindware",Plumbing - CPVC,End Cap,"CPVC End Cap 3/4"" - Hindware",NOS,5.5,5.5,5.5,18,Bengaluru,Karnataka,admin_manual,TRUE
MAT-001724,MAT-001724,MAT-001724,"CPVC End Cap 3/4"" - Supreme","CPVC End Cap 3/4"" - Supreme",Plumbing - CPVC,End Cap,"CPVC End Cap 3/4"" - Supreme",NOS,5.5,5.5,5.5,18,Bengaluru,Karnataka,admin_manual,TRUE
MAT-001651,MAT-001651,MAT-001651,"CPVC End Cap 3/4"" Tru - Pipes","CPVC End Cap 3/4"" Tru - Pipes",Plumbing - CPVC,Pipe,"CPVC End Cap 3/4"" Tru - Pipes",NOS,5.5,5.5,5.5,18,Bengaluru,Karnataka,admin_manual,TRUE
MAT-001528,MAT-001528,MAT-001528,"CPVC End Connector 1"" - Finolex","CPVC End Connector 1"" - Finolex",Plumbing - CPVC,Pipe & Fitting,"CPVC End Connector 1"" - Finolex",NOS,30.25,30.25,30.25,18,Bengaluru,Karnataka,admin_manual,TRUE
MAT-001633,MAT-001633,MAT-001633,"CPVC End Connector 1"" - Hindware","CPVC End Connector 1"" - Hindware",Plumbing - CPVC,Pipe & Fitting,"CPVC End Connector 1"" - Hindware",NOS,30.25,30.25,30.25,18,Bengaluru,Karnataka,admin_manual,TRUE
MAT-001779,MAT-001779,MAT-001779,"CPVC End Connector 1"" - Supreme","CPVC End Connector 1"" - Supreme",Plumbing - CPVC,Pipe & Fitting,"CPVC End Connector 1"" - Supreme",NOS,30.25,30.25,30.25,18,Bengaluru,Karnataka,admin_manual,TRUE
MAT-001706,MAT-001706,MAT-001706,"CPVC End Connector 1"" Tru - Pipes","CPVC End Connector 1"" Tru - Pipes",Plumbing - CPVC,Pipe,"CPVC End Connector 1"" Tru - Pipes",NOS,30.25,30.25,30.25,18,Bengaluru,Karnataka,admin_manual,TRUE
MAT-001560,MAT-001560,MAT-001560,"CPVC End Connector 1/2"" - Finolex","CPVC End Connector 1/2"" - Finolex",Plumbing - CPVC,Pipe & Fitting,"CPVC End Connector 1/2"" - Finolex",NOS,19.25,19.25,19.25,18,Bengaluru,Karnataka,admin_manual,TRUE
MAT-001631,MAT-001631,MAT-001631,"CPVC End Connector 1/2"" - Hindware","CPVC End Connector 1/2"" - Hindware",Plumbing - CPVC,Pipe & Fitting,"CPVC End Connector 1/2"" - Hindware",NOS,19.25,19.25,19.25,18,Bengaluru,Karnataka,admin_manual,TRUE
MAT-001777,MAT-001777,MAT-001777,"CPVC End Connector 1/2"" - Supreme","CPVC End Connector 1/2"" - Supreme",Plumbing - CPVC,Pipe & Fitting,"CPVC End Connector 1/2"" - Supreme",NOS,19.25,19.25,19.25,18,Bengaluru,Karnataka,admin_manual,TRUE
MAT-001704,MAT-001704,MAT-001704,"CPVC End Connector 1/2"" Tru - Pipes","CPVC End Connector 1/2"" Tru - Pipes",Plumbing - CPVC,Pipe,"CPVC End Connector 1/2"" Tru - Pipes",NOS,19.25,19.25,19.25,18,Bengaluru,Karnataka,admin_manual,TRUE
MAT-001527,MAT-001527,MAT-001527,"CPVC End Connector 3/4"" - Finolex","CPVC End Connector 3/4"" - Finolex",Plumbing - CPVC,Pipe & Fitting,"CPVC End Connector 3/4"" - Finolex",NOS,24.75,24.75,24.75,18,Bengaluru,Karnataka,admin_manual,TRUE
MAT-001632,MAT-001632,MAT-001632,"CPVC End Connector 3/4"" - Hindware","CPVC End Connector 3/4"" - Hindware",Plumbing - CPVC,Pipe & Fitting,"CPVC End Connector 3/4"" - Hindware",NOS,24.75,24.75,24.75,18,Bengaluru,Karnataka,admin_manual,TRUE
MAT-001778,MAT-001778,MAT-001778,"CPVC End Connector 3/4"" - Supreme","CPVC End Connector 3/4"" - Supreme",Plumbing - CPVC,Pipe & Fitting,"CPVC End Connector 3/4"" - Supreme",NOS,24.75,24.75,24.75,18,Bengaluru,Karnataka,admin_manual,TRUE
MAT-001705,MAT-001705,MAT-001705,"CPVC End Connector 3/4"" Tru - Pipes","CPVC End Connector 3/4"" Tru - Pipes",Plumbing - CPVC,Pipe,"CPVC End Connector 3/4"" Tru - Pipes",NOS,24.75,24.75,24.75,18,Bengaluru,Karnataka,admin_manual,TRUE
MAT-001520,MAT-001520,MAT-001520,"CPVC Female Adapter 1"" - Finolex","CPVC Female Adapter 1"" - Finolex",Plumbing - CPVC,Pipe & Fitting,"CPVC Female Adapter 1"" - Finolex",NOS,26.4,26.4,26.4,18,Bengaluru,Karnataka,admin_manual,TRUE
MAT-001609,MAT-001609,MAT-001609,"CPVC Female Adapter 1"" - Hindware","CPVC Female Adapter 1"" - Hindware",Plumbing - CPVC,Pipe & Fitting,"CPVC Female Adapter 1"" - Hindware",NOS,26.4,26.4,26.4,18,Bengaluru,Karnataka,admin_manual,TRUE
MAT-001755,MAT-001755,MAT-001755,"CPVC Female Adapter 1"" - Supreme","CPVC Female Adapter 1"" - Supreme",Plumbing - CPVC,Pipe & Fitting,"CPVC Female Adapter 1"" - Supreme",NOS,26.4,26.4,26.4,18,Bengaluru,Karnataka,admin_manual,TRUE
MAT-001682,MAT-001682,MAT-001682,"CPVC Female Adapter 1"" Tru - Pipes","CPVC Female Adapter 1"" Tru - Pipes",Plumbing - CPVC,Pipe,"CPVC Female Adapter 1"" Tru - Pipes",NOS,26.4,26.4,26.4,18,Bengaluru,Karnataka,admin_manual,TRUE
MAT-001556,MAT-001556,MAT-001556,"CPVC Female Adapter 1/2"" - Finolex","CPVC Female Adapter 1/2"" - Finolex",Plumbing - CPVC,Pipe & Fitting,"CPVC Female Adapter 1/2"" - Finolex",NOS,16.5,16.5,16.5,18,Bengaluru,Karnataka,admin_manual,TRUE
MAT-001607,MAT-001607,MAT-001607,"CPVC Female Adapter 1/2"" - Hindware","CPVC Female Adapter 1/2"" - Hindware",Plumbing - CPVC,Pipe & Fitting,"CPVC Female Adapter 1/2"" - Hindware",NOS,16.5,16.5,16.5,18,Bengaluru,Karnataka,admin_manual,TRUE
MAT-001753,MAT-001753,MAT-001753,"CPVC Female Adapter 1/2"" - Supreme","CPVC Female Adapter 1/2"" - Supreme",Plumbing - CPVC,Pipe & Fitting,"CPVC Female Adapter 1/2"" - Supreme",NOS,16.5,16.5,16.5,18,Bengaluru,Karnataka,admin_manual,TRUE
MAT-001680,MAT-001680,MAT-001680,"CPVC Female Adapter 1/2"" Tru - Pipes","CPVC Female Adapter 1/2"" Tru - Pipes",Plumbing - CPVC,Pipe,"CPVC Female Adapter 1/2"" Tru - Pipes",NOS,16.5,16.5,16.5,18,Bengaluru,Karnataka,admin_manual,TRUE
MAT-001519,MAT-001519,MAT-001519,"CPVC Female Adapter 3/4"" - Finolex","CPVC Female Adapter 3/4"" - Finolex",Plumbing - CPVC,Pipe & Fitting,"CPVC Female Adapter 3/4"" - Finolex",NOS,20.9,20.9,20.9,18,Bengaluru,Karnataka,admin_manual,TRUE
MAT-001608,MAT-001608,MAT-001608,"CPVC Female Adapter 3/4"" - Hindware","CPVC Female Adapter 3/4"" - Hindware",Plumbing - CPVC,Pipe & Fitting,"CPVC Female Adapter 3/4"" - Hindware",NOS,20.9,20.9,20.9,18,Bengaluru,Karnataka,admin_manual,TRUE
MAT-001754,MAT-001754,MAT-001754,"CPVC Female Adapter 3/4"" - Supreme","CPVC Female Adapter 3/4"" - Supreme",Plumbing - CPVC,Pipe & Fitting,"CPVC Female Adapter 3/4"" - Supreme",NOS,20.9,20.9,20.9,18,Bengaluru,Karnataka,admin_manual,TRUE
MAT-001681,MAT-001681,MAT-001681,"CPVC Female Adapter 3/4"" Tru - Pipes","CPVC Female Adapter 3/4"" Tru - Pipes",Plumbing - CPVC,Pipe,"CPVC Female Adapter 3/4"" Tru - Pipes",NOS,20.9,20.9,20.9,18,Bengaluru,Karnataka,admin_manual,TRUE
MAT-001477,MAT-001477,MAT-001477,"CPVC Female Adaptor 1"" - Astral","CPVC Female Adaptor 1"" - Astral",Plumbing - CPVC,Adaptor,"CPVC Female Adaptor 1"" - Astral",NOS,14.3,14.3,14.3,18,Bengaluru,Karnataka,admin_manual,TRUE
MAT-001475,MAT-001475,MAT-001475,"CPVC Female Adaptor 1/2"" - Astral","CPVC Female Adaptor 1/2"" - Astral",Plumbing - CPVC,Adaptor,"CPVC Female Adaptor 1/2"" - Astral",NOS,8.8,8.8,8.8,18,Bengaluru,Karnataka,admin_manual,TRUE
MAT-001476,MAT-001476,MAT-001476,"CPVC Female Adaptor 3/4"" - Astral","CPVC Female Adaptor 3/4"" - Astral",Plumbing - CPVC,Adaptor,"CPVC Female Adaptor 3/4"" - Astral",NOS,11,11,11,18,Bengaluru,Karnataka,admin_manual,TRUE
MAT-001497,MAT-001497,MAT-001497,"CPVC Flange 1"" - Finolex","CPVC Flange 1"" - Finolex",Plumbing - CPVC,Flange,"CPVC Flange 1"" - Finolex",NOS,38.5,38.5,38.5,18,Bengaluru,Karnataka,admin_manual,TRUE
MAT-001630,MAT-001630,MAT-001630,"CPVC Flange 1"" - Hindware","CPVC Flange 1"" - Hindware",Plumbing - CPVC,Flange,"CPVC Flange 1"" - Hindware",NOS,38.5,38.5,38.5,18,Bengaluru,Karnataka,admin_manual,TRUE
MAT-001776,MAT-001776,MAT-001776,"CPVC Flange 1"" - Supreme","CPVC Flange 1"" - Supreme",Plumbing - CPVC,Flange,"CPVC Flange 1"" - Supreme",NOS,38.5,38.5,38.5,18,Bengaluru,Karnataka,admin_manual,TRUE
MAT-001703,MAT-001703,MAT-001703,"CPVC Flange 1"" Tru - Pipes","CPVC Flange 1"" Tru - Pipes",Plumbing - CPVC,Pipe,"CPVC Flange 1"" Tru - Pipes",NOS,38.5,38.5,38.5,18,Bengaluru,Karnataka,admin_manual,TRUE
MAT-001537,MAT-001537,MAT-001537,"CPVC Flange 1/2"" - Finolex","CPVC Flange 1/2"" - Finolex",Plumbing - CPVC,Flange,"CPVC Flange 1/2"" - Finolex",NOS,27.5,27.5,27.5,18,Bengaluru,Karnataka,admin_manual,TRUE
MAT-001628,MAT-001628,MAT-001628,"CPVC Flange 1/2"" - Hindware","CPVC Flange 1/2"" - Hindware",Plumbing - CPVC,Flange,"CPVC Flange 1/2"" - Hindware",NOS,27.5,27.5,27.5,18,Bengaluru,Karnataka,admin_manual,TRUE
MAT-001774,MAT-001774,MAT-001774,"CPVC Flange 1/2"" - Supreme","CPVC Flange 1/2"" - Supreme",Plumbing - CPVC,Flange,"CPVC Flange 1/2"" - Supreme",NOS,27.5,27.5,27.5,18,Bengaluru,Karnataka,admin_manual,TRUE
MAT-001701,MAT-001701,MAT-001701,"CPVC Flange 1/2"" Tru - Pipes","CPVC Flange 1/2"" Tru - Pipes",Plumbing - CPVC,Pipe,"CPVC Flange 1/2"" Tru - Pipes",NOS,27.5,27.5,27.5,18,Bengaluru,Karnataka,admin_manual,TRUE
MAT-001546,MAT-001546,MAT-001546,"CPVC Flange 3/4"" - Finolex","CPVC Flange 3/4"" - Finolex",Plumbing - CPVC,Flange,"CPVC Flange 3/4"" - Finolex",NOS,33,33,33,18,Bengaluru,Karnataka,admin_manual,TRUE
MAT-001629,MAT-001629,MAT-001629,"CPVC Flange 3/4"" - Hindware","CPVC Flange 3/4"" - Hindware",Plumbing - CPVC,Flange,"CPVC Flange 3/4"" - Hindware",NOS,33,33,33,18,Bengaluru,Karnataka,admin_manual,TRUE
MAT-001775,MAT-001775,MAT-001775,"CPVC Flange 3/4"" - Supreme","CPVC Flange 3/4"" - Supreme",Plumbing - CPVC,Flange,"CPVC Flange 3/4"" - Supreme",NOS,33,33,33,18,Bengaluru,Karnataka,admin_manual,TRUE
MAT-001702,MAT-001702,MAT-001702,"CPVC Flange 3/4"" Tru - Pipes","CPVC Flange 3/4"" Tru - Pipes",Plumbing - CPVC,Pipe,"CPVC Flange 3/4"" Tru - Pipes",NOS,33,33,33,18,Bengaluru,Karnataka,admin_manual,TRUE
MAT-001493,MAT-001493,MAT-001493,"CPVC Male Adapter 1"" - Finolex","CPVC Male Adapter 1"" - Finolex",Plumbing - CPVC,Pipe & Fitting,"CPVC Male Adapter 1"" - Finolex",NOS,24.75,24.75,24.75,18,Bengaluru,Karnataka,admin_manual,TRUE
MAT-001606,MAT-001606,MAT-001606,"CPVC Male Adapter 1"" - Hindware","CPVC Male Adapter 1"" - Hindware",Plumbing - CPVC,Pipe & Fitting,"CPVC Male Adapter 1"" - Hindware",NOS,24.75,24.75,24.75,18,Bengaluru,Karnataka,admin_manual,TRUE
MAT-001752,MAT-001752,MAT-001752,"CPVC Male Adapter 1"" - Supreme","CPVC Male Adapter 1"" - Supreme",Plumbing - CPVC,Pipe & Fitting,"CPVC Male Adapter 1"" - Supreme",NOS,24.75,24.75,24.75,18,Bengaluru,Karnataka,admin_manual,TRUE
MAT-001679,MAT-001679,MAT-001679,"CPVC Male Adapter 1"" Tru - Pipes","CPVC Male Adapter 1"" Tru - Pipes",Plumbing - CPVC,Pipe,"CPVC Male Adapter 1"" Tru - Pipes",NOS,24.75,24.75,24.75,18,Bengaluru,Karnataka,admin_manual,TRUE
MAT-001533,MAT-001533,MAT-001533,"CPVC Male Adapter 1/2"" - Finolex","CPVC Male Adapter 1/2"" - Finolex",Plumbing - CPVC,Pipe & Fitting,"CPVC Male Adapter 1/2"" - Finolex",NOS,15.4,15.4,15.4,18,Bengaluru,Karnataka,admin_manual,TRUE
MAT-001604,MAT-001604,MAT-001604,"CPVC Male Adapter 1/2"" - Hindware","CPVC Male Adapter 1/2"" - Hindware",Plumbing - CPVC,Pipe & Fitting,"CPVC Male Adapter 1/2"" - Hindware",NOS,15.4,15.4,15.4,18,Bengaluru,Karnataka,admin_manual,TRUE
MAT-001750,MAT-001750,MAT-001750,"CPVC Male Adapter 1/2"" - Supreme","CPVC Male Adapter 1/2"" - Supreme",Plumbing - CPVC,Pipe & Fitting,"CPVC Male Adapter 1/2"" - Supreme",NOS,15.4,15.4,15.4,18,Bengaluru,Karnataka,admin_manual,TRUE
MAT-001677,MAT-001677,MAT-001677,"CPVC Male Adapter 1/2"" Tru - Pipes","CPVC Male Adapter 1/2"" Tru - Pipes",Plumbing - CPVC,Pipe,"CPVC Male Adapter 1/2"" Tru - Pipes",NOS,15.4,15.4,15.4,18,Bengaluru,Karnataka,admin_manual,TRUE
MAT-001542,MAT-001542,MAT-001542,"CPVC Male Adapter 3/4"" - Finolex","CPVC Male Adapter 3/4"" - Finolex",Plumbing - CPVC,Pipe & Fitting,"CPVC Male Adapter 3/4"" - Finolex",NOS,19.25,19.25,19.25,18,Bengaluru,Karnataka,admin_manual,TRUE
MAT-001605,MAT-001605,MAT-001605,"CPVC Male Adapter 3/4"" - Hindware","CPVC Male Adapter 3/4"" - Hindware",Plumbing - CPVC,Pipe & Fitting,"CPVC Male Adapter 3/4"" - Hindware",NOS,19.25,19.25,19.25,18,Bengaluru,Karnataka,admin_manual,TRUE
MAT-001751,MAT-001751,MAT-001751,"CPVC Male Adapter 3/4"" - Supreme","CPVC Male Adapter 3/4"" - Supreme",Plumbing - CPVC,Pipe & Fitting,"CPVC Male Adapter 3/4"" - Supreme",NOS,19.25,19.25,19.25,18,Bengaluru,Karnataka,admin_manual,TRUE
MAT-001678,MAT-001678,MAT-001678,"CPVC Male Adapter 3/4"" Tru - Pipes","CPVC Male Adapter 3/4"" Tru - Pipes",Plumbing - CPVC,Pipe,"CPVC Male Adapter 3/4"" Tru - Pipes",NOS,19.25,19.25,19.25,18,Bengaluru,Karnataka,admin_manual,TRUE
MAT-001474,MAT-001474,MAT-001474,"CPVC Male Adaptor 1"" - Astral","CPVC Male Adaptor 1"" - Astral",Plumbing - CPVC,Adaptor,"CPVC Male Adaptor 1"" - Astral",NOS,13.2,13.2,13.2,18,Bengaluru,Karnataka,admin_manual,TRUE
MAT-001472,MAT-001472,MAT-001472,"CPVC Male Adaptor 1/2"" - Astral","CPVC Male Adaptor 1/2"" - Astral",Plumbing - CPVC,Adaptor,"CPVC Male Adaptor 1/2"" - Astral",NOS,7.7,7.7,7.7,18,Bengaluru,Karnataka,admin_manual,TRUE
MAT-001473,MAT-001473,MAT-001473,"CPVC Male Adaptor 3/4"" - Astral","CPVC Male Adaptor 3/4"" - Astral",Plumbing - CPVC,Adaptor,"CPVC Male Adaptor 3/4"" - Astral",NOS,9.9,9.9,9.9,18,Bengaluru,Karnataka,admin_manual,TRUE
MAT-001489,MAT-001489,MAT-001489,"CPVC Pipe 1"" - Finolex","CPVC Pipe 1"" - Finolex",Plumbing - CPVC,Pipe,"CPVC Pipe 1"" - Finolex",M,60.5,60.5,60.5,18,Bengaluru,Karnataka,admin_manual,TRUE
MAT-001582,MAT-001582,MAT-001582,"CPVC Pipe 1"" - Hindware","CPVC Pipe 1"" - Hindware",Plumbing - CPVC,Pipe,"CPVC Pipe 1"" - Hindware",M,60.5,60.5,60.5,18,Bengaluru,Karnataka,admin_manual,TRUE
MAT-001728,MAT-001728,MAT-001728,"CPVC Pipe 1"" - Supreme","CPVC Pipe 1"" - Supreme",Plumbing - CPVC,Pipe,"CPVC Pipe 1"" - Supreme",M,60.5,60.5,60.5,18,Bengaluru,Karnataka,admin_manual,TRUE
MAT-001655,MAT-001655,MAT-001655,"CPVC Pipe 1"" Tru - Pipes","CPVC Pipe 1"" Tru - Pipes",Plumbing - CPVC,Pipe,"CPVC Pipe 1"" Tru - Pipes",M,60.5,60.5,60.5,18,Bengaluru,Karnataka,admin_manual,TRUE
MAT-001511,MAT-001511,MAT-001511,"CPVC Pipe 1-1/2"" - Finolex","CPVC Pipe 1-1/2"" - Finolex",Plumbing - CPVC,Pipe,"CPVC Pipe 1-1/2"" - Finolex",M,96.25,96.25,96.25,18,Bengaluru,Karnataka,admin_manual,TRUE
MAT-001584,MAT-001584,MAT-001584,"CPVC Pipe 1-1/2"" - Hindware","CPVC Pipe 1-1/2"" - Hindware",Plumbing - CPVC,Pipe,"CPVC Pipe 1-1/2"" - Hindware",M,96.25,96.25,96.25,18,Bengaluru,Karnataka,admin_manual,TRUE
MAT-001730,MAT-001730,MAT-001730,"CPVC Pipe 1-1/2"" - Supreme","CPVC Pipe 1-1/2"" - Supreme",Plumbing - CPVC,Pipe,"CPVC Pipe 1-1/2"" - Supreme",M,96.25,96.25,96.25,18,Bengaluru,Karnataka,admin_manual,TRUE
MAT-001657,MAT-001657,MAT-001657,"CPVC Pipe 1-1/2"" Tru - Pipes","CPVC Pipe 1-1/2"" Tru - Pipes",Plumbing - CPVC,Pipe,"CPVC Pipe 1-1/2"" Tru - Pipes",M,96.25,96.25,96.25,18,Bengaluru,Karnataka,admin_manual,TRUE
MAT-001552,MAT-001552,MAT-001552,"CPVC Pipe 1-1/4"" - Finolex","CPVC Pipe 1-1/4"" - Finolex",Plumbing - CPVC,Pipe,"CPVC Pipe 1-1/4"" - Finolex",M,79.75,79.75,79.75,18,Bengaluru,Karnataka,admin_manual,TRUE
MAT-001583,MAT-001583,MAT-001583,"CPVC Pipe 1-1/4"" - Hindware","CPVC Pipe 1-1/4"" - Hindware",Plumbing - CPVC,Pipe,"CPVC Pipe 1-1/4"" - Hindware",M,79.75,79.75,79.75,18,Bengaluru,Karnataka,admin_manual,TRUE
MAT-001729,MAT-001729,MAT-001729,"CPVC Pipe 1-1/4"" - Supreme","CPVC Pipe 1-1/4"" - Supreme",Plumbing - CPVC,Pipe,"CPVC Pipe 1-1/4"" - Supreme",M,79.75,79.75,79.75,18,Bengaluru,Karnataka,admin_manual,TRUE
MAT-001656,MAT-001656,MAT-001656,"CPVC Pipe 1-1/4"" Tru - Pipes","CPVC Pipe 1-1/4"" Tru - Pipes",Plumbing - CPVC,Pipe,"CPVC Pipe 1-1/4"" Tru - Pipes",M,79.75,79.75,79.75,18,Bengaluru,Karnataka,admin_manual,TRUE
MAT-001529,MAT-001529,MAT-001529,"CPVC Pipe 1/2"" - Finolex","CPVC Pipe 1/2"" - Finolex",Plumbing - CPVC,Pipe,"CPVC Pipe 1/2"" - Finolex",M,35.75,35.75,35.75,18,Bengaluru,Karnataka,admin_manual,TRUE
MAT-001580,MAT-001580,MAT-001580,"CPVC Pipe 1/2"" - Hindware","CPVC Pipe 1/2"" - Hindware",Plumbing - CPVC,Pipe,"CPVC Pipe 1/2"" - Hindware",M,35.75,35.75,35.75,18,Bengaluru,Karnataka,admin_manual,TRUE
MAT-001726,MAT-001726,MAT-001726,"CPVC Pipe 1/2"" - Supreme","CPVC Pipe 1/2"" - Supreme",Plumbing - CPVC,Pipe,"CPVC Pipe 1/2"" - Supreme",M,35.75,35.75,35.75,18,Bengaluru,Karnataka,admin_manual,TRUE
MAT-001653,MAT-001653,MAT-001653,"CPVC Pipe 1/2"" Tru - Pipes","CPVC Pipe 1/2"" Tru - Pipes",Plumbing - CPVC,Pipe,"CPVC Pipe 1/2"" Tru - Pipes",M,35.75,35.75,35.75,18,Bengaluru,Karnataka,admin_manual,TRUE
MAT-001512,MAT-001512,MAT-001512,"CPVC Pipe 2"" - Finolex","CPVC Pipe 2"" - Finolex",Plumbing - CPVC,Pipe,"CPVC Pipe 2"" - Finolex",M,121,121,121,18,Bengaluru,Karnataka,admin_manual,TRUE
MAT-001585,MAT-001585,MAT-001585,"CPVC Pipe 2"" - Hindware","CPVC Pipe 2"" - Hindware",Plumbing - CPVC,Pipe,"CPVC Pipe 2"" - Hindware",M,121,121,121,18,Bengaluru,Karnataka,admin_manual,TRUE
MAT-001731,MAT-001731,MAT-001731,"CPVC Pipe 2"" - Supreme","CPVC Pipe 2"" - Supreme",Plumbing - CPVC,Pipe,"CPVC Pipe 2"" - Supreme",M,121,121,121,18,Bengaluru,Karnataka,admin_manual,TRUE
MAT-001658,MAT-001658,MAT-001658,"CPVC Pipe 2"" Tru - Pipes","CPVC Pipe 2"" Tru - Pipes",Plumbing - CPVC,Pipe,"CPVC Pipe 2"" Tru - Pipes",M,121,121,121,18,Bengaluru,Karnataka,admin_manual,TRUE
MAT-001562,MAT-001562,MAT-001562,"CPVC Pipe 3/4"" - Finolex","CPVC Pipe 3/4"" - Finolex",Plumbing - CPVC,Pipe,"CPVC Pipe 3/4"" - Finolex",M,46.75,46.75,46.75,18,Bengaluru,Karnataka,admin_manual,TRUE
MAT-001581,MAT-001581,MAT-001581,"CPVC Pipe 3/4"" - Hindware","CPVC Pipe 3/4"" - Hindware",Plumbing - CPVC,Pipe,"CPVC Pipe 3/4"" - Hindware",M,46.75,46.75,46.75,18,Bengaluru,Karnataka,admin_manual,TRUE
MAT-001727,MAT-001727,MAT-001727,"CPVC Pipe 3/4"" - Supreme","CPVC Pipe 3/4"" - Supreme",Plumbing - CPVC,Pipe,"CPVC Pipe 3/4"" - Supreme",M,46.75,46.75,46.75,18,Bengaluru,Karnataka,admin_manual,TRUE
MAT-001654,MAT-001654,MAT-001654,"CPVC Pipe 3/4"" Tru - Pipes","CPVC Pipe 3/4"" Tru - Pipes",Plumbing - CPVC,Pipe,"CPVC Pipe 3/4"" Tru - Pipes",M,46.75,46.75,46.75,18,Bengaluru,Karnataka,admin_manual,TRUE
MAT-001524,MAT-001524,MAT-001524,"CPVC Plug 1"" - Finolex","CPVC Plug 1"" - Finolex",Plumbing - CPVC,Pipe & Fitting,"CPVC Plug 1"" - Finolex",NOS,7.7,7.7,7.7,18,Bengaluru,Karnataka,admin_manual,TRUE
MAT-001621,MAT-001621,MAT-001621,"CPVC Plug 1"" - Hindware","CPVC Plug 1"" - Hindware",Plumbing - CPVC,Pipe & Fitting,"CPVC Plug 1"" - Hindware",NOS,7.7,7.7,7.7,18,Bengaluru,Karnataka,admin_manual,TRUE
MAT-001767,MAT-001767,MAT-001767,"CPVC Plug 1"" - Supreme","CPVC Plug 1"" - Supreme",Plumbing - CPVC,Pipe & Fitting,"CPVC Plug 1"" - Supreme",NOS,7.7,7.7,7.7,18,Bengaluru,Karnataka,admin_manual,TRUE
MAT-001694,MAT-001694,MAT-001694,"CPVC Plug 1"" Tru - Pipes","CPVC Plug 1"" Tru - Pipes",Plumbing - CPVC,Pipe,"CPVC Plug 1"" Tru - Pipes",NOS,7.7,7.7,7.7,18,Bengaluru,Karnataka,admin_manual,TRUE
MAT-001558,MAT-001558,MAT-001558,"CPVC Plug 1/2"" - Finolex","CPVC Plug 1/2"" - Finolex",Plumbing - CPVC,Pipe & Fitting,"CPVC Plug 1/2"" - Finolex",NOS,5.5,5.5,5.5,18,Bengaluru,Karnataka,admin_manual,TRUE
MAT-001619,MAT-001619,MAT-001619,"CPVC Plug 1/2"" - Hindware","CPVC Plug 1/2"" - Hindware",Plumbing - CPVC,Pipe & Fitting,"CPVC Plug 1/2"" - Hindware",NOS,5.5,5.5,5.5,18,Bengaluru,Karnataka,admin_manual,TRUE
MAT-001765,MAT-001765,MAT-001765,"CPVC Plug 1/2"" - Supreme","CPVC Plug 1/2"" - Supreme",Plumbing - CPVC,Pipe & Fitting,"CPVC Plug 1/2"" - Supreme",NOS,5.5,5.5,5.5,18,Bengaluru,Karnataka,admin_manual,TRUE
MAT-001692,MAT-001692,MAT-001692,"CPVC Plug 1/2"" Tru - Pipes","CPVC Plug 1/2"" Tru - Pipes",Plumbing - CPVC,Pipe,"CPVC Plug 1/2"" Tru - Pipes",NOS,5.5,5.5,5.5,18,Bengaluru,Karnataka,admin_manual,TRUE
MAT-001523,MAT-001523,MAT-001523,"CPVC Plug 3/4"" - Finolex","CPVC Plug 3/4"" - Finolex",Plumbing - CPVC,Pipe & Fitting,"CPVC Plug 3/4"" - Finolex",NOS,6.6,6.6,6.6,18,Bengaluru,Karnataka,admin_manual,TRUE
MAT-001620,MAT-001620,MAT-001620,"CPVC Plug 3/4"" - Hindware","CPVC Plug 3/4"" - Hindware",Plumbing - CPVC,Pipe & Fitting,"CPVC Plug 3/4"" - Hindware",NOS,6.6,6.6,6.6,18,Bengaluru,Karnataka,admin_manual,TRUE
MAT-001766,MAT-001766,MAT-001766,"CPVC Plug 3/4"" - Supreme","CPVC Plug 3/4"" - Supreme",Plumbing - CPVC,Pipe & Fitting,"CPVC Plug 3/4"" - Supreme",NOS,6.6,6.6,6.6,18,Bengaluru,Karnataka,admin_manual,TRUE
MAT-001693,MAT-001693,MAT-001693,"CPVC Plug 3/4"" Tru - Pipes","CPVC Plug 3/4"" Tru - Pipes",Plumbing - CPVC,Pipe,"CPVC Plug 3/4"" Tru - Pipes",NOS,6.6,6.6,6.6,18,Bengaluru,Karnataka,admin_manual,TRUE
MAT-001549,MAT-001549,MAT-001549,"CPVC Reducer 1 x 1/2"" - Finolex","CPVC Reducer 1 x 1/2"" - Finolex",Plumbing - CPVC,Reducer,"CPVC Reducer 1 x 1/2"" - Finolex",NOS,6.6,6.6,6.6,18,Bengaluru,Karnataka,admin_manual,TRUE
MAT-001575,MAT-001575,MAT-001575,"CPVC Reducer 1 x 1/2"" - Hindware","CPVC Reducer 1 x 1/2"" - Hindware",Plumbing - CPVC,Reducer,"CPVC Reducer 1 x 1/2"" - Hindware",NOS,6.6,6.6,6.6,18,Bengaluru,Karnataka,admin_manual,TRUE
MAT-001721,MAT-001721,MAT-001721,"CPVC Reducer 1 x 1/2"" - Supreme","CPVC Reducer 1 x 1/2"" - Supreme",Plumbing - CPVC,Reducer,"CPVC Reducer 1 x 1/2"" - Supreme",NOS,6.6,6.6,6.6,18,Bengaluru,Karnataka,admin_manual,TRUE
MAT-001648,MAT-001648,MAT-001648,"CPVC Reducer 1 x 1/2"" Tru - Pipes","CPVC Reducer 1 x 1/2"" Tru - Pipes",Plumbing - CPVC,Pipe,"CPVC Reducer 1 x 1/2"" Tru - Pipes",NOS,6.6,6.6,6.6,18,Bengaluru,Karnataka,admin_manual,TRUE
MAT-001634,MAT-001634,MAT-001634,"CPVC Reducer 1 x 3/4"" - Finolex","CPVC Reducer 1 x 3/4"" - Finolex",Plumbing - CPVC,Reducer,"CPVC Reducer 1 x 3/4"" - Finolex",NOS,6.6,6.6,6.6,18,Bengaluru,Karnataka,admin_manual,TRUE
MAT-001576,MAT-001576,MAT-001576,"CPVC Reducer 1 x 3/4"" - Hindware","CPVC Reducer 1 x 3/4"" - Hindware",Plumbing - CPVC,Reducer,"CPVC Reducer 1 x 3/4"" - Hindware",NOS,6.6,6.6,6.6,18,Bengaluru,Karnataka,admin_manual,TRUE
MAT-001722,MAT-001722,MAT-001722,"CPVC Reducer 1 x 3/4"" - Supreme","CPVC Reducer 1 x 3/4"" - Supreme",Plumbing - CPVC,Reducer,"CPVC Reducer 1 x 3/4"" - Supreme",NOS,6.6,6.6,6.6,18,Bengaluru,Karnataka,admin_manual,TRUE
MAT-001649,MAT-001649,MAT-001649,"CPVC Reducer 1 x 3/4"" Tru - Pipes","CPVC Reducer 1 x 3/4"" Tru - Pipes",Plumbing - CPVC,Pipe,"CPVC Reducer 1 x 3/4"" Tru - Pipes",NOS,6.6,6.6,6.6,18,Bengaluru,Karnataka,admin_manual,TRUE
MAT-001561,MAT-001561,MAT-001561,"CPVC Reducer 3/4 x 1/2"" - Finolex","CPVC Reducer 3/4 x 1/2"" - Finolex",Plumbing - CPVC,Reducer,"CPVC Reducer 3/4 x 1/2"" - Finolex",NOS,5.5,5.5,5.5,18,Bengaluru,Karnataka,admin_manual,TRUE
MAT-001574,MAT-001574,MAT-001574,"CPVC Reducer 3/4 x 1/2"" - Hindware","CPVC Reducer 3/4 x 1/2"" - Hindware",Plumbing - CPVC,Reducer,"CPVC Reducer 3/4 x 1/2"" - Hindware",NOS,5.5,5.5,5.5,18,Bengaluru,Karnataka,admin_manual,TRUE
MAT-001720,MAT-001720,MAT-001720,"CPVC Reducer 3/4 x 1/2"" - Supreme","CPVC Reducer 3/4 x 1/2"" - Supreme",Plumbing - CPVC,Reducer,"CPVC Reducer 3/4 x 1/2"" - Supreme",NOS,5.5,5.5,5.5,18,Bengaluru,Karnataka,admin_manual,TRUE
MAT-001647,MAT-001647,MAT-001647,"CPVC Reducer 3/4 x 1/2"" Tru - Pipes","CPVC Reducer 3/4 x 1/2"" Tru - Pipes",Plumbing - CPVC,Pipe,"CPVC Reducer 3/4 x 1/2"" Tru - Pipes",NOS,5.5,5.5,5.5,18,Bengaluru,Karnataka,admin_manual,TRUE
MAT-001484,MAT-001484,MAT-001484,"CPVC Reducer Elbow 1 x 3/4"" - Astral","CPVC Reducer Elbow 1 x 3/4"" - Astral",Plumbing - CPVC,Elbow,"CPVC Reducer Elbow 1 x 3/4"" - Astral",NOS,12.1,12.1,12.1,18,Bengaluru,Karnataka,admin_manual,TRUE
MAT-001485,MAT-001485,MAT-001485,"CPVC Reducer Elbow 3/4 x 1/2"" - Astral","CPVC Reducer Elbow 3/4 x 1/2"" - Astral",Plumbing - CPVC,Elbow,"CPVC Reducer Elbow 3/4 x 1/2"" - Astral",NOS,9.9,9.9,9.9,18,Bengaluru,Karnataka,admin_manual,TRUE
MAT-001545,MAT-001545,MAT-001545,"CPVC Reducer Tee 1 x 1/2"" - Finolex","CPVC Reducer Tee 1 x 1/2"" - Finolex",Plumbing - CPVC,Reducer Tee,"CPVC Reducer Tee 1 x 1/2"" - Finolex",NOS,11,11,11,18,Bengaluru,Karnataka,admin_manual,TRUE
MAT-001623,MAT-001623,MAT-001623,"CPVC Reducer Tee 1 x 1/2"" - Hindware","CPVC Reducer Tee 1 x 1/2"" - Hindware",Plumbing - CPVC,Reducer Tee,"CPVC Reducer Tee 1 x 1/2"" - Hindware",NOS,11,11,11,18,Bengaluru,Karnataka,admin_manual,TRUE
MAT-001769,MAT-001769,MAT-001769,"CPVC Reducer Tee 1 x 1/2"" - Supreme","CPVC Reducer Tee 1 x 1/2"" - Supreme",Plumbing - CPVC,Reducer Tee,"CPVC Reducer Tee 1 x 1/2"" - Supreme",NOS,11,11,11,18,Bengaluru,Karnataka,admin_manual,TRUE
MAT-001696,MAT-001696,MAT-001696,"CPVC Reducer Tee 1 x 1/2"" Tru - Pipes","CPVC Reducer Tee 1 x 1/2"" Tru - Pipes",Plumbing - CPVC,Reducer Tee,"CPVC Reducer Tee 1 x 1/2"" Tru - Pipes",NOS,11,11,11,18,Bengaluru,Karnataka,admin_manual,TRUE
MAT-001481,MAT-001481,MAT-001481,"CPVC Reducer Tee 1 x 3/4"" - Astral","CPVC Reducer Tee 1 x 3/4"" - Astral",Plumbing - CPVC,Reducer Tee,"CPVC Reducer Tee 1 x 3/4"" - Astral",NOS,14.3,14.3,14.3,18,Bengaluru,Karnataka,admin_manual,TRUE
MAT-001496,MAT-001496,MAT-001496,"CPVC Reducer Tee 1 x 3/4"" - Finolex","CPVC Reducer Tee 1 x 3/4"" - Finolex",Plumbing - CPVC,Reducer Tee,"CPVC Reducer Tee 1 x 3/4"" - Finolex",NOS,12.1,12.1,12.1,18,Bengaluru,Karnataka,admin_manual,TRUE
MAT-001624,MAT-001624,MAT-001624,"CPVC Reducer Tee 1 x 3/4"" - Hindware","CPVC Reducer Tee 1 x 3/4"" - Hindware",Plumbing - CPVC,Reducer Tee,"CPVC Reducer Tee 1 x 3/4"" - Hindware",NOS,12.1,12.1,12.1,18,Bengaluru,Karnataka,admin_manual,TRUE
MAT-001770,MAT-001770,MAT-001770,"CPVC Reducer Tee 1 x 3/4"" - Supreme","CPVC Reducer Tee 1 x 3/4"" - Supreme",Plumbing - CPVC,Reducer Tee,"CPVC Reducer Tee 1 x 3/4"" - Supreme",NOS,12.1,12.1,12.1,18,Bengaluru,Karnataka,admin_manual,TRUE
MAT-001697,MAT-001697,MAT-001697,"CPVC Reducer Tee 1 x 3/4"" Tru - Pipes","CPVC Reducer Tee 1 x 3/4"" Tru - Pipes",Plumbing - CPVC,Reducer Tee,"CPVC Reducer Tee 1 x 3/4"" Tru - Pipes",NOS,12.1,12.1,12.1,18,Bengaluru,Karnataka,admin_manual,TRUE
MAT-001452,MAT-001452,MAT-001452,"CPVC Reducer Tee 3/4 x 1/2"" - Astral","CPVC Reducer Tee 3/4 x 1/2"" - Astral",Plumbing - CPVC,Reducer Tee,"CPVC Reducer Tee 3/4 x 1/2"" - Astral",NOS,11,11,11,18,Bengaluru,Karnataka,admin_manual,TRUE
MAT-001536,MAT-001536,MAT-001536,"CPVC Reducer Tee 3/4 x 1/2"" - Finolex","CPVC Reducer Tee 3/4 x 1/2"" - Finolex",Plumbing - CPVC,Reducer Tee,"CPVC Reducer Tee 3/4 x 1/2"" - Finolex",NOS,9.9,9.9,9.9,18,Bengaluru,Karnataka,admin_manual,TRUE
MAT-001622,MAT-001622,MAT-001622,"CPVC Reducer Tee 3/4 x 1/2"" - Hindware","CPVC Reducer Tee 3/4 x 1/2"" - Hindware",Plumbing - CPVC,Reducer Tee,"CPVC Reducer Tee 3/4 x 1/2"" - Hindware",NOS,9.9,9.9,9.9,18,Bengaluru,Karnataka,admin_manual,TRUE
MAT-001768,MAT-001768,MAT-001768,"CPVC Reducer Tee 3/4 x 1/2"" - Supreme","CPVC Reducer Tee 3/4 x 1/2"" - Supreme",Plumbing - CPVC,Reducer Tee,"CPVC Reducer Tee 3/4 x 1/2"" - Supreme",NOS,9.9,9.9,9.9,18,Bengaluru,Karnataka,admin_manual,TRUE
MAT-001695,MAT-001695,MAT-001695,"CPVC Reducer Tee 3/4 x 1/2"" Tru - Pipes","CPVC Reducer Tee 3/4 x 1/2"" Tru - Pipes",Plumbing - CPVC,Reducer Tee,"CPVC Reducer Tee 3/4 x 1/2"" Tru - Pipes",NOS,9.9,9.9,9.9,18,Bengaluru,Karnataka,admin_manual,TRUE
MAT-001492,MAT-001492,MAT-001492,"CPVC Tank Connector 1"" - Finolex","CPVC Tank Connector 1"" - Finolex",Plumbing - CPVC,Tank Connector,"CPVC Tank Connector 1"" - Finolex",NOS,35.75,35.75,35.75,18,Bengaluru,Karnataka,admin_manual,TRUE
MAT-001600,MAT-001600,MAT-001600,"CPVC Tank Connector 1"" - Hindware","CPVC Tank Connector 1"" - Hindware",Plumbing - CPVC,Tank Connector,"CPVC Tank Connector 1"" - Hindware",NOS,35.75,35.75,35.75,18,Bengaluru,Karnataka,admin_manual,TRUE
MAT-001746,MAT-001746,MAT-001746,"CPVC Tank Connector 1"" - Supreme","CPVC Tank Connector 1"" - Supreme",Plumbing - CPVC,Tank Connector,"CPVC Tank Connector 1"" - Supreme",NOS,35.75,35.75,35.75,18,Bengaluru,Karnataka,admin_manual,TRUE
MAT-001673,MAT-001673,MAT-001673,"CPVC Tank Connector 1"" Tru - Pipes","CPVC Tank Connector 1"" Tru - Pipes",Plumbing - CPVC,Pipe,"CPVC Tank Connector 1"" Tru - Pipes",NOS,35.75,35.75,35.75,18,Bengaluru,Karnataka,admin_manual,TRUE
MAT-001532,MAT-001532,MAT-001532,"CPVC Tank Connector 1/2"" - Finolex","CPVC Tank Connector 1/2"" - Finolex",Plumbing - CPVC,Tank Connector,"CPVC Tank Connector 1/2"" - Finolex",NOS,24.75,24.75,24.75,18,Bengaluru,Karnataka,admin_manual,TRUE
MAT-001598,MAT-001598,MAT-001598,"CPVC Tank Connector 1/2"" - Hindware","CPVC Tank Connector 1/2"" - Hindware",Plumbing - CPVC,Tank Connector,"CPVC Tank Connector 1/2"" - Hindware",NOS,24.75,24.75,24.75,18,Bengaluru,Karnataka,admin_manual,TRUE
MAT-001744,MAT-001744,MAT-001744,"CPVC Tank Connector 1/2"" - Supreme","CPVC Tank Connector 1/2"" - Supreme",Plumbing - CPVC,Tank Connector,"CPVC Tank Connector 1/2"" - Supreme",NOS,24.75,24.75,24.75,18,Bengaluru,Karnataka,admin_manual,TRUE
MAT-001671,MAT-001671,MAT-001671,"CPVC Tank Connector 1/2"" Tru - Pipes","CPVC Tank Connector 1/2"" Tru - Pipes",Plumbing - CPVC,Pipe,"CPVC Tank Connector 1/2"" Tru - Pipes",NOS,24.75,24.75,24.75,18,Bengaluru,Karnataka,admin_manual,TRUE
MAT-001541,MAT-001541,MAT-001541,"CPVC Tank Connector 3/4"" - Finolex","CPVC Tank Connector 3/4"" - Finolex",Plumbing - CPVC,Tank Connector,"CPVC Tank Connector 3/4"" - Finolex",NOS,30.25,30.25,30.25,18,Bengaluru,Karnataka,admin_manual,TRUE
MAT-001599,MAT-001599,MAT-001599,"CPVC Tank Connector 3/4"" - Hindware","CPVC Tank Connector 3/4"" - Hindware",Plumbing - CPVC,Tank Connector,"CPVC Tank Connector 3/4"" - Hindware",NOS,30.25,30.25,30.25,18,Bengaluru,Karnataka,admin_manual,TRUE
MAT-001745,MAT-001745,MAT-001745,"CPVC Tank Connector 3/4"" - Supreme","CPVC Tank Connector 3/4"" - Supreme",Plumbing - CPVC,Tank Connector,"CPVC Tank Connector 3/4"" - Supreme",NOS,30.25,30.25,30.25,18,Bengaluru,Karnataka,admin_manual,TRUE
MAT-001672,MAT-001672,MAT-001672,"CPVC Tank Connector 3/4"" Tru - Pipes","CPVC Tank Connector 3/4"" Tru - Pipes",Plumbing - CPVC,Pipe,"CPVC Tank Connector 3/4"" Tru - Pipes",NOS,30.25,30.25,30.25,18,Bengaluru,Karnataka,admin_manual,TRUE
MAT-001462,MAT-001462,MAT-001462,"CPVC Tee 1"" - Astral","CPVC Tee 1"" - Astral",Plumbing - CPVC,Tee,"CPVC Tee 1"" - Astral",NOS,13.2,13.2,13.2,18,Bengaluru,Karnataka,admin_manual,TRUE
MAT-001506,MAT-001506,MAT-001506,"CPVC Tee 1"" - Finolex","CPVC Tee 1"" - Finolex",Plumbing - CPVC,Tee,"CPVC Tee 1"" - Finolex",NOS,13.2,13.2,13.2,18,Bengaluru,Karnataka,admin_manual,TRUE
MAT-001567,MAT-001567,MAT-001567,"CPVC Tee 1"" - Hindware","CPVC Tee 1"" - Hindware",Plumbing - CPVC,Tee,"CPVC Tee 1"" - Hindware",NOS,13.2,13.2,13.2,18,Bengaluru,Karnataka,admin_manual,TRUE
MAT-001713,MAT-001713,MAT-001713,"CPVC Tee 1"" - Supreme","CPVC Tee 1"" - Supreme",Plumbing - CPVC,Tee,"CPVC Tee 1"" - Supreme",NOS,13.2,13.2,13.2,18,Bengaluru,Karnataka,admin_manual,TRUE
MAT-001640,MAT-001640,MAT-001640,"CPVC Tee 1"" Tru - Pipes","CPVC Tee 1"" Tru - Pipes",Plumbing - CPVC,Tee,"CPVC Tee 1"" Tru - Pipes",NOS,13.2,13.2,13.2,18,Bengaluru,Karnataka,admin_manual,TRUE
MAT-001464,MAT-001464,MAT-001464,"CPVC Tee 1-1/2"" - Astral","CPVC Tee 1-1/2"" - Astral",Plumbing - CPVC,Tee,"CPVC Tee 1-1/2"" - Astral",NOS,22,22,22,18,Bengaluru,Karnataka,admin_manual,TRUE
MAT-001499,MAT-001499,MAT-001499,"CPVC Tee 1-1/2"" - Finolex","CPVC Tee 1-1/2"" - Finolex",Plumbing - CPVC,Tee,"CPVC Tee 1-1/2"" - Finolex",NOS,20.9,20.9,20.9,18,Bengaluru,Karnataka,admin_manual,TRUE
MAT-001569,MAT-001569,MAT-001569,"CPVC Tee 1-1/2"" - Hindware","CPVC Tee 1-1/2"" - Hindware",Plumbing - CPVC,Tee,"CPVC Tee 1-1/2"" - Hindware",NOS,20.9,20.9,20.9,18,Bengaluru,Karnataka,admin_manual,TRUE
MAT-001715,MAT-001715,MAT-001715,"CPVC Tee 1-1/2"" - Supreme","CPVC Tee 1-1/2"" - Supreme",Plumbing - CPVC,Tee,"CPVC Tee 1-1/2"" - Supreme",NOS,20.9,20.9,20.9,18,Bengaluru,Karnataka,admin_manual,TRUE
MAT-001642,MAT-001642,MAT-001642,"CPVC Tee 1-1/2"" Tru - Pipes","CPVC Tee 1-1/2"" Tru - Pipes",Plumbing - CPVC,Tee,"CPVC Tee 1-1/2"" Tru - Pipes",NOS,20.9,20.9,20.9,18,Bengaluru,Karnataka,admin_manual,TRUE
MAT-001463,MAT-001463,MAT-001463,"CPVC Tee 1-1/4"" - Astral","CPVC Tee 1-1/4"" - Astral",Plumbing - CPVC,Tee,"CPVC Tee 1-1/4"" - Astral",NOS,17.6,17.6,17.6,18,Bengaluru,Karnataka,admin_manual,TRUE
MAT-001498,MAT-001498,MAT-001498,"CPVC Tee 1-1/4"" - Finolex","CPVC Tee 1-1/4"" - Finolex",Plumbing - CPVC,Tee,"CPVC Tee 1-1/4"" - Finolex",NOS,16.5,16.5,16.5,18,Bengaluru,Karnataka,admin_manual,TRUE
MAT-001568,MAT-001568,MAT-001568,"CPVC Tee 1-1/4"" - Hindware","CPVC Tee 1-1/4"" - Hindware",Plumbing - CPVC,Tee,"CPVC Tee 1-1/4"" - Hindware",NOS,16.5,16.5,16.5,18,Bengaluru,Karnataka,admin_manual,TRUE
MAT-001714,MAT-001714,MAT-001714,"CPVC Tee 1-1/4"" - Supreme","CPVC Tee 1-1/4"" - Supreme",Plumbing - CPVC,Tee,"CPVC Tee 1-1/4"" - Supreme",NOS,16.5,16.5,16.5,18,Bengaluru,Karnataka,admin_manual,TRUE
MAT-001641,MAT-001641,MAT-001641,"CPVC Tee 1-1/4"" Tru - Pipes","CPVC Tee 1-1/4"" Tru - Pipes",Plumbing - CPVC,Tee,"CPVC Tee 1-1/4"" Tru - Pipes",NOS,16.5,16.5,16.5,18,Bengaluru,Karnataka,admin_manual,TRUE
MAT-001460,MAT-001460,MAT-001460,"CPVC Tee 1/2"" - Astral","CPVC Tee 1/2"" - Astral",Plumbing - CPVC,Tee,"CPVC Tee 1/2"" - Astral",NOS,7.7,7.7,7.7,18,Bengaluru,Karnataka,admin_manual,TRUE
MAT-001504,MAT-001504,MAT-001504,"CPVC Tee 1/2"" - Finolex","CPVC Tee 1/2"" - Finolex",Plumbing - CPVC,Tee,"CPVC Tee 1/2"" - Finolex",NOS,7.7,7.7,7.7,18,Bengaluru,Karnataka,admin_manual,TRUE
MAT-001565,MAT-001565,MAT-001565,"CPVC Tee 1/2"" - Hindware","CPVC Tee 1/2"" - Hindware",Plumbing - CPVC,Tee,"CPVC Tee 1/2"" - Hindware",NOS,7.7,7.7,7.7,18,Bengaluru,Karnataka,admin_manual,TRUE
MAT-001711,MAT-001711,MAT-001711,"CPVC Tee 1/2"" - Supreme","CPVC Tee 1/2"" - Supreme",Plumbing - CPVC,Tee,"CPVC Tee 1/2"" - Supreme",NOS,7.7,7.7,7.7,18,Bengaluru,Karnataka,admin_manual,TRUE
MAT-001638,MAT-001638,MAT-001638,"CPVC Tee 1/2"" Tru - Pipes","CPVC Tee 1/2"" Tru - Pipes",Plumbing - CPVC,Tee,"CPVC Tee 1/2"" Tru - Pipes",NOS,7.7,7.7,7.7,18,Bengaluru,Karnataka,admin_manual,TRUE
MAT-001465,MAT-001465,MAT-001465,"CPVC Tee 2"" - Astral","CPVC Tee 2"" - Astral",Plumbing - CPVC,Tee,"CPVC Tee 2"" - Astral",NOS,30.25,30.25,30.25,18,Bengaluru,Karnataka,admin_manual,TRUE
MAT-001487,MAT-001487,MAT-001487,"CPVC Tee 2"" - Finolex","CPVC Tee 2"" - Finolex",Plumbing - CPVC,Tee,"CPVC Tee 2"" - Finolex",NOS,30.25,30.25,30.25,18,Bengaluru,Karnataka,admin_manual,TRUE
MAT-001570,MAT-001570,MAT-001570,"CPVC Tee 2"" - Hindware","CPVC Tee 2"" - Hindware",Plumbing - CPVC,Tee,"CPVC Tee 2"" - Hindware",NOS,30.25,30.25,30.25,18,Bengaluru,Karnataka,admin_manual,TRUE
MAT-001716,MAT-001716,MAT-001716,"CPVC Tee 2"" - Supreme","CPVC Tee 2"" - Supreme",Plumbing - CPVC,Tee,"CPVC Tee 2"" - Supreme",NOS,30.25,30.25,30.25,18,Bengaluru,Karnataka,admin_manual,TRUE
MAT-001643,MAT-001643,MAT-001643,"CPVC Tee 2"" Tru - Pipes","CPVC Tee 2"" Tru - Pipes",Plumbing - CPVC,Tee,"CPVC Tee 2"" Tru - Pipes",NOS,30.25,30.25,30.25,18,Bengaluru,Karnataka,admin_manual,TRUE
MAT-001461,MAT-001461,MAT-001461,"CPVC Tee 3/4"" - Astral","CPVC Tee 3/4"" - Astral",Plumbing - CPVC,Tee,"CPVC Tee 3/4"" - Astral",NOS,9.9,9.9,9.9,18,Bengaluru,Karnataka,admin_manual,TRUE
MAT-001505,MAT-001505,MAT-001505,"CPVC Tee 3/4"" - Finolex","CPVC Tee 3/4"" - Finolex",Plumbing - CPVC,Tee,"CPVC Tee 3/4"" - Finolex",NOS,9.9,9.9,9.9,18,Bengaluru,Karnataka,admin_manual,TRUE
MAT-001566,MAT-001566,MAT-001566,"CPVC Tee 3/4"" - Hindware","CPVC Tee 3/4"" - Hindware",Plumbing - CPVC,Tee,"CPVC Tee 3/4"" - Hindware",NOS,9.9,9.9,9.9,18,Bengaluru,Karnataka,admin_manual,TRUE
MAT-001712,MAT-001712,MAT-001712,"CPVC Tee 3/4"" - Supreme","CPVC Tee 3/4"" - Supreme",Plumbing - CPVC,Tee,"CPVC Tee 3/4"" - Supreme",NOS,9.9,9.9,9.9,18,Bengaluru,Karnataka,admin_manual,TRUE
MAT-001639,MAT-001639,MAT-001639,"CPVC Tee 3/4"" Tru - Pipes","CPVC Tee 3/4"" Tru - Pipes",Plumbing - CPVC,Tee,"CPVC Tee 3/4"" Tru - Pipes",NOS,9.9,9.9,9.9,18,Bengaluru,Karnataka,admin_manual,TRUE
MAT-001518,MAT-001518,MAT-001518,"CPVC Transition FTA 1"" - Finolex","CPVC Transition FTA 1"" - Finolex",Plumbing - CPVC,Pipe & Fitting,"CPVC Transition FTA 1"" - Finolex",NOS,26.4,26.4,26.4,18,Bengaluru,Karnataka,admin_manual,TRUE
MAT-001603,MAT-001603,MAT-001603,"CPVC Transition FTA 1"" - Hindware","CPVC Transition FTA 1"" - Hindware",Plumbing - CPVC,Pipe & Fitting,"CPVC Transition FTA 1"" - Hindware",NOS,26.4,26.4,26.4,18,Bengaluru,Karnataka,admin_manual,TRUE
MAT-001749,MAT-001749,MAT-001749,"CPVC Transition FTA 1"" - Supreme","CPVC Transition FTA 1"" - Supreme",Plumbing - CPVC,Pipe & Fitting,"CPVC Transition FTA 1"" - Supreme",NOS,26.4,26.4,26.4,18,Bengaluru,Karnataka,admin_manual,TRUE
MAT-001676,MAT-001676,MAT-001676,"CPVC Transition FTA 1"" Tru - Pipes","CPVC Transition FTA 1"" Tru - Pipes",Plumbing - CPVC,Pipe,"CPVC Transition FTA 1"" Tru - Pipes",NOS,26.4,26.4,26.4,18,Bengaluru,Karnataka,admin_manual,TRUE
MAT-001555,MAT-001555,MAT-001555,"CPVC Transition FTA 1/2"" - Finolex","CPVC Transition FTA 1/2"" - Finolex",Plumbing - CPVC,Pipe & Fitting,"CPVC Transition FTA 1/2"" - Finolex",NOS,16.5,16.5,16.5,18,Bengaluru,Karnataka,admin_manual,TRUE
MAT-001601,MAT-001601,MAT-001601,"CPVC Transition FTA 1/2"" - Hindware","CPVC Transition FTA 1/2"" - Hindware",Plumbing - CPVC,Pipe & Fitting,"CPVC Transition FTA 1/2"" - Hindware",NOS,16.5,16.5,16.5,18,Bengaluru,Karnataka,admin_manual,TRUE
MAT-001747,MAT-001747,MAT-001747,"CPVC Transition FTA 1/2"" - Supreme","CPVC Transition FTA 1/2"" - Supreme",Plumbing - CPVC,Pipe & Fitting,"CPVC Transition FTA 1/2"" - Supreme",NOS,16.5,16.5,16.5,18,Bengaluru,Karnataka,admin_manual,TRUE
MAT-001674,MAT-001674,MAT-001674,"CPVC Transition FTA 1/2"" Tru - Pipes","CPVC Transition FTA 1/2"" Tru - Pipes",Plumbing - CPVC,Pipe,"CPVC Transition FTA 1/2"" Tru - Pipes",NOS,16.5,16.5,16.5,18,Bengaluru,Karnataka,admin_manual,TRUE
MAT-001517,MAT-001517,MAT-001517,"CPVC Transition FTA 3/4"" - Finolex","CPVC Transition FTA 3/4"" - Finolex",Plumbing - CPVC,Pipe & Fitting,"CPVC Transition FTA 3/4"" - Finolex",NOS,20.9,20.9,20.9,18,Bengaluru,Karnataka,admin_manual,TRUE
MAT-001602,MAT-001602,MAT-001602,"CPVC Transition FTA 3/4"" - Hindware","CPVC Transition FTA 3/4"" - Hindware",Plumbing - CPVC,Pipe & Fitting,"CPVC Transition FTA 3/4"" - Hindware",NOS,20.9,20.9,20.9,18,Bengaluru,Karnataka,admin_manual,TRUE
MAT-001748,MAT-001748,MAT-001748,"CPVC Transition FTA 3/4"" - Supreme","CPVC Transition FTA 3/4"" - Supreme",Plumbing - CPVC,Pipe & Fitting,"CPVC Transition FTA 3/4"" - Supreme",NOS,20.9,20.9,20.9,18,Bengaluru,Karnataka,admin_manual,TRUE
MAT-001675,MAT-001675,MAT-001675,"CPVC Transition FTA 3/4"" Tru - Pipes","CPVC Transition FTA 3/4"" Tru - Pipes",Plumbing - CPVC,Pipe,"CPVC Transition FTA 3/4"" Tru - Pipes",NOS,20.9,20.9,20.9,18,Bengaluru,Karnataka,admin_manual,TRUE
MAT-001516,MAT-001516,MAT-001516,"CPVC Union 1"" - Finolex","CPVC Union 1"" - Finolex",Plumbing - CPVC,Union,"CPVC Union 1"" - Finolex",NOS,35.75,35.75,35.75,18,Bengaluru,Karnataka,admin_manual,TRUE
MAT-001597,MAT-001597,MAT-001597,"CPVC Union 1"" - Hindware","CPVC Union 1"" - Hindware",Plumbing - CPVC,Union,"CPVC Union 1"" - Hindware",NOS,35.75,35.75,35.75,18,Bengaluru,Karnataka,admin_manual,TRUE
MAT-001743,MAT-001743,MAT-001743,"CPVC Union 1"" - Supreme","CPVC Union 1"" - Supreme",Plumbing - CPVC,Union,"CPVC Union 1"" - Supreme",NOS,35.75,35.75,35.75,18,Bengaluru,Karnataka,admin_manual,TRUE
MAT-001670,MAT-001670,MAT-001670,"CPVC Union 1"" Tru - Pipes","CPVC Union 1"" Tru - Pipes",Plumbing - CPVC,Pipe,"CPVC Union 1"" Tru - Pipes",NOS,35.75,35.75,35.75,18,Bengaluru,Karnataka,admin_manual,TRUE
MAT-001554,MAT-001554,MAT-001554,"CPVC Union 1/2"" - Finolex","CPVC Union 1/2"" - Finolex",Plumbing - CPVC,Union,"CPVC Union 1/2"" - Finolex",NOS,22,22,22,18,Bengaluru,Karnataka,admin_manual,TRUE
MAT-001595,MAT-001595,MAT-001595,"CPVC Union 1/2"" - Hindware","CPVC Union 1/2"" - Hindware",Plumbing - CPVC,Union,"CPVC Union 1/2"" - Hindware",NOS,22,22,22,18,Bengaluru,Karnataka,admin_manual,TRUE
MAT-001741,MAT-001741,MAT-001741,"CPVC Union 1/2"" - Supreme","CPVC Union 1/2"" - Supreme",Plumbing - CPVC,Union,"CPVC Union 1/2"" - Supreme",NOS,22,22,22,18,Bengaluru,Karnataka,admin_manual,TRUE
MAT-001668,MAT-001668,MAT-001668,"CPVC Union 1/2"" Tru - Pipes","CPVC Union 1/2"" Tru - Pipes",Plumbing - CPVC,Pipe,"CPVC Union 1/2"" Tru - Pipes",NOS,22,22,22,18,Bengaluru,Karnataka,admin_manual,TRUE
MAT-001515,MAT-001515,MAT-001515,"CPVC Union 3/4"" - Finolex","CPVC Union 3/4"" - Finolex",Plumbing - CPVC,Union,"CPVC Union 3/4"" - Finolex",NOS,27.5,27.5,27.5,18,Bengaluru,Karnataka,admin_manual,TRUE
MAT-001596,MAT-001596,MAT-001596,"CPVC Union 3/4"" - Hindware","CPVC Union 3/4"" - Hindware",Plumbing - CPVC,Union,"CPVC Union 3/4"" - Hindware",NOS,27.5,27.5,27.5,18,Bengaluru,Karnataka,admin_manual,TRUE
MAT-001742,MAT-001742,MAT-001742,"CPVC Union 3/4"" - Supreme","CPVC Union 3/4"" - Supreme",Plumbing - CPVC,Union,"CPVC Union 3/4"" - Supreme",NOS,27.5,27.5,27.5,18,Bengaluru,Karnataka,admin_manual,TRUE
MAT-001669,MAT-001669,MAT-001669,"CPVC Union 3/4"" Tru - Pipes","CPVC Union 3/4"" Tru - Pipes",Plumbing - CPVC,Pipe,"CPVC Union 3/4"" Tru - Pipes",NOS,27.5,27.5,27.5,18,Bengaluru,Karnataka,admin_manual,TRUE
ANGG594701,ANGG594701,ANGG594701,Angle Valve with Flange,Angle Valve with Flange,Plumbing BOQ,,Angle valve with flange,NOS,313.6,313.6,313.6,18,Bengaluru,Karnataka,admin_manual,TRUE
BRAG594697,BRAG594697,BRAG594697,Brass Bib Cock,Brass Bib Cock,Plumbing BOQ,,Brass bib cock,NOS,1200,1200,1200,18,Bengaluru,Karnataka,admin_manual,TRUE
CPVG594683,CPVG594683,CPVG594683,CPVC Elbow 15mm,CPVC Elbow 15mm,Plumbing BOQ,,CPVC 15mm elbow,NOS,15,15,15,18,Bengaluru,Karnataka,admin_manual,TRUE
CPVG594685,CPVG594685,CPVG594685,CPVC Elbow 20mm,CPVC Elbow 20mm,Plumbing BOQ,,CPVC 20mm elbow,NOS,20,20,20,18,Bengaluru,Karnataka,admin_manual,TRUE
CPVG594671,CPVG594671,CPVG594671,CPVC Pipe 15mm (Water Supply Branch Lines),CPVC Pipe 15mm (Water Supply Branch Lines),Plumbing BOQ,,CPVC 15mm branch-line pipe,M,35,35,35,18,Bengaluru,Karnataka,admin_manual,TRUE
CPVG594673,CPVG594673,CPVG594673,CPVC Pipe 20mm (Cold & Hot Supply Loop),CPVC Pipe 20mm (Cold & Hot Supply Loop),Plumbing BOQ,,CPVC 20mm cold/hot supply-loop pipe,M,45,45,45,18,Bengaluru,Karnataka,admin_manual,TRUE
CPVG594675,CPVG594675,CPVG594675,CPVC Pipe 25mm (Vertical Riser Main),CPVC Pipe 25mm (Vertical Riser Main),Plumbing BOQ,,CPVC 25mm vertical riser main,M,60,60,60,18,Bengaluru,Karnataka,admin_manual,TRUE
CPVG594687,CPVG594687,CPVG594687,CPVC Tee 15mm,CPVC Tee 15mm,Plumbing BOQ,,CPVC 15mm tee,NOS,18,18,18,18,Bengaluru,Karnataka,admin_manual,TRUE
CPVG594689,CPVG594689,CPVG594689,CPVC Tee 20mm,CPVC Tee 20mm,Plumbing BOQ,,CPVC 20mm tee,NOS,25,25,25,18,Bengaluru,Karnataka,admin_manual,TRUE
CERG594707,CERG594707,CERG594707,Ceramic Wash Basin Set,Ceramic Wash Basin Set,Plumbing BOQ,,Ceramic wash-basin set,NOS,1350,1350,1350,18,Bengaluru,Karnataka,admin_manual,TRUE
CONG594695,CONG594695,CONG594695,Concealed Stop Cock 15mm,Concealed Stop Cock 15mm,Plumbing BOQ,,15mm concealed stop cock,NOS,120,120,120,18,Bengaluru,Karnataka,admin_manual,TRUE
GALG594721,GALG594721,GALG594721,Galvanized Clamps & Hangers,Galvanized Clamps & Hangers,Plumbing BOQ,,Galvanized clamps and hangers,NOS,20,20,20,18,Bengaluru,Karnataka,admin_manual,TRUE
GATG594691,GATG594691,GATG594691,Gate Valve 15mm,Gate Valve 15mm,Plumbing BOQ,,15mm control gate valve,NOS,180,180,180,18,Bengaluru,Karnataka,admin_manual,TRUE
GATG594693,GATG594693,GATG594693,Gate Valve 20mm,Gate Valve 20mm,Plumbing BOQ,,20mm main riser gate valve,NOS,250,250,250,18,Bengaluru,Karnataka,admin_manual,TRUE
HEAG594703,HEAG594703,HEAG594703,Health Faucet with SS Hose,Health Faucet with SS Hose,Plumbing BOQ,,Health faucet with stainless-steel hose,NOS,560,560,560,18,Bengaluru,Karnataka,admin_manual,TRUE
HYDG594723,HYDG594723,HYDG594723,Hydraulic Pressure Testing & Commissioning,Hydraulic Pressure Testing & Commissioning,Plumbing BOQ,,Hydraulic pressure testing and commissioning,LUMP,3000,3000,3000,0,Bengaluru,Karnataka,admin_manual,TRUE
KITG594715,KITG594715,KITG594715,Kitchen Grease Interceptor Trap,Kitchen Grease Interceptor Trap,Plumbing BOQ,,Kitchen grease interceptor trap,NOS,400,400,400,18,Bengaluru,Karnataka,admin_manual,TRUE
MULG594713,MULG594713,MULG594713,Multi-Inlet Nahani Trap,Multi-Inlet Nahani Trap,Plumbing BOQ,,Multi-inlet nahani trap,NOS,66,66,66,18,Bengaluru,Karnataka,admin_manual,TRUE
PTFG594720,PTFG594720,PTFG594720,PTFE Thread Seal Tape Roll,PTFE Thread Seal Tape Roll,Plumbing BOQ,,PTFE thread-seal tape roll,ROLL,15,15,15,18,Bengaluru,Karnataka,admin_manual,TRUE
PVCG594711,PVCG594711,PVCG594711,PVC Floor Trap with SS Grating,PVC Floor Trap with SS Grating,Plumbing BOQ,,PVC floor trap with SS grating,NOS,71.5,71.5,71.5,18,Bengaluru,Karnataka,admin_manual,TRUE
PILG594699,PILG594699,PILG594699,Pillar Tap for Wash Basin,Pillar Tap for Wash Basin,Plumbing BOQ,,Wash-basin pillar tap,NOS,920,920,920,18,Bengaluru,Karnataka,admin_manual,TRUE
SFRG594717,SFRG594717,SFRG594717,SFRC Chamber Cover,SFRC Chamber Cover,Plumbing BOQ,,SFRC chamber cover,NOS,74,74,74,18,Bengaluru,Karnataka,admin_manual,TRUE
SSKG594709,SSKG594709,SSKG594709,SS Kitchen Sink Set,SS Kitchen Sink Set,Plumbing BOQ,,Stainless-steel kitchen sink set,NOS,2500,2500,2500,18,Bengaluru,Karnataka,admin_manual,TRUE
UPVG594677,UPVG594677,UPVG594677,UPVC Soil & Waste Pipe 110mm (Main Stack),UPVC Soil & Waste Pipe 110mm (Main Stack),Plumbing BOQ,,UPVC 110mm soil and waste main stack,M,120,120,120,18,Bengaluru,Karnataka,admin_manual,TRUE
UPVG594719,UPVG594719,UPVG594719,UPVC Solvent Cement Bottle,UPVC Solvent Cement Bottle,Plumbing BOQ,,UPVC solvent cement bottle,BOTTLE,80,80,80,18,Bengaluru,Karnataka,admin_manual,TRUE
UPVG594681,UPVG594681,UPVG594681,UPVC Vent Pipe 50mm,UPVC Vent Pipe 50mm,Plumbing BOQ,,UPVC 50mm cowl pressure vent pipe,M,55,55,55,18,Bengaluru,Karnataka,admin_manual,TRUE
UPVG594679,UPVG594679,UPVG594679,UPVC Waste Pipe 75mm,UPVC Waste Pipe 75mm,Plumbing BOQ,,UPVC 75mm wash-basin and shower waste pipe,M,80,80,80,18,Bengaluru,Karnataka,admin_manual,TRUE
WESG594705,WESG594705,WESG594705,Western Commode (EWC Set),Western Commode (EWC Set),Plumbing BOQ,,Western commode EWC set,NOS,3500,3500,3500,18,Bengaluru,Karnataka,admin_manual,TRUE
MAT-001885,MAT-001885,MAT-001885,"PVC Ball Valve 1/2"" - Finolex","PVC Ball Valve 1/2"" - Finolex",Plumbing PVC Pipes & Fittings,Ball Valve,"PVC Ball Valve 1/2"" - Finolex",NOS,30.25,30.25,30.25,18,Bengaluru,Karnataka,admin_manual,TRUE
MAT-001945,MAT-001945,MAT-001945,"PVC Ball Valve 1/2"" - Hindware","PVC Ball Valve 1/2"" - Hindware",Plumbing PVC Pipes & Fittings,Ball Valve,"PVC Ball Valve 1/2"" - Hindware",NOS,30.25,30.25,30.25,18,Bengaluru,Karnataka,admin_manual,TRUE
MAT-002052,MAT-002052,MAT-002052,"PVC Ball Valve 1/2"" - Supreme","PVC Ball Valve 1/2"" - Supreme",Plumbing PVC Pipes & Fittings,Ball Valve,"PVC Ball Valve 1/2"" - Supreme",NOS,30.25,30.25,30.25,18,Bengaluru,Karnataka,admin_manual,TRUE
MAT-001999,MAT-001999,MAT-001999,"PVC Ball Valve 1/2"" Tru - Pipes","PVC Ball Valve 1/2"" Tru - Pipes",Plumbing PVC Pipes & Fittings,Ball Valve,"PVC Ball Valve 1/2"" Tru - Pipes",NOS,30.25,30.25,30.25,18,Bengaluru,Karnataka,admin_manual,TRUE
MAT-001896,MAT-001896,MAT-001896,PVC Bend 100mm - Finolex,PVC Bend 100mm - Finolex,Plumbing PVC Pipes & Fittings,Bend,PVC Bend 100mm - Finolex,NOS,44,44,44,18,Bengaluru,Karnataka,admin_manual,TRUE
MAT-001968,MAT-001968,MAT-001968,PVC Bend 100mm - Hindware,PVC Bend 100mm - Hindware,Plumbing PVC Pipes & Fittings,Bend,PVC Bend 100mm - Hindware,NOS,44,44,44,18,Bengaluru,Karnataka,admin_manual,TRUE
MAT-002075,MAT-002075,MAT-002075,PVC Bend 100mm - Supreme,PVC Bend 100mm - Supreme,Plumbing PVC Pipes & Fittings,Bend,PVC Bend 100mm - Supreme,NOS,44,44,44,18,Bengaluru,Karnataka,admin_manual,TRUE
MAT-002022,MAT-002022,MAT-002022,PVC Bend 100mm Tru - Pipes,PVC Bend 100mm Tru - Pipes,Plumbing PVC Pipes & Fittings,Pipe,PVC Bend 100mm Tru - Pipes,NOS,44,44,44,18,Bengaluru,Karnataka,admin_manual,TRUE
MAT-001897,MAT-001897,MAT-001897,PVC Bend 125mm - Finolex,PVC Bend 125mm - Finolex,Plumbing PVC Pipes & Fittings,Bend,PVC Bend 125mm - Finolex,NOS,55,55,55,18,Bengaluru,Karnataka,admin_manual,TRUE
MAT-001969,MAT-001969,MAT-001969,PVC Bend 125mm - Hindware,PVC Bend 125mm - Hindware,Plumbing PVC Pipes & Fittings,Bend,PVC Bend 125mm - Hindware,NOS,55,55,55,18,Bengaluru,Karnataka,admin_manual,TRUE
MAT-002076,MAT-002076,MAT-002076,PVC Bend 125mm - Supreme,PVC Bend 125mm - Supreme,Plumbing PVC Pipes & Fittings,Bend,PVC Bend 125mm - Supreme,NOS,55,55,55,18,Bengaluru,Karnataka,admin_manual,TRUE
MAT-002023,MAT-002023,MAT-002023,PVC Bend 125mm Tru - Pipes,PVC Bend 125mm Tru - Pipes,Plumbing PVC Pipes & Fittings,Pipe,PVC Bend 125mm Tru - Pipes,NOS,55,55,55,18,Bengaluru,Karnataka,admin_manual,TRUE
MAT-001898,MAT-001898,MAT-001898,PVC Bend 150mm - Finolex,PVC Bend 150mm - Finolex,Plumbing PVC Pipes & Fittings,Bend,PVC Bend 150mm - Finolex,NOS,66,66,66,18,Bengaluru,Karnataka,admin_manual,TRUE
MAT-001970,MAT-001970,MAT-001970,PVC Bend 150mm - Hindware,PVC Bend 150mm - Hindware,Plumbing PVC Pipes & Fittings,Bend,PVC Bend 150mm - Hindware,NOS,66,66,66,18,Bengaluru,Karnataka,admin_manual,TRUE
MAT-002077,MAT-002077,MAT-002077,PVC Bend 150mm - Supreme,PVC Bend 150mm - Supreme,Plumbing PVC Pipes & Fittings,Bend,PVC Bend 150mm - Supreme,NOS,66,66,66,18,Bengaluru,Karnataka,admin_manual,TRUE
MAT-002024,MAT-002024,MAT-002024,PVC Bend 150mm Tru - Pipes,PVC Bend 150mm Tru - Pipes,Plumbing PVC Pipes & Fittings,Pipe,PVC Bend 150mm Tru - Pipes,NOS,66,66,66,18,Bengaluru,Karnataka,admin_manual,TRUE
MAT-001899,MAT-001899,MAT-001899,PVC Bend 200mm - Finolex,PVC Bend 200mm - Finolex,Plumbing PVC Pipes & Fittings,Bend,PVC Bend 200mm - Finolex,NOS,88,88,88,18,Bengaluru,Karnataka,admin_manual,TRUE
MAT-001971,MAT-001971,MAT-001971,PVC Bend 200mm - Hindware,PVC Bend 200mm - Hindware,Plumbing PVC Pipes & Fittings,Bend,PVC Bend 200mm - Hindware,NOS,88,88,88,18,Bengaluru,Karnataka,admin_manual,TRUE
MAT-002078,MAT-002078,MAT-002078,PVC Bend 200mm - Supreme,PVC Bend 200mm - Supreme,Plumbing PVC Pipes & Fittings,Bend,PVC Bend 200mm - Supreme,NOS,88,88,88,18,Bengaluru,Karnataka,admin_manual,TRUE
MAT-002025,MAT-002025,MAT-002025,PVC Bend 200mm Tru - Pipes,PVC Bend 200mm Tru - Pipes,Plumbing PVC Pipes & Fittings,Pipe,PVC Bend 200mm Tru - Pipes,NOS,88,88,88,18,Bengaluru,Karnataka,admin_manual,TRUE
MAT-001900,MAT-001900,MAT-001900,PVC Bend 250mm - Finolex,PVC Bend 250mm - Finolex,Plumbing PVC Pipes & Fittings,Bend,PVC Bend 250mm - Finolex,NOS,110,110,110,18,Bengaluru,Karnataka,admin_manual,TRUE
MAT-001972,MAT-001972,MAT-001972,PVC Bend 250mm - Hindware,PVC Bend 250mm - Hindware,Plumbing PVC Pipes & Fittings,Bend,PVC Bend 250mm - Hindware,NOS,110,110,110,18,Bengaluru,Karnataka,admin_manual,TRUE
MAT-002079,MAT-002079,MAT-002079,PVC Bend 250mm - Supreme,PVC Bend 250mm - Supreme,Plumbing PVC Pipes & Fittings,Bend,PVC Bend 250mm - Supreme,NOS,110,110,110,18,Bengaluru,Karnataka,admin_manual,TRUE
MAT-002026,MAT-002026,MAT-002026,PVC Bend 250mm Tru - Pipes,PVC Bend 250mm Tru - Pipes,Plumbing PVC Pipes & Fittings,Pipe,PVC Bend 250mm Tru - Pipes,NOS,110,110,110,18,Bengaluru,Karnataka,admin_manual,TRUE
MAT-001895,MAT-001895,MAT-001895,PVC Bend 75mm - Finolex,PVC Bend 75mm - Finolex,Plumbing PVC Pipes & Fittings,Bend,PVC Bend 75mm - Finolex,NOS,33,33,33,18,Bengaluru,Karnataka,admin_manual,TRUE
MAT-001967,MAT-001967,MAT-001967,PVC Bend 75mm - Hindware,PVC Bend 75mm - Hindware,Plumbing PVC Pipes & Fittings,Bend,PVC Bend 75mm - Hindware,NOS,33,33,33,18,Bengaluru,Karnataka,admin_manual,TRUE
MAT-002074,MAT-002074,MAT-002074,PVC Bend 75mm - Supreme,PVC Bend 75mm - Supreme,Plumbing PVC Pipes & Fittings,Bend,PVC Bend 75mm - Supreme,NOS,33,33,33,18,Bengaluru,Karnataka,admin_manual,TRUE
MAT-002021,MAT-002021,MAT-002021,PVC Bend 75mm Tru - Pipes,PVC Bend 75mm Tru - Pipes,Plumbing PVC Pipes & Fittings,Pipe,PVC Bend 75mm Tru - Pipes,NOS,33,33,33,18,Bengaluru,Karnataka,admin_manual,TRUE
MAT-001857,MAT-001857,MAT-001857,"PVC Clamp 1"" - Finolex","PVC Clamp 1"" - Finolex",Plumbing PVC Pipes & Fittings,Clamp,"PVC Clamp 1"" - Finolex",NOS,4.4,4.4,4.4,18,Bengaluru,Karnataka,admin_manual,TRUE
MAT-001942,MAT-001942,MAT-001942,"PVC Clamp 1"" - Hindware","PVC Clamp 1"" - Hindware",Plumbing PVC Pipes & Fittings,Clamp,"PVC Clamp 1"" - Hindware",NOS,4.4,4.4,4.4,18,Bengaluru,Karnataka,admin_manual,TRUE
MAT-002049,MAT-002049,MAT-002049,"PVC Clamp 1"" - Supreme","PVC Clamp 1"" - Supreme",Plumbing PVC Pipes & Fittings,Clamp,"PVC Clamp 1"" - Supreme",NOS,4.4,4.4,4.4,18,Bengaluru,Karnataka,admin_manual,TRUE
MAT-001996,MAT-001996,MAT-001996,"PVC Clamp 1"" Tru - Pipes","PVC Clamp 1"" Tru - Pipes",Plumbing PVC Pipes & Fittings,Pipe,"PVC Clamp 1"" Tru - Pipes",NOS,4.4,4.4,4.4,18,Bengaluru,Karnataka,admin_manual,TRUE
MAT-001909,MAT-001909,MAT-001909,"PVC Clamp 1/2"" - Finolex","PVC Clamp 1/2"" - Finolex",Plumbing PVC Pipes & Fittings,Clamp,"PVC Clamp 1/2"" - Finolex",NOS,3.3,3.3,3.3,18,Bengaluru,Karnataka,admin_manual,TRUE
MAT-001940,MAT-001940,MAT-001940,"PVC Clamp 1/2"" - Hindware","PVC Clamp 1/2"" - Hindware",Plumbing PVC Pipes & Fittings,Clamp,"PVC Clamp 1/2"" - Hindware",NOS,3.3,3.3,3.3,18,Bengaluru,Karnataka,admin_manual,TRUE
MAT-002047,MAT-002047,MAT-002047,"PVC Clamp 1/2"" - Supreme","PVC Clamp 1/2"" - Supreme",Plumbing PVC Pipes & Fittings,Clamp,"PVC Clamp 1/2"" - Supreme",NOS,3.3,3.3,3.3,18,Bengaluru,Karnataka,admin_manual,TRUE
MAT-001994,MAT-001994,MAT-001994,"PVC Clamp 1/2"" Tru - Pipes","PVC Clamp 1/2"" Tru - Pipes",Plumbing PVC Pipes & Fittings,Pipe,"PVC Clamp 1/2"" Tru - Pipes",NOS,3.3,3.3,3.3,18,Bengaluru,Karnataka,admin_manual,TRUE
MAT-001916,MAT-001916,MAT-001916,"PVC Clamp 3/4"" - Finolex","PVC Clamp 3/4"" - Finolex",Plumbing PVC Pipes & Fittings,Clamp,"PVC Clamp 3/4"" - Finolex",NOS,3.85,3.85,3.85,18,Bengaluru,Karnataka,admin_manual,TRUE
MAT-001941,MAT-001941,MAT-001941,"PVC Clamp 3/4"" - Hindware","PVC Clamp 3/4"" - Hindware",Plumbing PVC Pipes & Fittings,Clamp,"PVC Clamp 3/4"" - Hindware",NOS,3.85,3.85,3.85,18,Bengaluru,Karnataka,admin_manual,TRUE
MAT-002048,MAT-002048,MAT-002048,"PVC Clamp 3/4"" - Supreme","PVC Clamp 3/4"" - Supreme",Plumbing PVC Pipes & Fittings,Clamp,"PVC Clamp 3/4"" - Supreme",NOS,3.85,3.85,3.85,18,Bengaluru,Karnataka,admin_manual,TRUE
MAT-001995,MAT-001995,MAT-001995,"PVC Clamp 3/4"" Tru - Pipes","PVC Clamp 3/4"" Tru - Pipes",Plumbing PVC Pipes & Fittings,Pipe,"PVC Clamp 3/4"" Tru - Pipes",NOS,3.85,3.85,3.85,18,Bengaluru,Karnataka,admin_manual,TRUE
MAT-001827,MAT-001827,MAT-001827,"PVC Clean Out Plug 2"" - Astral","PVC Clean Out Plug 2"" - Astral",Plumbing PVC Pipes & Fittings,Pipe & Fitting,"PVC Clean Out Plug 2"" - Astral",NOS,16.5,16.5,16.5,18,Bengaluru,Karnataka,admin_manual,TRUE
MAT-001828,MAT-001828,MAT-001828,"PVC Clean Out Plug 3"" - Astral","PVC Clean Out Plug 3"" - Astral",Plumbing PVC Pipes & Fittings,Pipe & Fitting,"PVC Clean Out Plug 3"" - Astral",NOS,19.8,19.8,19.8,18,Bengaluru,Karnataka,admin_manual,TRUE
MAT-001829,MAT-001829,MAT-001829,"PVC Clean Out Plug 4"" - Astral","PVC Clean Out Plug 4"" - Astral",Plumbing PVC Pipes & Fittings,Pipe & Fitting,"PVC Clean Out Plug 4"" - Astral",NOS,23.1,23.1,23.1,18,Bengaluru,Karnataka,admin_manual,TRUE
MAT-001833,MAT-001833,MAT-001833,"PVC Clean Out with Thread 2"" - Astral","PVC Clean Out with Thread 2"" - Astral",Plumbing PVC Pipes & Fittings,Pipe & Fitting,"PVC Clean Out with Thread 2"" - Astral",NOS,18.7,18.7,18.7,18,Bengaluru,Karnataka,admin_manual,TRUE
MAT-001834,MAT-001834,MAT-001834,"PVC Clean Out with Thread 3"" - Astral","PVC Clean Out with Thread 3"" - Astral",Plumbing PVC Pipes & Fittings,Pipe & Fitting,"PVC Clean Out with Thread 3"" - Astral",NOS,22,22,22,18,Bengaluru,Karnataka,admin_manual,TRUE
MAT-001835,MAT-001835,MAT-001835,"PVC Clean Out with Thread 4"" - Astral","PVC Clean Out with Thread 4"" - Astral",Plumbing PVC Pipes & Fittings,Pipe & Fitting,"PVC Clean Out with Thread 4"" - Astral",NOS,25.3,25.3,25.3,18,Bengaluru,Karnataka,admin_manual,TRUE
MAT-001919,MAT-001919,MAT-001919,PVC Collar 100mm - Finolex,PVC Collar 100mm - Finolex,Plumbing PVC Pipes & Fittings,Pipe & Fitting,PVC Collar 100mm - Finolex,NOS,30.25,30.25,30.25,18,Bengaluru,Karnataka,admin_manual,TRUE
MAT-001962,MAT-001962,MAT-001962,PVC Collar 100mm - Hindware,PVC Collar 100mm - Hindware,Plumbing PVC Pipes & Fittings,Pipe & Fitting,PVC Collar 100mm - Hindware,NOS,30.25,30.25,30.25,18,Bengaluru,Karnataka,admin_manual,TRUE
MAT-002069,MAT-002069,MAT-002069,PVC Collar 100mm - Supreme,PVC Collar 100mm - Supreme,Plumbing PVC Pipes & Fittings,Pipe & Fitting,PVC Collar 100mm - Supreme,NOS,30.25,30.25,30.25,18,Bengaluru,Karnataka,admin_manual,TRUE
MAT-002016,MAT-002016,MAT-002016,PVC Collar 100mm Tru - Pipes,PVC Collar 100mm Tru - Pipes,Plumbing PVC Pipes & Fittings,Pipe,PVC Collar 100mm Tru - Pipes,NOS,30.25,30.25,30.25,18,Bengaluru,Karnataka,admin_manual,TRUE
MAT-001860,MAT-001860,MAT-001860,PVC Collar 125mm - Finolex,PVC Collar 125mm - Finolex,Plumbing PVC Pipes & Fittings,Pipe & Fitting,PVC Collar 125mm - Finolex,NOS,38.5,38.5,38.5,18,Bengaluru,Karnataka,admin_manual,TRUE
MAT-001963,MAT-001963,MAT-001963,PVC Collar 125mm - Hindware,PVC Collar 125mm - Hindware,Plumbing PVC Pipes & Fittings,Pipe & Fitting,PVC Collar 125mm - Hindware,NOS,38.5,38.5,38.5,18,Bengaluru,Karnataka,admin_manual,TRUE
MAT-002070,MAT-002070,MAT-002070,PVC Collar 125mm - Supreme,PVC Collar 125mm - Supreme,Plumbing PVC Pipes & Fittings,Pipe & Fitting,PVC Collar 125mm - Supreme,NOS,38.5,38.5,38.5,18,Bengaluru,Karnataka,admin_manual,TRUE
MAT-002017,MAT-002017,MAT-002017,PVC Collar 125mm Tru - Pipes,PVC Collar 125mm Tru - Pipes,Plumbing PVC Pipes & Fittings,Pipe,PVC Collar 125mm Tru - Pipes,NOS,38.5,38.5,38.5,18,Bengaluru,Karnataka,admin_manual,TRUE
MAT-001925,MAT-001925,MAT-001925,PVC Collar 150mm - Finolex,PVC Collar 150mm - Finolex,Plumbing PVC Pipes & Fittings,Pipe & Fitting,PVC Collar 150mm - Finolex,NOS,46.75,46.75,46.75,18,Bengaluru,Karnataka,admin_manual,TRUE
MAT-001964,MAT-001964,MAT-001964,PVC Collar 150mm - Hindware,PVC Collar 150mm - Hindware,Plumbing PVC Pipes & Fittings,Pipe & Fitting,PVC Collar 150mm - Hindware,NOS,46.75,46.75,46.75,18,Bengaluru,Karnataka,admin_manual,TRUE
MAT-002071,MAT-002071,MAT-002071,PVC Collar 150mm - Supreme,PVC Collar 150mm - Supreme,Plumbing PVC Pipes & Fittings,Pipe & Fitting,PVC Collar 150mm - Supreme,NOS,46.75,46.75,46.75,18,Bengaluru,Karnataka,admin_manual,TRUE
MAT-002018,MAT-002018,MAT-002018,PVC Collar 150mm Tru - Pipes,PVC Collar 150mm Tru - Pipes,Plumbing PVC Pipes & Fittings,Pipe,PVC Collar 150mm Tru - Pipes,NOS,46.75,46.75,46.75,18,Bengaluru,Karnataka,admin_manual,TRUE
MAT-001893,MAT-001893,MAT-001893,PVC Collar 200mm - Finolex,PVC Collar 200mm - Finolex,Plumbing PVC Pipes & Fittings,Pipe & Fitting,PVC Collar 200mm - Finolex,NOS,60.5,60.5,60.5,18,Bengaluru,Karnataka,admin_manual,TRUE
MAT-001965,MAT-001965,MAT-001965,PVC Collar 200mm - Hindware,PVC Collar 200mm - Hindware,Plumbing PVC Pipes & Fittings,Pipe & Fitting,PVC Collar 200mm - Hindware,NOS,60.5,60.5,60.5,18,Bengaluru,Karnataka,admin_manual,TRUE
MAT-002072,MAT-002072,MAT-002072,PVC Collar 200mm - Supreme,PVC Collar 200mm - Supreme,Plumbing PVC Pipes & Fittings,Pipe & Fitting,PVC Collar 200mm - Supreme,NOS,60.5,60.5,60.5,18,Bengaluru,Karnataka,admin_manual,TRUE
MAT-002019,MAT-002019,MAT-002019,PVC Collar 200mm Tru - Pipes,PVC Collar 200mm Tru - Pipes,Plumbing PVC Pipes & Fittings,Pipe,PVC Collar 200mm Tru - Pipes,NOS,60.5,60.5,60.5,18,Bengaluru,Karnataka,admin_manual,TRUE
MAT-001894,MAT-001894,MAT-001894,PVC Collar 250mm - Finolex,PVC Collar 250mm - Finolex,Plumbing PVC Pipes & Fittings,Pipe & Fitting,PVC Collar 250mm - Finolex,NOS,77,77,77,18,Bengaluru,Karnataka,admin_manual,TRUE
MAT-001966,MAT-001966,MAT-001966,PVC Collar 250mm - Hindware,PVC Collar 250mm - Hindware,Plumbing PVC Pipes & Fittings,Pipe & Fitting,PVC Collar 250mm - Hindware,NOS,77,77,77,18,Bengaluru,Karnataka,admin_manual,TRUE
MAT-002073,MAT-002073,MAT-002073,PVC Collar 250mm - Supreme,PVC Collar 250mm - Supreme,Plumbing PVC Pipes & Fittings,Pipe & Fitting,PVC Collar 250mm - Supreme,NOS,77,77,77,18,Bengaluru,Karnataka,admin_manual,TRUE
MAT-002020,MAT-002020,MAT-002020,PVC Collar 250mm Tru - Pipes,PVC Collar 250mm Tru - Pipes,Plumbing PVC Pipes & Fittings,Pipe,PVC Collar 250mm Tru - Pipes,NOS,77,77,77,18,Bengaluru,Karnataka,admin_manual,TRUE
MAT-001912,MAT-001912,MAT-001912,PVC Collar 75mm - Finolex,PVC Collar 75mm - Finolex,Plumbing PVC Pipes & Fittings,Pipe & Fitting,PVC Collar 75mm - Finolex,NOS,22,22,22,18,Bengaluru,Karnataka,admin_manual,TRUE
MAT-001961,MAT-001961,MAT-001961,PVC Collar 75mm - Hindware,PVC Collar 75mm - Hindware,Plumbing PVC Pipes & Fittings,Pipe & Fitting,PVC Collar 75mm - Hindware,NOS,22,22,22,18,Bengaluru,Karnataka,admin_manual,TRUE
MAT-002068,MAT-002068,MAT-002068,PVC Collar 75mm - Supreme,PVC Collar 75mm - Supreme,Plumbing PVC Pipes & Fittings,Pipe & Fitting,PVC Collar 75mm - Supreme,NOS,22,22,22,18,Bengaluru,Karnataka,admin_manual,TRUE
MAT-002015,MAT-002015,MAT-002015,PVC Collar 75mm Tru - Pipes,PVC Collar 75mm Tru - Pipes,Plumbing PVC Pipes & Fittings,Pipe,PVC Collar 75mm Tru - Pipes,NOS,22,22,22,18,Bengaluru,Karnataka,admin_manual,TRUE
MAT-001801,MAT-001801,MAT-001801,"PVC Connector 1"" - Astral","PVC Connector 1"" - Astral",Plumbing PVC Pipes & Fittings,Pipe & Fitting,"PVC Connector 1"" - Astral",NOS,8.8,8.8,8.8,18,Bengaluru,Karnataka,admin_manual,TRUE
MAT-001802,MAT-001802,MAT-001802,"PVC Connector 1.5"" - Astral","PVC Connector 1.5"" - Astral",Plumbing PVC Pipes & Fittings,Pipe & Fitting,"PVC Connector 1.5"" - Astral",NOS,11,11,11,18,Bengaluru,Karnataka,admin_manual,TRUE
MAT-001803,MAT-001803,MAT-001803,"PVC Connector 2"" - Astral","PVC Connector 2"" - Astral",Plumbing PVC Pipes & Fittings,Pipe & Fitting,"PVC Connector 2"" - Astral",NOS,13.2,13.2,13.2,18,Bengaluru,Karnataka,admin_manual,TRUE
MAT-001804,MAT-001804,MAT-001804,"PVC Connector 2.5"" - Astral","PVC Connector 2.5"" - Astral",Plumbing PVC Pipes & Fittings,Pipe & Fitting,"PVC Connector 2.5"" - Astral",NOS,15.4,15.4,15.4,18,Bengaluru,Karnataka,admin_manual,TRUE
MAT-001805,MAT-001805,MAT-001805,"PVC Connector 3"" - Astral","PVC Connector 3"" - Astral",Plumbing PVC Pipes & Fittings,Pipe & Fitting,"PVC Connector 3"" - Astral",NOS,17.6,17.6,17.6,18,Bengaluru,Karnataka,admin_manual,TRUE
MAT-001806,MAT-001806,MAT-001806,"PVC Connector 4"" - Astral","PVC Connector 4"" - Astral",Plumbing PVC Pipes & Fittings,Pipe & Fitting,"PVC Connector 4"" - Astral",NOS,19.8,19.8,19.8,18,Bengaluru,Karnataka,admin_manual,TRUE
MAT-001856,MAT-001856,MAT-001856,"PVC Coupler 1"" - Finolex","PVC Coupler 1"" - Finolex",Plumbing PVC Pipes & Fittings,Coupler,"PVC Coupler 1"" - Finolex",NOS,6.6,6.6,6.6,18,Bengaluru,Karnataka,admin_manual,TRUE
MAT-001934,MAT-001934,MAT-001934,"PVC Coupler 1"" - Hindware","PVC Coupler 1"" - Hindware",Plumbing PVC Pipes & Fittings,Coupler,"PVC Coupler 1"" - Hindware",NOS,6.6,6.6,6.6,18,Bengaluru,Karnataka,admin_manual,TRUE
MAT-002041,MAT-002041,MAT-002041,"PVC Coupler 1"" - Supreme","PVC Coupler 1"" - Supreme",Plumbing PVC Pipes & Fittings,Coupler,"PVC Coupler 1"" - Supreme",NOS,6.6,6.6,6.6,18,Bengaluru,Karnataka,admin_manual,TRUE
MAT-001988,MAT-001988,MAT-001988,"PVC Coupler 1"" Tru - Pipes","PVC Coupler 1"" Tru - Pipes",Plumbing PVC Pipes & Fittings,Coupler,"PVC Coupler 1"" Tru - Pipes",NOS,6.6,6.6,6.6,18,Bengaluru,Karnataka,admin_manual,TRUE
MAT-001908,MAT-001908,MAT-001908,"PVC Coupler 1/2"" - Finolex","PVC Coupler 1/2"" - Finolex",Plumbing PVC Pipes & Fittings,Coupler,"PVC Coupler 1/2"" - Finolex",NOS,4.4,4.4,4.4,18,Bengaluru,Karnataka,admin_manual,TRUE
MAT-001932,MAT-001932,MAT-001932,"PVC Coupler 1/2"" - Hindware","PVC Coupler 1/2"" - Hindware",Plumbing PVC Pipes & Fittings,Coupler,"PVC Coupler 1/2"" - Hindware",NOS,4.4,4.4,4.4,18,Bengaluru,Karnataka,admin_manual,TRUE
MAT-002039,MAT-002039,MAT-002039,"PVC Coupler 1/2"" - Supreme","PVC Coupler 1/2"" - Supreme",Plumbing PVC Pipes & Fittings,Coupler,"PVC Coupler 1/2"" - Supreme",NOS,4.4,4.4,4.4,18,Bengaluru,Karnataka,admin_manual,TRUE
MAT-001986,MAT-001986,MAT-001986,"PVC Coupler 1/2"" Tru - Pipes","PVC Coupler 1/2"" Tru - Pipes",Plumbing PVC Pipes & Fittings,Coupler,"PVC Coupler 1/2"" Tru - Pipes",NOS,4.4,4.4,4.4,18,Bengaluru,Karnataka,admin_manual,TRUE
MAT-001915,MAT-001915,MAT-001915,"PVC Coupler 3/4"" - Finolex","PVC Coupler 3/4"" - Finolex",Plumbing PVC Pipes & Fittings,Coupler,"PVC Coupler 3/4"" - Finolex",NOS,5.5,5.5,5.5,18,Bengaluru,Karnataka,admin_manual,TRUE
MAT-001933,MAT-001933,MAT-001933,"PVC Coupler 3/4"" - Hindware","PVC Coupler 3/4"" - Hindware",Plumbing PVC Pipes & Fittings,Coupler,"PVC Coupler 3/4"" - Hindware",NOS,5.5,5.5,5.5,18,Bengaluru,Karnataka,admin_manual,TRUE
MAT-002040,MAT-002040,MAT-002040,"PVC Coupler 3/4"" - Supreme","PVC Coupler 3/4"" - Supreme",Plumbing PVC Pipes & Fittings,Coupler,"PVC Coupler 3/4"" - Supreme",NOS,5.5,5.5,5.5,18,Bengaluru,Karnataka,admin_manual,TRUE
MAT-001987,MAT-001987,MAT-001987,"PVC Coupler 3/4"" Tru - Pipes","PVC Coupler 3/4"" Tru - Pipes",Plumbing PVC Pipes & Fittings,Coupler,"PVC Coupler 3/4"" Tru - Pipes",NOS,5.5,5.5,5.5,18,Bengaluru,Karnataka,admin_manual,TRUE
MAT-001843,MAT-001843,MAT-001843,"PVC Elbow 1"" - Astral","PVC Elbow 1"" - Astral",Plumbing PVC Pipes & Fittings,Elbow,"PVC Elbow 1"" - Astral",NOS,9.9,9.9,9.9,18,Bengaluru,Karnataka,admin_manual,TRUE
MAT-001855,MAT-001855,MAT-001855,"PVC Elbow 1"" - Finolex","PVC Elbow 1"" - Finolex",Plumbing PVC Pipes & Fittings,Elbow,"PVC Elbow 1"" - Finolex",NOS,8.8,8.8,8.8,18,Bengaluru,Karnataka,admin_manual,TRUE
MAT-001928,MAT-001928,MAT-001928,"PVC Elbow 1"" - Hindware","PVC Elbow 1"" - Hindware",Plumbing PVC Pipes & Fittings,Elbow,"PVC Elbow 1"" - Hindware",NOS,8.8,8.8,8.8,18,Bengaluru,Karnataka,admin_manual,TRUE
MAT-002035,MAT-002035,MAT-002035,"PVC Elbow 1"" - Supreme","PVC Elbow 1"" - Supreme",Plumbing PVC Pipes & Fittings,Elbow,"PVC Elbow 1"" - Supreme",NOS,8.8,8.8,8.8,18,Bengaluru,Karnataka,admin_manual,TRUE
MAT-001982,MAT-001982,MAT-001982,"PVC Elbow 1"" Tru - Pipes","PVC Elbow 1"" Tru - Pipes",Plumbing PVC Pipes & Fittings,Elbow,"PVC Elbow 1"" Tru - Pipes",NOS,8.8,8.8,8.8,18,Bengaluru,Karnataka,admin_manual,TRUE
MAT-001847,MAT-001847,MAT-001847,"PVC Elbow 1.5"" - Astral","PVC Elbow 1.5"" - Astral",Plumbing PVC Pipes & Fittings,Elbow,"PVC Elbow 1.5"" - Astral",NOS,13.2,13.2,13.2,18,Bengaluru,Karnataka,admin_manual,TRUE
MAT-001907,MAT-001907,MAT-001907,"PVC Elbow 1/2"" - Finolex","PVC Elbow 1/2"" - Finolex",Plumbing PVC Pipes & Fittings,Elbow,"PVC Elbow 1/2"" - Finolex",NOS,5.5,5.5,5.5,18,Bengaluru,Karnataka,admin_manual,TRUE
MAT-001926,MAT-001926,MAT-001926,"PVC Elbow 1/2"" - Hindware","PVC Elbow 1/2"" - Hindware",Plumbing PVC Pipes & Fittings,Elbow,"PVC Elbow 1/2"" - Hindware",NOS,5.5,5.5,5.5,18,Bengaluru,Karnataka,admin_manual,TRUE
MAT-002033,MAT-002033,MAT-002033,"PVC Elbow 1/2"" - Supreme","PVC Elbow 1/2"" - Supreme",Plumbing PVC Pipes & Fittings,Elbow,"PVC Elbow 1/2"" - Supreme",NOS,5.5,5.5,5.5,18,Bengaluru,Karnataka,admin_manual,TRUE
MAT-001980,MAT-001980,MAT-001980,"PVC Elbow 1/2"" Tru - Pipes","PVC Elbow 1/2"" Tru - Pipes",Plumbing PVC Pipes & Fittings,Elbow,"PVC Elbow 1/2"" Tru - Pipes",NOS,5.5,5.5,5.5,18,Bengaluru,Karnataka,admin_manual,TRUE
MAT-001780,MAT-001780,MAT-001780,"PVC Elbow 2"" - Astral","PVC Elbow 2"" - Astral",Plumbing PVC Pipes & Fittings,Elbow,"PVC Elbow 2"" - Astral",NOS,16.5,16.5,16.5,18,Bengaluru,Karnataka,admin_manual,TRUE
MAT-001851,MAT-001851,MAT-001851,"PVC Elbow 2.5"" - Astral","PVC Elbow 2.5"" - Astral",Plumbing PVC Pipes & Fittings,Elbow,"PVC Elbow 2.5"" - Astral",NOS,19.8,19.8,19.8,18,Bengaluru,Karnataka,admin_manual,TRUE
MAT-001790,MAT-001790,MAT-001790,"PVC Elbow 3"" - Astral","PVC Elbow 3"" - Astral",Plumbing PVC Pipes & Fittings,Elbow,"PVC Elbow 3"" - Astral",NOS,23.1,23.1,23.1,18,Bengaluru,Karnataka,admin_manual,TRUE
MAT-001914,MAT-001914,MAT-001914,"PVC Elbow 3/4"" - Finolex","PVC Elbow 3/4"" - Finolex",Plumbing PVC Pipes & Fittings,Elbow,"PVC Elbow 3/4"" - Finolex",NOS,6.6,6.6,6.6,18,Bengaluru,Karnataka,admin_manual,TRUE
MAT-001927,MAT-001927,MAT-001927,"PVC Elbow 3/4"" - Hindware","PVC Elbow 3/4"" - Hindware",Plumbing PVC Pipes & Fittings,Elbow,"PVC Elbow 3/4"" - Hindware",NOS,6.6,6.6,6.6,18,Bengaluru,Karnataka,admin_manual,TRUE
MAT-002034,MAT-002034,MAT-002034,"PVC Elbow 3/4"" - Supreme","PVC Elbow 3/4"" - Supreme",Plumbing PVC Pipes & Fittings,Elbow,"PVC Elbow 3/4"" - Supreme",NOS,6.6,6.6,6.6,18,Bengaluru,Karnataka,admin_manual,TRUE
MAT-001981,MAT-001981,MAT-001981,"PVC Elbow 3/4"" Tru - Pipes","PVC Elbow 3/4"" Tru - Pipes",Plumbing PVC Pipes & Fittings,Elbow,"PVC Elbow 3/4"" Tru - Pipes",NOS,6.6,6.6,6.6,18,Bengaluru,Karnataka,admin_manual,TRUE
MAT-001791,MAT-001791,MAT-001791,"PVC Elbow 4"" - Astral","PVC Elbow 4"" - Astral",Plumbing PVC Pipes & Fittings,Elbow,"PVC Elbow 4"" - Astral",NOS,27.5,27.5,27.5,18,Bengaluru,Karnataka,admin_manual,TRUE
MAT-001813,MAT-001813,MAT-001813,"PVC End Cap 1"" - Astral","PVC End Cap 1"" - Astral",Plumbing PVC Pipes & Fittings,End Cap,"PVC End Cap 1"" - Astral",NOS,7.7,7.7,7.7,18,Bengaluru,Karnataka,admin_manual,TRUE
MAT-001814,MAT-001814,MAT-001814,"PVC End Cap 1.5"" - Astral","PVC End Cap 1.5"" - Astral",Plumbing PVC Pipes & Fittings,End Cap,"PVC End Cap 1.5"" - Astral",NOS,9.9,9.9,9.9,18,Bengaluru,Karnataka,admin_manual,TRUE
MAT-001880,MAT-001880,MAT-001880,"PVC End Cap 1/2"" - Finolex","PVC End Cap 1/2"" - Finolex",Plumbing PVC Pipes & Fittings,End Cap,"PVC End Cap 1/2"" - Finolex",NOS,3.3,3.3,3.3,18,Bengaluru,Karnataka,admin_manual,TRUE
MAT-001936,MAT-001936,MAT-001936,"PVC End Cap 1/2"" - Hindware","PVC End Cap 1/2"" - Hindware",Plumbing PVC Pipes & Fittings,End Cap,"PVC End Cap 1/2"" - Hindware",NOS,3.3,3.3,3.3,18,Bengaluru,Karnataka,admin_manual,TRUE
MAT-002043,MAT-002043,MAT-002043,"PVC End Cap 1/2"" - Supreme","PVC End Cap 1/2"" - Supreme",Plumbing PVC Pipes & Fittings,End Cap,"PVC End Cap 1/2"" - Supreme",NOS,3.3,3.3,3.3,18,Bengaluru,Karnataka,admin_manual,TRUE
MAT-001990,MAT-001990,MAT-001990,"PVC End Cap 1/2"" Tru - Pipes","PVC End Cap 1/2"" Tru - Pipes",Plumbing PVC Pipes & Fittings,Pipe,"PVC End Cap 1/2"" Tru - Pipes",NOS,3.3,3.3,3.3,18,Bengaluru,Karnataka,admin_manual,TRUE
MAT-001902,MAT-001902,MAT-001902,PVC End Cap 100mm - Finolex,PVC End Cap 100mm - Finolex,Plumbing PVC Pipes & Fittings,End Cap,PVC End Cap 100mm - Finolex,NOS,24.75,24.75,24.75,18,Bengaluru,Karnataka,admin_manual,TRUE
MAT-001974,MAT-001974,MAT-001974,PVC End Cap 100mm - Hindware,PVC End Cap 100mm - Hindware,Plumbing PVC Pipes & Fittings,End Cap,PVC End Cap 100mm - Hindware,NOS,24.75,24.75,24.75,18,Bengaluru,Karnataka,admin_manual,TRUE
MAT-002081,MAT-002081,MAT-002081,PVC End Cap 100mm - Supreme,PVC End Cap 100mm - Supreme,Plumbing PVC Pipes & Fittings,End Cap,PVC End Cap 100mm - Supreme,NOS,24.75,24.75,24.75,18,Bengaluru,Karnataka,admin_manual,TRUE
MAT-002028,MAT-002028,MAT-002028,PVC End Cap 100mm Tru - Pipes,PVC End Cap 100mm Tru - Pipes,Plumbing PVC Pipes & Fittings,Pipe,PVC End Cap 100mm Tru - Pipes,NOS,24.75,24.75,24.75,18,Bengaluru,Karnataka,admin_manual,TRUE
MAT-001903,MAT-001903,MAT-001903,PVC End Cap 125mm - Finolex,PVC End Cap 125mm - Finolex,Plumbing PVC Pipes & Fittings,End Cap,PVC End Cap 125mm - Finolex,NOS,30.25,30.25,30.25,18,Bengaluru,Karnataka,admin_manual,TRUE
MAT-001975,MAT-001975,MAT-001975,PVC End Cap 125mm - Hindware,PVC End Cap 125mm - Hindware,Plumbing PVC Pipes & Fittings,End Cap,PVC End Cap 125mm - Hindware,NOS,30.25,30.25,30.25,18,Bengaluru,Karnataka,admin_manual,TRUE
MAT-002082,MAT-002082,MAT-002082,PVC End Cap 125mm - Supreme,PVC End Cap 125mm - Supreme,Plumbing PVC Pipes & Fittings,End Cap,PVC End Cap 125mm - Supreme,NOS,30.25,30.25,30.25,18,Bengaluru,Karnataka,admin_manual,TRUE
MAT-002029,MAT-002029,MAT-002029,PVC End Cap 125mm Tru - Pipes,PVC End Cap 125mm Tru - Pipes,Plumbing PVC Pipes & Fittings,Pipe,PVC End Cap 125mm Tru - Pipes,NOS,30.25,30.25,30.25,18,Bengaluru,Karnataka,admin_manual,TRUE
MAT-001904,MAT-001904,MAT-001904,PVC End Cap 150mm - Finolex,PVC End Cap 150mm - Finolex,Plumbing PVC Pipes & Fittings,End Cap,PVC End Cap 150mm - Finolex,NOS,35.75,35.75,35.75,18,Bengaluru,Karnataka,admin_manual,TRUE
MAT-001976,MAT-001976,MAT-001976,PVC End Cap 150mm - Hindware,PVC End Cap 150mm - Hindware,Plumbing PVC Pipes & Fittings,End Cap,PVC End Cap 150mm - Hindware,NOS,35.75,35.75,35.75,18,Bengaluru,Karnataka,admin_manual,TRUE
MAT-002083,MAT-002083,MAT-002083,PVC End Cap 150mm - Supreme,PVC End Cap 150mm - Supreme,Plumbing PVC Pipes & Fittings,End Cap,PVC End Cap 150mm - Supreme,NOS,35.75,35.75,35.75,18,Bengaluru,Karnataka,admin_manual,TRUE
MAT-002030,MAT-002030,MAT-002030,PVC End Cap 150mm Tru - Pipes,PVC End Cap 150mm Tru - Pipes,Plumbing PVC Pipes & Fittings,Pipe,PVC End Cap 150mm Tru - Pipes,NOS,35.75,35.75,35.75,18,Bengaluru,Karnataka,admin_manual,TRUE
MAT-001815,MAT-001815,MAT-001815,"PVC End Cap 2"" - Astral","PVC End Cap 2"" - Astral",Plumbing PVC Pipes & Fittings,End Cap,"PVC End Cap 2"" - Astral",NOS,12.1,12.1,12.1,18,Bengaluru,Karnataka,admin_manual,TRUE
MAT-001905,MAT-001905,MAT-001905,PVC End Cap 200mm - Finolex,PVC End Cap 200mm - Finolex,Plumbing PVC Pipes & Fittings,End Cap,PVC End Cap 200mm - Finolex,NOS,46.75,46.75,46.75,18,Bengaluru,Karnataka,admin_manual,TRUE
MAT-001977,MAT-001977,MAT-001977,PVC End Cap 200mm - Hindware,PVC End Cap 200mm - Hindware,Plumbing PVC Pipes & Fittings,End Cap,PVC End Cap 200mm - Hindware,NOS,46.75,46.75,46.75,18,Bengaluru,Karnataka,admin_manual,TRUE
MAT-002084,MAT-002084,MAT-002084,PVC End Cap 200mm - Supreme,PVC End Cap 200mm - Supreme,Plumbing PVC Pipes & Fittings,End Cap,PVC End Cap 200mm - Supreme,NOS,46.75,46.75,46.75,18,Bengaluru,Karnataka,admin_manual,TRUE
MAT-002031,MAT-002031,MAT-002031,PVC End Cap 200mm Tru - Pipes,PVC End Cap 200mm Tru - Pipes,Plumbing PVC Pipes & Fittings,Pipe,PVC End Cap 200mm Tru - Pipes,NOS,46.75,46.75,46.75,18,Bengaluru,Karnataka,admin_manual,TRUE
MAT-001906,MAT-001906,MAT-001906,PVC End Cap 250mm - Finolex,PVC End Cap 250mm - Finolex,Plumbing PVC Pipes & Fittings,End Cap,PVC End Cap 250mm - Finolex,NOS,60.5,60.5,60.5,18,Bengaluru,Karnataka,admin_manual,TRUE
MAT-001978,MAT-001978,MAT-001978,PVC End Cap 250mm - Hindware,PVC End Cap 250mm - Hindware,Plumbing PVC Pipes & Fittings,End Cap,PVC End Cap 250mm - Hindware,NOS,60.5,60.5,60.5,18,Bengaluru,Karnataka,admin_manual,TRUE
MAT-002085,MAT-002085,MAT-002085,PVC End Cap 250mm - Supreme,PVC End Cap 250mm - Supreme,Plumbing PVC Pipes & Fittings,End Cap,PVC End Cap 250mm - Supreme,NOS,60.5,60.5,60.5,18,Bengaluru,Karnataka,admin_manual,TRUE
MAT-002032,MAT-002032,MAT-002032,PVC End Cap 250mm Tru - Pipes,PVC End Cap 250mm Tru - Pipes,Plumbing PVC Pipes & Fittings,Pipe,PVC End Cap 250mm Tru - Pipes,NOS,60.5,60.5,60.5,18,Bengaluru,Karnataka,admin_manual,TRUE
MAT-001901,MAT-001901,MAT-001901,PVC End Cap 75mm - Finolex,PVC End Cap 75mm - Finolex,Plumbing PVC Pipes & Fittings,End Cap,PVC End Cap 75mm - Finolex,NOS,19.25,19.25,19.25,18,Bengaluru,Karnataka,admin_manual,TRUE
MAT-001973,MAT-001973,MAT-001973,PVC End Cap 75mm - Hindware,PVC End Cap 75mm - Hindware,Plumbing PVC Pipes & Fittings,End Cap,PVC End Cap 75mm - Hindware,NOS,19.25,19.25,19.25,18,Bengaluru,Karnataka,admin_manual,TRUE
MAT-002080,MAT-002080,MAT-002080,PVC End Cap 75mm - Supreme,PVC End Cap 75mm - Supreme,Plumbing PVC Pipes & Fittings,End Cap,PVC End Cap 75mm - Supreme,NOS,19.25,19.25,19.25,18,Bengaluru,Karnataka,admin_manual,TRUE
MAT-002027,MAT-002027,MAT-002027,PVC End Cap 75mm Tru - Pipes,PVC End Cap 75mm Tru - Pipes,Plumbing PVC Pipes & Fittings,Pipe,PVC End Cap 75mm Tru - Pipes,NOS,19.25,19.25,19.25,18,Bengaluru,Karnataka,admin_manual,TRUE
MAT-001887,MAT-001887,MAT-001887,"PVC Female Adapter 1"" - Finolex","PVC Female Adapter 1"" - Finolex",Plumbing PVC Pipes & Fittings,Pipe & Fitting,"PVC Female Adapter 1"" - Finolex",NOS,26.4,26.4,26.4,18,Bengaluru,Karnataka,admin_manual,TRUE
MAT-001951,MAT-001951,MAT-001951,"PVC Female Adapter 1"" - Hindware","PVC Female Adapter 1"" - Hindware",Plumbing PVC Pipes & Fittings,Pipe & Fitting,"PVC Female Adapter 1"" - Hindware",NOS,26.4,26.4,26.4,18,Bengaluru,Karnataka,admin_manual,TRUE
MAT-002058,MAT-002058,MAT-002058,"PVC Female Adapter 1"" - Supreme","PVC Female Adapter 1"" - Supreme",Plumbing PVC Pipes & Fittings,Pipe & Fitting,"PVC Female Adapter 1"" - Supreme",NOS,26.4,26.4,26.4,18,Bengaluru,Karnataka,admin_manual,TRUE
MAT-002005,MAT-002005,MAT-002005,"PVC Female Adapter 1"" Tru - Pipes","PVC Female Adapter 1"" Tru - Pipes",Plumbing PVC Pipes & Fittings,Pipe,"PVC Female Adapter 1"" Tru - Pipes",NOS,26.4,26.4,26.4,18,Bengaluru,Karnataka,admin_manual,TRUE
MAT-001923,MAT-001923,MAT-001923,"PVC Female Adapter 1/2"" - Finolex","PVC Female Adapter 1/2"" - Finolex",Plumbing PVC Pipes & Fittings,Pipe & Fitting,"PVC Female Adapter 1/2"" - Finolex",NOS,16.5,16.5,16.5,18,Bengaluru,Karnataka,admin_manual,TRUE
MAT-001949,MAT-001949,MAT-001949,"PVC Female Adapter 1/2"" - Hindware","PVC Female Adapter 1/2"" - Hindware",Plumbing PVC Pipes & Fittings,Pipe & Fitting,"PVC Female Adapter 1/2"" - Hindware",NOS,16.5,16.5,16.5,18,Bengaluru,Karnataka,admin_manual,TRUE
MAT-002056,MAT-002056,MAT-002056,"PVC Female Adapter 1/2"" - Supreme","PVC Female Adapter 1/2"" - Supreme",Plumbing PVC Pipes & Fittings,Pipe & Fitting,"PVC Female Adapter 1/2"" - Supreme",NOS,16.5,16.5,16.5,18,Bengaluru,Karnataka,admin_manual,TRUE
MAT-002003,MAT-002003,MAT-002003,"PVC Female Adapter 1/2"" Tru - Pipes","PVC Female Adapter 1/2"" Tru - Pipes",Plumbing PVC Pipes & Fittings,Pipe,"PVC Female Adapter 1/2"" Tru - Pipes",NOS,16.5,16.5,16.5,18,Bengaluru,Karnataka,admin_manual,TRUE
MAT-001886,MAT-001886,MAT-001886,"PVC Female Adapter 3/4"" - Finolex","PVC Female Adapter 3/4"" - Finolex",Plumbing PVC Pipes & Fittings,Pipe & Fitting,"PVC Female Adapter 3/4"" - Finolex",NOS,20.9,20.9,20.9,18,Bengaluru,Karnataka,admin_manual,TRUE
MAT-001950,MAT-001950,MAT-001950,"PVC Female Adapter 3/4"" - Hindware","PVC Female Adapter 3/4"" - Hindware",Plumbing PVC Pipes & Fittings,Pipe & Fitting,"PVC Female Adapter 3/4"" - Hindware",NOS,20.9,20.9,20.9,18,Bengaluru,Karnataka,admin_manual,TRUE
MAT-002057,MAT-002057,MAT-002057,"PVC Female Adapter 3/4"" - Supreme","PVC Female Adapter 3/4"" - Supreme",Plumbing PVC Pipes & Fittings,Pipe & Fitting,"PVC Female Adapter 3/4"" - Supreme",NOS,20.9,20.9,20.9,18,Bengaluru,Karnataka,admin_manual,TRUE
MAT-002004,MAT-002004,MAT-002004,"PVC Female Adapter 3/4"" Tru - Pipes","PVC Female Adapter 3/4"" Tru - Pipes",Plumbing PVC Pipes & Fittings,Pipe,"PVC Female Adapter 3/4"" Tru - Pipes",NOS,20.9,20.9,20.9,18,Bengaluru,Karnataka,admin_manual,TRUE
MAT-001810,MAT-001810,MAT-001810,"PVC Female Adaptor 1"" - Astral","PVC Female Adaptor 1"" - Astral",Plumbing PVC Pipes & Fittings,Adaptor,"PVC Female Adaptor 1"" - Astral",NOS,11,11,11,18,Bengaluru,Karnataka,admin_manual,TRUE
MAT-001811,MAT-001811,MAT-001811,"PVC Female Adaptor 1.5"" - Astral","PVC Female Adaptor 1.5"" - Astral",Plumbing PVC Pipes & Fittings,Adaptor,"PVC Female Adaptor 1.5"" - Astral",NOS,13.2,13.2,13.2,18,Bengaluru,Karnataka,admin_manual,TRUE
MAT-001812,MAT-001812,MAT-001812,"PVC Female Adaptor 2"" - Astral","PVC Female Adaptor 2"" - Astral",Plumbing PVC Pipes & Fittings,Adaptor,"PVC Female Adaptor 2"" - Astral",NOS,15.4,15.4,15.4,18,Bengaluru,Karnataka,admin_manual,TRUE
MAT-001826,MAT-001826,MAT-001826,"PVC Floor Trap 4"" - Astral","PVC Floor Trap 4"" - Astral",Plumbing PVC Pipes & Fittings,Pipe & Fitting,"PVC Floor Trap 4"" - Astral",NOS,71.5,71.5,71.5,18,Bengaluru,Karnataka,admin_manual,TRUE
MAT-001836,MAT-001836,MAT-001836,"PVC Floor Trap with Thread 4"" - Astral","PVC Floor Trap with Thread 4"" - Astral",Plumbing PVC Pipes & Fittings,Pipe & Fitting,"PVC Floor Trap with Thread 4"" - Astral",NOS,82.5,82.5,82.5,18,Bengaluru,Karnataka,admin_manual,TRUE
MAT-001837,MAT-001837,MAT-001837,"PVC Floor Trap with Thread 6"" - Astral","PVC Floor Trap with Thread 6"" - Astral",Plumbing PVC Pipes & Fittings,Pipe & Fitting,"PVC Floor Trap with Thread 6"" - Astral",NOS,96.25,96.25,96.25,18,Bengaluru,Karnataka,admin_manual,TRUE
MAT-001830,MAT-001830,MAT-001830,"PVC Inspection Port 2"" - Astral","PVC Inspection Port 2"" - Astral",Plumbing PVC Pipes & Fittings,Pipe & Fitting,"PVC Inspection Port 2"" - Astral",NOS,20.9,20.9,20.9,18,Bengaluru,Karnataka,admin_manual,TRUE
MAT-001831,MAT-001831,MAT-001831,"PVC Inspection Port 3"" - Astral","PVC Inspection Port 3"" - Astral",Plumbing PVC Pipes & Fittings,Pipe & Fitting,"PVC Inspection Port 3"" - Astral",NOS,24.75,24.75,24.75,18,Bengaluru,Karnataka,admin_manual,TRUE
MAT-001832,MAT-001832,MAT-001832,"PVC Inspection Port 4"" - Astral","PVC Inspection Port 4"" - Astral",Plumbing PVC Pipes & Fittings,Pipe & Fitting,"PVC Inspection Port 4"" - Astral",NOS,28.6,28.6,28.6,18,Bengaluru,Karnataka,admin_manual,TRUE
MAT-001840,MAT-001840,MAT-001840,"PVC Inspection Port with Thread 2"" - Astral","PVC Inspection Port with Thread 2"" - Astral",Plumbing PVC Pipes & Fittings,Pipe & Fitting,"PVC Inspection Port with Thread 2"" - Astral",NOS,23.1,23.1,23.1,18,Bengaluru,Karnataka,admin_manual,TRUE
MAT-001841,MAT-001841,MAT-001841,"PVC Inspection Port with Thread 3"" - Astral","PVC Inspection Port with Thread 3"" - Astral",Plumbing PVC Pipes & Fittings,Pipe & Fitting,"PVC Inspection Port with Thread 3"" - Astral",NOS,26.4,26.4,26.4,18,Bengaluru,Karnataka,admin_manual,TRUE
MAT-001842,MAT-001842,MAT-001842,"PVC Inspection Port with Thread 4"" - Astral","PVC Inspection Port with Thread 4"" - Astral",Plumbing PVC Pipes & Fittings,Pipe & Fitting,"PVC Inspection Port with Thread 4"" - Astral",NOS,29.7,29.7,29.7,18,Bengaluru,Karnataka,admin_manual,TRUE
MAT-001869,MAT-001869,MAT-001869,PVC L-Bow 100mm - Finolex,PVC L-Bow 100mm - Finolex,Plumbing PVC Pipes & Fittings,Pipe & Fitting,PVC L-Bow 100mm - Finolex,NOS,41.25,41.25,41.25,18,Bengaluru,Karnataka,admin_manual,TRUE
MAT-001870,MAT-001870,MAT-001870,PVC L-Bow 150mm - Finolex,PVC L-Bow 150mm - Finolex,Plumbing PVC Pipes & Fittings,Pipe & Fitting,PVC L-Bow 150mm - Finolex,NOS,55,55,55,18,Bengaluru,Karnataka,admin_manual,TRUE
MAT-001871,MAT-001871,MAT-001871,PVC L-Bow 200mm - Finolex,PVC L-Bow 200mm - Finolex,Plumbing PVC Pipes & Fittings,Pipe & Fitting,PVC L-Bow 200mm - Finolex,NOS,74.25,74.25,74.25,18,Bengaluru,Karnataka,admin_manual,TRUE
MAT-001872,MAT-001872,MAT-001872,PVC L-Bow 250mm - Finolex,PVC L-Bow 250mm - Finolex,Plumbing PVC Pipes & Fittings,Pipe & Fitting,PVC L-Bow 250mm - Finolex,NOS,93.5,93.5,93.5,18,Bengaluru,Karnataka,admin_manual,TRUE
MAT-001868,MAT-001868,MAT-001868,PVC L-Bow 75mm - Finolex,PVC L-Bow 75mm - Finolex,Plumbing PVC Pipes & Fittings,Pipe & Fitting,PVC L-Bow 75mm - Finolex,NOS,30.25,30.25,30.25,18,Bengaluru,Karnataka,admin_manual,TRUE
MAT-001845,MAT-001845,MAT-001845,"PVC Long Bend 1"" - Astral","PVC Long Bend 1"" - Astral",Plumbing PVC Pipes & Fittings,Long Bend,"PVC Long Bend 1"" - Astral",NOS,12.1,12.1,12.1,18,Bengaluru,Karnataka,admin_manual,TRUE
MAT-001849,MAT-001849,MAT-001849,"PVC Long Bend 1.5"" - Astral","PVC Long Bend 1.5"" - Astral",Plumbing PVC Pipes & Fittings,Long Bend,"PVC Long Bend 1.5"" - Astral",NOS,15.4,15.4,15.4,18,Bengaluru,Karnataka,admin_manual,TRUE
MAT-001782,MAT-001782,MAT-001782,"PVC Long Bend 2"" - Astral","PVC Long Bend 2"" - Astral",Plumbing PVC Pipes & Fittings,Long Bend,"PVC Long Bend 2"" - Astral",NOS,18.7,18.7,18.7,18,Bengaluru,Karnataka,admin_manual,TRUE
MAT-001853,MAT-001853,MAT-001853,"PVC Long Bend 2.5"" - Astral","PVC Long Bend 2.5"" - Astral",Plumbing PVC Pipes & Fittings,Long Bend,"PVC Long Bend 2.5"" - Astral",NOS,22,22,22,18,Bengaluru,Karnataka,admin_manual,TRUE
MAT-001819,MAT-001819,MAT-001819,"PVC Long Bend 3"" - Astral","PVC Long Bend 3"" - Astral",Plumbing PVC Pipes & Fittings,Long Bend,"PVC Long Bend 3"" - Astral",NOS,26.4,26.4,26.4,18,Bengaluru,Karnataka,admin_manual,TRUE
MAT-001820,MAT-001820,MAT-001820,"PVC Long Bend 4"" - Astral","PVC Long Bend 4"" - Astral",Plumbing PVC Pipes & Fittings,Long Bend,"PVC Long Bend 4"" - Astral",NOS,31.9,31.9,31.9,18,Bengaluru,Karnataka,admin_manual,TRUE
MAT-001858,MAT-001858,MAT-001858,"PVC Male Adapter 1"" - Finolex","PVC Male Adapter 1"" - Finolex",Plumbing PVC Pipes & Fittings,Pipe & Fitting,"PVC Male Adapter 1"" - Finolex",NOS,24.75,24.75,24.75,18,Bengaluru,Karnataka,admin_manual,TRUE
MAT-001948,MAT-001948,MAT-001948,"PVC Male Adapter 1"" - Hindware","PVC Male Adapter 1"" - Hindware",Plumbing PVC Pipes & Fittings,Pipe & Fitting,"PVC Male Adapter 1"" - Hindware",NOS,24.75,24.75,24.75,18,Bengaluru,Karnataka,admin_manual,TRUE
MAT-002055,MAT-002055,MAT-002055,"PVC Male Adapter 1"" - Supreme","PVC Male Adapter 1"" - Supreme",Plumbing PVC Pipes & Fittings,Pipe & Fitting,"PVC Male Adapter 1"" - Supreme",NOS,24.75,24.75,24.75,18,Bengaluru,Karnataka,admin_manual,TRUE
MAT-002002,MAT-002002,MAT-002002,"PVC Male Adapter 1"" Tru - Pipes","PVC Male Adapter 1"" Tru - Pipes",Plumbing PVC Pipes & Fittings,Pipe,"PVC Male Adapter 1"" Tru - Pipes",NOS,24.75,24.75,24.75,18,Bengaluru,Karnataka,admin_manual,TRUE
MAT-001910,MAT-001910,MAT-001910,"PVC Male Adapter 1/2"" - Finolex","PVC Male Adapter 1/2"" - Finolex",Plumbing PVC Pipes & Fittings,Pipe & Fitting,"PVC Male Adapter 1/2"" - Finolex",NOS,15.4,15.4,15.4,18,Bengaluru,Karnataka,admin_manual,TRUE
MAT-001946,MAT-001946,MAT-001946,"PVC Male Adapter 1/2"" - Hindware","PVC Male Adapter 1/2"" - Hindware",Plumbing PVC Pipes & Fittings,Pipe & Fitting,"PVC Male Adapter 1/2"" - Hindware",NOS,15.4,15.4,15.4,18,Bengaluru,Karnataka,admin_manual,TRUE
MAT-002053,MAT-002053,MAT-002053,"PVC Male Adapter 1/2"" - Supreme","PVC Male Adapter 1/2"" - Supreme",Plumbing PVC Pipes & Fittings,Pipe & Fitting,"PVC Male Adapter 1/2"" - Supreme",NOS,15.4,15.4,15.4,18,Bengaluru,Karnataka,admin_manual,TRUE
MAT-002000,MAT-002000,MAT-002000,"PVC Male Adapter 1/2"" Tru - Pipes","PVC Male Adapter 1/2"" Tru - Pipes",Plumbing PVC Pipes & Fittings,Pipe,"PVC Male Adapter 1/2"" Tru - Pipes",NOS,15.4,15.4,15.4,18,Bengaluru,Karnataka,admin_manual,TRUE
MAT-001917,MAT-001917,MAT-001917,"PVC Male Adapter 3/4"" - Finolex","PVC Male Adapter 3/4"" - Finolex",Plumbing PVC Pipes & Fittings,Pipe & Fitting,"PVC Male Adapter 3/4"" - Finolex",NOS,19.25,19.25,19.25,18,Bengaluru,Karnataka,admin_manual,TRUE
MAT-001947,MAT-001947,MAT-001947,"PVC Male Adapter 3/4"" - Hindware","PVC Male Adapter 3/4"" - Hindware",Plumbing PVC Pipes & Fittings,Pipe & Fitting,"PVC Male Adapter 3/4"" - Hindware",NOS,19.25,19.25,19.25,18,Bengaluru,Karnataka,admin_manual,TRUE
MAT-002054,MAT-002054,MAT-002054,"PVC Male Adapter 3/4"" - Supreme","PVC Male Adapter 3/4"" - Supreme",Plumbing PVC Pipes & Fittings,Pipe & Fitting,"PVC Male Adapter 3/4"" - Supreme",NOS,19.25,19.25,19.25,18,Bengaluru,Karnataka,admin_manual,TRUE
MAT-002001,MAT-002001,MAT-002001,"PVC Male Adapter 3/4"" Tru - Pipes","PVC Male Adapter 3/4"" Tru - Pipes",Plumbing PVC Pipes & Fittings,Pipe,"PVC Male Adapter 3/4"" Tru - Pipes",NOS,19.25,19.25,19.25,18,Bengaluru,Karnataka,admin_manual,TRUE
MAT-001807,MAT-001807,MAT-001807,"PVC Male Adaptor 1"" - Astral","PVC Male Adaptor 1"" - Astral",Plumbing PVC Pipes & Fittings,Adaptor,"PVC Male Adaptor 1"" - Astral",NOS,9.9,9.9,9.9,18,Bengaluru,Karnataka,admin_manual,TRUE
MAT-001808,MAT-001808,MAT-001808,"PVC Male Adaptor 1.5"" - Astral","PVC Male Adaptor 1.5"" - Astral",Plumbing PVC Pipes & Fittings,Adaptor,"PVC Male Adaptor 1.5"" - Astral",NOS,12.1,12.1,12.1,18,Bengaluru,Karnataka,admin_manual,TRUE
MAT-001809,MAT-001809,MAT-001809,"PVC Male Adaptor 2"" - Astral","PVC Male Adaptor 2"" - Astral",Plumbing PVC Pipes & Fittings,Adaptor,"PVC Male Adaptor 2"" - Astral",NOS,14.3,14.3,14.3,18,Bengaluru,Karnataka,admin_manual,TRUE
MAT-001846,MAT-001846,MAT-001846,"PVC Multi Floor Trap 4"" - Astral","PVC Multi Floor Trap 4"" - Astral",Plumbing PVC Pipes & Fittings,Pipe & Fitting,"PVC Multi Floor Trap 4"" - Astral",NOS,74.25,74.25,74.25,18,Bengaluru,Karnataka,admin_manual,TRUE
MAT-001850,MAT-001850,MAT-001850,"PVC Multi Floor Trap 6"" - Astral","PVC Multi Floor Trap 6"" - Astral",Plumbing PVC Pipes & Fittings,Pipe & Fitting,"PVC Multi Floor Trap 6"" - Astral",NOS,88,88,88,18,Bengaluru,Karnataka,admin_manual,TRUE
MAT-001825,MAT-001825,MAT-001825,"PVC Nahani Trap 4"" - Astral","PVC Nahani Trap 4"" - Astral",Plumbing PVC Pipes & Fittings,Pipe & Fitting,"PVC Nahani Trap 4"" - Astral",NOS,66,66,66,18,Bengaluru,Karnataka,admin_manual,TRUE
MAT-001783,MAT-001783,MAT-001783,"PVC Nahani Trap with Jali 4"" - Astral","PVC Nahani Trap with Jali 4"" - Astral",Plumbing PVC Pipes & Fittings,Pipe & Fitting,"PVC Nahani Trap with Jali 4"" - Astral",NOS,77,77,77,18,Bengaluru,Karnataka,admin_manual,TRUE
MAT-001854,MAT-001854,MAT-001854,"PVC Nahani Trap with Jali 6"" - Astral","PVC Nahani Trap with Jali 6"" - Astral",Plumbing PVC Pipes & Fittings,Pipe & Fitting,"PVC Nahani Trap with Jali 6"" - Astral",NOS,90.75,90.75,90.75,18,Bengaluru,Karnataka,admin_manual,TRUE
MAT-001798,MAT-001798,MAT-001798,"PVC P Trap 1.5"" - Astral","PVC P Trap 1.5"" - Astral",Plumbing PVC Pipes & Fittings,Pipe & Fitting,"PVC P Trap 1.5"" - Astral",NOS,33,33,33,18,Bengaluru,Karnataka,admin_manual,TRUE
MAT-001799,MAT-001799,MAT-001799,"PVC P Trap 2"" - Astral","PVC P Trap 2"" - Astral",Plumbing PVC Pipes & Fittings,Pipe & Fitting,"PVC P Trap 2"" - Astral",NOS,41.25,41.25,41.25,18,Bengaluru,Karnataka,admin_manual,TRUE
MAT-001800,MAT-001800,MAT-001800,"PVC P Trap 3"" - Astral","PVC P Trap 3"" - Astral",Plumbing PVC Pipes & Fittings,Pipe & Fitting,"PVC P Trap 3"" - Astral",NOS,49.5,49.5,49.5,18,Bengaluru,Karnataka,admin_manual,TRUE
MAT-001821,MAT-001821,MAT-001821,"PVC P Trap with Door 1.5"" - Astral","PVC P Trap with Door 1.5"" - Astral",Plumbing PVC Pipes & Fittings,Pipe & Fitting,"PVC P Trap with Door 1.5"" - Astral",NOS,35.75,35.75,35.75,18,Bengaluru,Karnataka,admin_manual,TRUE
MAT-001822,MAT-001822,MAT-001822,"PVC P Trap with Door 2"" - Astral","PVC P Trap with Door 2"" - Astral",Plumbing PVC Pipes & Fittings,Pipe & Fitting,"PVC P Trap with Door 2"" - Astral",NOS,44,44,44,18,Bengaluru,Karnataka,admin_manual,TRUE
MAT-001823,MAT-001823,MAT-001823,"PVC P Trap with Door 3"" - Astral","PVC P Trap with Door 3"" - Astral",Plumbing PVC Pipes & Fittings,Pipe & Fitting,"PVC P Trap with Door 3"" - Astral",NOS,52.25,52.25,52.25,18,Bengaluru,Karnataka,admin_manual,TRUE
MAT-001824,MAT-001824,MAT-001824,"PVC P Trap with Door 4"" - Astral","PVC P Trap with Door 4"" - Astral",Plumbing PVC Pipes & Fittings,Pipe & Fitting,"PVC P Trap with Door 4"" - Astral",NOS,60.5,60.5,60.5,18,Bengaluru,Karnataka,admin_manual,TRUE
MAT-001784,MAT-001784,MAT-001784,"PVC Pipe 1"" - Astral","PVC Pipe 1"" - Astral",Plumbing PVC Pipes & Fittings,Pipe,"PVC Pipe 1"" - Astral",NOS,44,44,44,18,Bengaluru,Karnataka,admin_manual,TRUE
MAT-001883,MAT-001883,MAT-001883,"PVC Pipe 1"" - Finolex","PVC Pipe 1"" - Finolex",Plumbing PVC Pipes & Fittings,Pipe,"PVC Pipe 1"" - Finolex",NOS,49.5,49.5,49.5,18,Bengaluru,Karnataka,admin_manual,TRUE
MAT-001939,MAT-001939,MAT-001939,"PVC Pipe 1"" - Hindware","PVC Pipe 1"" - Hindware",Plumbing PVC Pipes & Fittings,Pipe,"PVC Pipe 1"" - Hindware",NOS,49.5,49.5,49.5,18,Bengaluru,Karnataka,admin_manual,TRUE
MAT-002046,MAT-002046,MAT-002046,"PVC Pipe 1"" - Supreme","PVC Pipe 1"" - Supreme",Plumbing PVC Pipes & Fittings,Pipe,"PVC Pipe 1"" - Supreme",NOS,49.5,49.5,49.5,18,Bengaluru,Karnataka,admin_manual,TRUE
MAT-001993,MAT-001993,MAT-001993,"PVC Pipe 1"" Tru - Pipes","PVC Pipe 1"" Tru - Pipes",Plumbing PVC Pipes & Fittings,Pipe,"PVC Pipe 1"" Tru - Pipes",NOS,49.5,49.5,49.5,18,Bengaluru,Karnataka,admin_manual,TRUE
MAT-001785,MAT-001785,MAT-001785,"PVC Pipe 1.5"" - Astral","PVC Pipe 1.5"" - Astral",Plumbing PVC Pipes & Fittings,Pipe,"PVC Pipe 1.5"" - Astral",NOS,66,66,66,18,Bengaluru,Karnataka,admin_manual,TRUE
MAT-001881,MAT-001881,MAT-001881,"PVC Pipe 1/2"" - Finolex","PVC Pipe 1/2"" - Finolex",Plumbing PVC Pipes & Fittings,Pipe,"PVC Pipe 1/2"" - Finolex",NOS,30.25,30.25,30.25,18,Bengaluru,Karnataka,admin_manual,TRUE
MAT-001937,MAT-001937,MAT-001937,"PVC Pipe 1/2"" - Hindware","PVC Pipe 1/2"" - Hindware",Plumbing PVC Pipes & Fittings,Pipe,"PVC Pipe 1/2"" - Hindware",NOS,30.25,30.25,30.25,18,Bengaluru,Karnataka,admin_manual,TRUE
MAT-002044,MAT-002044,MAT-002044,"PVC Pipe 1/2"" - Supreme","PVC Pipe 1/2"" - Supreme",Plumbing PVC Pipes & Fittings,Pipe,"PVC Pipe 1/2"" - Supreme",NOS,30.25,30.25,30.25,18,Bengaluru,Karnataka,admin_manual,TRUE
MAT-001991,MAT-001991,MAT-001991,"PVC Pipe 1/2"" Tru - Pipes","PVC Pipe 1/2"" Tru - Pipes",Plumbing PVC Pipes & Fittings,Pipe,"PVC Pipe 1/2"" Tru - Pipes",NOS,30.25,30.25,30.25,18,Bengaluru,Karnataka,admin_manual,TRUE
MAT-001918,MAT-001918,MAT-001918,PVC Pipe 100mm - Finolex,PVC Pipe 100mm - Finolex,Plumbing PVC Pipes & Fittings,Pipe,PVC Pipe 100mm - Finolex,NOS,132,132,132,18,Bengaluru,Karnataka,admin_manual,TRUE
MAT-001956,MAT-001956,MAT-001956,PVC Pipe 100mm - Hindware,PVC Pipe 100mm - Hindware,Plumbing PVC Pipes & Fittings,Pipe,PVC Pipe 100mm - Hindware,NOS,132,132,132,18,Bengaluru,Karnataka,admin_manual,TRUE
MAT-002063,MAT-002063,MAT-002063,PVC Pipe 100mm - Supreme,PVC Pipe 100mm - Supreme,Plumbing PVC Pipes & Fittings,Pipe,PVC Pipe 100mm - Supreme,NOS,132,132,132,18,Bengaluru,Karnataka,admin_manual,TRUE
MAT-002010,MAT-002010,MAT-002010,PVC Pipe 100mm Tru - Pipes,PVC Pipe 100mm Tru - Pipes,Plumbing PVC Pipes & Fittings,Pipe,PVC Pipe 100mm Tru - Pipes,NOS,132,132,132,18,Bengaluru,Karnataka,admin_manual,TRUE
MAT-001859,MAT-001859,MAT-001859,PVC Pipe 125mm - Finolex,PVC Pipe 125mm - Finolex,Plumbing PVC Pipes & Fittings,Pipe,PVC Pipe 125mm - Finolex,NOS,170.5,170.5,170.5,18,Bengaluru,Karnataka,admin_manual,TRUE
MAT-001957,MAT-001957,MAT-001957,PVC Pipe 125mm - Hindware,PVC Pipe 125mm - Hindware,Plumbing PVC Pipes & Fittings,Pipe,PVC Pipe 125mm - Hindware,NOS,170.5,170.5,170.5,18,Bengaluru,Karnataka,admin_manual,TRUE
MAT-002064,MAT-002064,MAT-002064,PVC Pipe 125mm - Supreme,PVC Pipe 125mm - Supreme,Plumbing PVC Pipes & Fittings,Pipe,PVC Pipe 125mm - Supreme,NOS,170.5,170.5,170.5,18,Bengaluru,Karnataka,admin_manual,TRUE
MAT-002011,MAT-002011,MAT-002011,PVC Pipe 125mm Tru - Pipes,PVC Pipe 125mm Tru - Pipes,Plumbing PVC Pipes & Fittings,Pipe,PVC Pipe 125mm Tru - Pipes,NOS,170.5,170.5,170.5,18,Bengaluru,Karnataka,admin_manual,TRUE
MAT-001924,MAT-001924,MAT-001924,PVC Pipe 150mm - Finolex,PVC Pipe 150mm - Finolex,Plumbing PVC Pipes & Fittings,Pipe,PVC Pipe 150mm - Finolex,NOS,214.5,214.5,214.5,18,Bengaluru,Karnataka,admin_manual,TRUE
MAT-001958,MAT-001958,MAT-001958,PVC Pipe 150mm - Hindware,PVC Pipe 150mm - Hindware,Plumbing PVC Pipes & Fittings,Pipe,PVC Pipe 150mm - Hindware,NOS,214.5,214.5,214.5,18,Bengaluru,Karnataka,admin_manual,TRUE
MAT-002065,MAT-002065,MAT-002065,PVC Pipe 150mm - Supreme,PVC Pipe 150mm - Supreme,Plumbing PVC Pipes & Fittings,Pipe,PVC Pipe 150mm - Supreme,NOS,214.5,214.5,214.5,18,Bengaluru,Karnataka,admin_manual,TRUE
MAT-002012,MAT-002012,MAT-002012,PVC Pipe 150mm Tru - Pipes,PVC Pipe 150mm Tru - Pipes,Plumbing PVC Pipes & Fittings,Pipe,PVC Pipe 150mm Tru - Pipes,NOS,214.5,214.5,214.5,18,Bengaluru,Karnataka,admin_manual,TRUE
MAT-001786,MAT-001786,MAT-001786,"PVC Pipe 2"" - Astral","PVC Pipe 2"" - Astral",Plumbing PVC Pipes & Fittings,Pipe,"PVC Pipe 2"" - Astral",NOS,82.5,82.5,82.5,18,Bengaluru,Karnataka,admin_manual,TRUE
MAT-001787,MAT-001787,MAT-001787,"PVC Pipe 2.5"" - Astral","PVC Pipe 2.5"" - Astral",Plumbing PVC Pipes & Fittings,Pipe,"PVC Pipe 2.5"" - Astral",NOS,99,99,99,18,Bengaluru,Karnataka,admin_manual,TRUE
MAT-001891,MAT-001891,MAT-001891,PVC Pipe 200mm - Finolex,PVC Pipe 200mm - Finolex,Plumbing PVC Pipes & Fittings,Pipe,PVC Pipe 200mm - Finolex,NOS,286,286,286,18,Bengaluru,Karnataka,admin_manual,TRUE
MAT-001959,MAT-001959,MAT-001959,PVC Pipe 200mm - Hindware,PVC Pipe 200mm - Hindware,Plumbing PVC Pipes & Fittings,Pipe,PVC Pipe 200mm - Hindware,NOS,286,286,286,18,Bengaluru,Karnataka,admin_manual,TRUE
MAT-002066,MAT-002066,MAT-002066,PVC Pipe 200mm - Supreme,PVC Pipe 200mm - Supreme,Plumbing PVC Pipes & Fittings,Pipe,PVC Pipe 200mm - Supreme,NOS,286,286,286,18,Bengaluru,Karnataka,admin_manual,TRUE
MAT-002013,MAT-002013,MAT-002013,PVC Pipe 200mm Tru - Pipes,PVC Pipe 200mm Tru - Pipes,Plumbing PVC Pipes & Fittings,Pipe,PVC Pipe 200mm Tru - Pipes,NOS,286,286,286,18,Bengaluru,Karnataka,admin_manual,TRUE
MAT-001892,MAT-001892,MAT-001892,PVC Pipe 250mm - Finolex,PVC Pipe 250mm - Finolex,Plumbing PVC Pipes & Fittings,Pipe,PVC Pipe 250mm - Finolex,NOS,363,363,363,18,Bengaluru,Karnataka,admin_manual,TRUE
MAT-001960,MAT-001960,MAT-001960,PVC Pipe 250mm - Hindware,PVC Pipe 250mm - Hindware,Plumbing PVC Pipes & Fittings,Pipe,PVC Pipe 250mm - Hindware,NOS,363,363,363,18,Bengaluru,Karnataka,admin_manual,TRUE
MAT-002067,MAT-002067,MAT-002067,PVC Pipe 250mm - Supreme,PVC Pipe 250mm - Supreme,Plumbing PVC Pipes & Fittings,Pipe,PVC Pipe 250mm - Supreme,NOS,363,363,363,18,Bengaluru,Karnataka,admin_manual,TRUE
MAT-002014,MAT-002014,MAT-002014,PVC Pipe 250mm Tru - Pipes,PVC Pipe 250mm Tru - Pipes,Plumbing PVC Pipes & Fittings,Pipe,PVC Pipe 250mm Tru - Pipes,NOS,363,363,363,18,Bengaluru,Karnataka,admin_manual,TRUE
MAT-001788,MAT-001788,MAT-001788,"PVC Pipe 3"" - Astral","PVC Pipe 3"" - Astral",Plumbing PVC Pipes & Fittings,Pipe,"PVC Pipe 3"" - Astral",NOS,110,110,110,18,Bengaluru,Karnataka,admin_manual,TRUE
MAT-001882,MAT-001882,MAT-001882,"PVC Pipe 3/4"" - Finolex","PVC Pipe 3/4"" - Finolex",Plumbing PVC Pipes & Fittings,Pipe,"PVC Pipe 3/4"" - Finolex",NOS,38.5,38.5,38.5,18,Bengaluru,Karnataka,admin_manual,TRUE
MAT-001938,MAT-001938,MAT-001938,"PVC Pipe 3/4"" - Hindware","PVC Pipe 3/4"" - Hindware",Plumbing PVC Pipes & Fittings,Pipe,"PVC Pipe 3/4"" - Hindware",NOS,38.5,38.5,38.5,18,Bengaluru,Karnataka,admin_manual,TRUE
MAT-002045,MAT-002045,MAT-002045,"PVC Pipe 3/4"" - Supreme","PVC Pipe 3/4"" - Supreme",Plumbing PVC Pipes & Fittings,Pipe,"PVC Pipe 3/4"" - Supreme",NOS,38.5,38.5,38.5,18,Bengaluru,Karnataka,admin_manual,TRUE
MAT-001992,MAT-001992,MAT-001992,"PVC Pipe 3/4"" Tru - Pipes","PVC Pipe 3/4"" Tru - Pipes",Plumbing PVC Pipes & Fittings,Pipe,"PVC Pipe 3/4"" Tru - Pipes",NOS,38.5,38.5,38.5,18,Bengaluru,Karnataka,admin_manual,TRUE
MAT-001789,MAT-001789,MAT-001789,"PVC Pipe 4"" - Astral","PVC Pipe 4"" - Astral",Plumbing PVC Pipes & Fittings,Pipe,"PVC Pipe 4"" - Astral",NOS,137.5,137.5,137.5,18,Bengaluru,Karnataka,admin_manual,TRUE
MAT-001911,MAT-001911,MAT-001911,PVC Pipe 75mm - Finolex,PVC Pipe 75mm - Finolex,Plumbing PVC Pipes & Fittings,Pipe,PVC Pipe 75mm - Finolex,NOS,99,99,99,18,Bengaluru,Karnataka,admin_manual,TRUE
MAT-001955,MAT-001955,MAT-001955,PVC Pipe 75mm - Hindware,PVC Pipe 75mm - Hindware,Plumbing PVC Pipes & Fittings,Pipe,PVC Pipe 75mm - Hindware,NOS,99,99,99,18,Bengaluru,Karnataka,admin_manual,TRUE
MAT-002062,MAT-002062,MAT-002062,PVC Pipe 75mm - Supreme,PVC Pipe 75mm - Supreme,Plumbing PVC Pipes & Fittings,Pipe,PVC Pipe 75mm - Supreme,NOS,99,99,99,18,Bengaluru,Karnataka,admin_manual,TRUE
MAT-002009,MAT-002009,MAT-002009,PVC Pipe 75mm Tru - Pipes,PVC Pipe 75mm Tru - Pipes,Plumbing PVC Pipes & Fittings,Pipe,PVC Pipe 75mm Tru - Pipes,NOS,99,99,99,18,Bengaluru,Karnataka,admin_manual,TRUE
MAT-001890,MAT-001890,MAT-001890,"PVC Plug 1"" - Finolex","PVC Plug 1"" - Finolex",Plumbing PVC Pipes & Fittings,Pipe & Fitting,"PVC Plug 1"" - Finolex",NOS,7.7,7.7,7.7,18,Bengaluru,Karnataka,admin_manual,TRUE
MAT-001954,MAT-001954,MAT-001954,"PVC Plug 1"" - Hindware","PVC Plug 1"" - Hindware",Plumbing PVC Pipes & Fittings,Pipe & Fitting,"PVC Plug 1"" - Hindware",NOS,7.7,7.7,7.7,18,Bengaluru,Karnataka,admin_manual,TRUE
MAT-002061,MAT-002061,MAT-002061,"PVC Plug 1"" - Supreme","PVC Plug 1"" - Supreme",Plumbing PVC Pipes & Fittings,Pipe & Fitting,"PVC Plug 1"" - Supreme",NOS,7.7,7.7,7.7,18,Bengaluru,Karnataka,admin_manual,TRUE
MAT-002008,MAT-002008,MAT-002008,"PVC Plug 1"" Tru - Pipes","PVC Plug 1"" Tru - Pipes",Plumbing PVC Pipes & Fittings,Pipe,"PVC Plug 1"" Tru - Pipes",NOS,7.7,7.7,7.7,18,Bengaluru,Karnataka,admin_manual,TRUE
MAT-001888,MAT-001888,MAT-001888,"PVC Plug 1/2"" - Finolex","PVC Plug 1/2"" - Finolex",Plumbing PVC Pipes & Fittings,Pipe & Fitting,"PVC Plug 1/2"" - Finolex",NOS,5.5,5.5,5.5,18,Bengaluru,Karnataka,admin_manual,TRUE
MAT-001952,MAT-001952,MAT-001952,"PVC Plug 1/2"" - Hindware","PVC Plug 1/2"" - Hindware",Plumbing PVC Pipes & Fittings,Pipe & Fitting,"PVC Plug 1/2"" - Hindware",NOS,5.5,5.5,5.5,18,Bengaluru,Karnataka,admin_manual,TRUE
MAT-002059,MAT-002059,MAT-002059,"PVC Plug 1/2"" - Supreme","PVC Plug 1/2"" - Supreme",Plumbing PVC Pipes & Fittings,Pipe & Fitting,"PVC Plug 1/2"" - Supreme",NOS,5.5,5.5,5.5,18,Bengaluru,Karnataka,admin_manual,TRUE
MAT-002006,MAT-002006,MAT-002006,"PVC Plug 1/2"" Tru - Pipes","PVC Plug 1/2"" Tru - Pipes",Plumbing PVC Pipes & Fittings,Pipe,"PVC Plug 1/2"" Tru - Pipes",NOS,5.5,5.5,5.5,18,Bengaluru,Karnataka,admin_manual,TRUE
MAT-001889,MAT-001889,MAT-001889,"PVC Plug 3/4"" - Finolex","PVC Plug 3/4"" - Finolex",Plumbing PVC Pipes & Fittings,Pipe & Fitting,"PVC Plug 3/4"" - Finolex",NOS,6.6,6.6,6.6,18,Bengaluru,Karnataka,admin_manual,TRUE
MAT-001953,MAT-001953,MAT-001953,"PVC Plug 3/4"" - Hindware","PVC Plug 3/4"" - Hindware",Plumbing PVC Pipes & Fittings,Pipe & Fitting,"PVC Plug 3/4"" - Hindware",NOS,6.6,6.6,6.6,18,Bengaluru,Karnataka,admin_manual,TRUE
MAT-002060,MAT-002060,MAT-002060,"PVC Plug 3/4"" - Supreme","PVC Plug 3/4"" - Supreme",Plumbing PVC Pipes & Fittings,Pipe & Fitting,"PVC Plug 3/4"" - Supreme",NOS,6.6,6.6,6.6,18,Bengaluru,Karnataka,admin_manual,TRUE
MAT-002007,MAT-002007,MAT-002007,"PVC Plug 3/4"" Tru - Pipes","PVC Plug 3/4"" Tru - Pipes",Plumbing PVC Pipes & Fittings,Pipe,"PVC Plug 3/4"" Tru - Pipes",NOS,6.6,6.6,6.6,18,Bengaluru,Karnataka,admin_manual,TRUE
MAT-001921,MAT-001921,MAT-001921,"PVC Reducer 3/4 x 1/2"" - Finolex","PVC Reducer 3/4 x 1/2"" - Finolex",Plumbing PVC Pipes & Fittings,Reducer,"PVC Reducer 3/4 x 1/2"" - Finolex",NOS,5.5,5.5,5.5,18,Bengaluru,Karnataka,admin_manual,TRUE
MAT-001935,MAT-001935,MAT-001935,"PVC Reducer 3/4 x 1/2"" - Hindware","PVC Reducer 3/4 x 1/2"" - Hindware",Plumbing PVC Pipes & Fittings,Reducer,"PVC Reducer 3/4 x 1/2"" - Hindware",NOS,5.5,5.5,5.5,18,Bengaluru,Karnataka,admin_manual,TRUE
MAT-002042,MAT-002042,MAT-002042,"PVC Reducer 3/4 x 1/2"" - Supreme","PVC Reducer 3/4 x 1/2"" - Supreme",Plumbing PVC Pipes & Fittings,Reducer,"PVC Reducer 3/4 x 1/2"" - Supreme",NOS,5.5,5.5,5.5,18,Bengaluru,Karnataka,admin_manual,TRUE
MAT-001989,MAT-001989,MAT-001989,"PVC Reducer 3/4 x 1/2"" Tru - Pipes","PVC Reducer 3/4 x 1/2"" Tru - Pipes",Plumbing PVC Pipes & Fittings,Pipe,"PVC Reducer 3/4 x 1/2"" Tru - Pipes",NOS,5.5,5.5,5.5,18,Bengaluru,Karnataka,admin_manual,TRUE
MAT-001844,MAT-001844,MAT-001844,"PVC Reducer Elbow 2 x 1.5"" - Astral","PVC Reducer Elbow 2 x 1.5"" - Astral",Plumbing PVC Pipes & Fittings,Elbow,"PVC Reducer Elbow 2 x 1.5"" - Astral",NOS,19.8,19.8,19.8,18,Bengaluru,Karnataka,admin_manual,TRUE
MAT-001848,MAT-001848,MAT-001848,"PVC Reducer Elbow 3 x 2"" - Astral","PVC Reducer Elbow 3 x 2"" - Astral",Plumbing PVC Pipes & Fittings,Elbow,"PVC Reducer Elbow 3 x 2"" - Astral",NOS,23.1,23.1,23.1,18,Bengaluru,Karnataka,admin_manual,TRUE
MAT-001781,MAT-001781,MAT-001781,"PVC Reducer Tee 2 x 1.5"" - Astral","PVC Reducer Tee 2 x 1.5"" - Astral",Plumbing PVC Pipes & Fittings,Reducer Tee,"PVC Reducer Tee 2 x 1.5"" - Astral",NOS,20.9,20.9,20.9,18,Bengaluru,Karnataka,admin_manual,TRUE
MAT-001852,MAT-001852,MAT-001852,"PVC Reducer Tee 3 x 2"" - Astral","PVC Reducer Tee 3 x 2"" - Astral",Plumbing PVC Pipes & Fittings,Reducer Tee,"PVC Reducer Tee 3 x 2"" - Astral",NOS,24.75,24.75,24.75,18,Bengaluru,Karnataka,admin_manual,TRUE
MAT-001864,MAT-001864,MAT-001864,PVC T 100mm - Finolex,PVC T 100mm - Finolex,Plumbing PVC Pipes & Fittings,Pipe & Fitting,PVC T 100mm - Finolex,NOS,44,44,44,18,Bengaluru,Karnataka,admin_manual,TRUE
MAT-001865,MAT-001865,MAT-001865,PVC T 150mm - Finolex,PVC T 150mm - Finolex,Plumbing PVC Pipes & Fittings,Pipe & Fitting,PVC T 150mm - Finolex,NOS,60.5,60.5,60.5,18,Bengaluru,Karnataka,admin_manual,TRUE
MAT-001866,MAT-001866,MAT-001866,PVC T 200mm - Finolex,PVC T 200mm - Finolex,Plumbing PVC Pipes & Fittings,Pipe & Fitting,PVC T 200mm - Finolex,NOS,82.5,82.5,82.5,18,Bengaluru,Karnataka,admin_manual,TRUE
MAT-001867,MAT-001867,MAT-001867,PVC T 250mm - Finolex,PVC T 250mm - Finolex,Plumbing PVC Pipes & Fittings,Pipe & Fitting,PVC T 250mm - Finolex,NOS,104.5,104.5,104.5,18,Bengaluru,Karnataka,admin_manual,TRUE
MAT-001863,MAT-001863,MAT-001863,PVC T 75mm - Finolex,PVC T 75mm - Finolex,Plumbing PVC Pipes & Fittings,Pipe & Fitting,PVC T 75mm - Finolex,NOS,33,33,33,18,Bengaluru,Karnataka,admin_manual,TRUE
MAT-001922,MAT-001922,MAT-001922,"PVC Tank Connector 1/2"" - Finolex","PVC Tank Connector 1/2"" - Finolex",Plumbing PVC Pipes & Fittings,Tank Connector,"PVC Tank Connector 1/2"" - Finolex",NOS,22,22,22,18,Bengaluru,Karnataka,admin_manual,TRUE
MAT-001943,MAT-001943,MAT-001943,"PVC Tank Connector 1/2"" - Hindware","PVC Tank Connector 1/2"" - Hindware",Plumbing PVC Pipes & Fittings,Tank Connector,"PVC Tank Connector 1/2"" - Hindware",NOS,22,22,22,18,Bengaluru,Karnataka,admin_manual,TRUE
MAT-002050,MAT-002050,MAT-002050,"PVC Tank Connector 1/2"" - Supreme","PVC Tank Connector 1/2"" - Supreme",Plumbing PVC Pipes & Fittings,Tank Connector,"PVC Tank Connector 1/2"" - Supreme",NOS,22,22,22,18,Bengaluru,Karnataka,admin_manual,TRUE
MAT-001997,MAT-001997,MAT-001997,"PVC Tank Connector 1/2"" Tru - Pipes","PVC Tank Connector 1/2"" Tru - Pipes",Plumbing PVC Pipes & Fittings,Pipe,"PVC Tank Connector 1/2"" Tru - Pipes",NOS,22,22,22,18,Bengaluru,Karnataka,admin_manual,TRUE
MAT-001792,MAT-001792,MAT-001792,"PVC Tee 1"" - Astral","PVC Tee 1"" - Astral",Plumbing PVC Pipes & Fittings,Tee,"PVC Tee 1"" - Astral",NOS,11,11,11,18,Bengaluru,Karnataka,admin_manual,TRUE
MAT-001879,MAT-001879,MAT-001879,"PVC Tee 1"" - Finolex","PVC Tee 1"" - Finolex",Plumbing PVC Pipes & Fittings,Tee,"PVC Tee 1"" - Finolex",NOS,9.9,9.9,9.9,18,Bengaluru,Karnataka,admin_manual,TRUE
MAT-001931,MAT-001931,MAT-001931,"PVC Tee 1"" - Hindware","PVC Tee 1"" - Hindware",Plumbing PVC Pipes & Fittings,Tee,"PVC Tee 1"" - Hindware",NOS,9.9,9.9,9.9,18,Bengaluru,Karnataka,admin_manual,TRUE
MAT-002038,MAT-002038,MAT-002038,"PVC Tee 1"" - Supreme","PVC Tee 1"" - Supreme",Plumbing PVC Pipes & Fittings,Tee,"PVC Tee 1"" - Supreme",NOS,9.9,9.9,9.9,18,Bengaluru,Karnataka,admin_manual,TRUE
MAT-001985,MAT-001985,MAT-001985,"PVC Tee 1"" Tru - Pipes","PVC Tee 1"" Tru - Pipes",Plumbing PVC Pipes & Fittings,Tee,"PVC Tee 1"" Tru - Pipes",NOS,9.9,9.9,9.9,18,Bengaluru,Karnataka,admin_manual,TRUE
MAT-001793,MAT-001793,MAT-001793,"PVC Tee 1.5"" - Astral","PVC Tee 1.5"" - Astral",Plumbing PVC Pipes & Fittings,Tee,"PVC Tee 1.5"" - Astral",NOS,14.3,14.3,14.3,18,Bengaluru,Karnataka,admin_manual,TRUE
MAT-001920,MAT-001920,MAT-001920,"PVC Tee 1/2"" - Finolex","PVC Tee 1/2"" - Finolex",Plumbing PVC Pipes & Fittings,Tee,"PVC Tee 1/2"" - Finolex",NOS,6.6,6.6,6.6,18,Bengaluru,Karnataka,admin_manual,TRUE
MAT-001929,MAT-001929,MAT-001929,"PVC Tee 1/2"" - Hindware","PVC Tee 1/2"" - Hindware",Plumbing PVC Pipes & Fittings,Tee,"PVC Tee 1/2"" - Hindware",NOS,6.6,6.6,6.6,18,Bengaluru,Karnataka,admin_manual,TRUE
MAT-002036,MAT-002036,MAT-002036,"PVC Tee 1/2"" - Supreme","PVC Tee 1/2"" - Supreme",Plumbing PVC Pipes & Fittings,Tee,"PVC Tee 1/2"" - Supreme",NOS,6.6,6.6,6.6,18,Bengaluru,Karnataka,admin_manual,TRUE
MAT-001983,MAT-001983,MAT-001983,"PVC Tee 1/2"" Tru - Pipes","PVC Tee 1/2"" Tru - Pipes",Plumbing PVC Pipes & Fittings,Tee,"PVC Tee 1/2"" Tru - Pipes",NOS,6.6,6.6,6.6,18,Bengaluru,Karnataka,admin_manual,TRUE
MAT-001794,MAT-001794,MAT-001794,"PVC Tee 2"" - Astral","PVC Tee 2"" - Astral",Plumbing PVC Pipes & Fittings,Tee,"PVC Tee 2"" - Astral",NOS,17.6,17.6,17.6,18,Bengaluru,Karnataka,admin_manual,TRUE
MAT-001795,MAT-001795,MAT-001795,"PVC Tee 2.5"" - Astral","PVC Tee 2.5"" - Astral",Plumbing PVC Pipes & Fittings,Tee,"PVC Tee 2.5"" - Astral",NOS,20.9,20.9,20.9,18,Bengaluru,Karnataka,admin_manual,TRUE
MAT-001796,MAT-001796,MAT-001796,"PVC Tee 3"" - Astral","PVC Tee 3"" - Astral",Plumbing PVC Pipes & Fittings,Tee,"PVC Tee 3"" - Astral",NOS,24.75,24.75,24.75,18,Bengaluru,Karnataka,admin_manual,TRUE
MAT-001878,MAT-001878,MAT-001878,"PVC Tee 3/4"" - Finolex","PVC Tee 3/4"" - Finolex",Plumbing PVC Pipes & Fittings,Tee,"PVC Tee 3/4"" - Finolex",NOS,7.7,7.7,7.7,18,Bengaluru,Karnataka,admin_manual,TRUE
MAT-001930,MAT-001930,MAT-001930,"PVC Tee 3/4"" - Hindware","PVC Tee 3/4"" - Hindware",Plumbing PVC Pipes & Fittings,Tee,"PVC Tee 3/4"" - Hindware",NOS,7.7,7.7,7.7,18,Bengaluru,Karnataka,admin_manual,TRUE
MAT-002037,MAT-002037,MAT-002037,"PVC Tee 3/4"" - Supreme","PVC Tee 3/4"" - Supreme",Plumbing PVC Pipes & Fittings,Tee,"PVC Tee 3/4"" - Supreme",NOS,7.7,7.7,7.7,18,Bengaluru,Karnataka,admin_manual,TRUE
MAT-001984,MAT-001984,MAT-001984,"PVC Tee 3/4"" Tru - Pipes","PVC Tee 3/4"" Tru - Pipes",Plumbing PVC Pipes & Fittings,Tee,"PVC Tee 3/4"" Tru - Pipes",NOS,7.7,7.7,7.7,18,Bengaluru,Karnataka,admin_manual,TRUE
MAT-001797,MAT-001797,MAT-001797,"PVC Tee 4"" - Astral","PVC Tee 4"" - Astral",Plumbing PVC Pipes & Fittings,Tee,"PVC Tee 4"" - Astral",NOS,30.25,30.25,30.25,18,Bengaluru,Karnataka,admin_manual,TRUE
MAT-001838,MAT-001838,MAT-001838,"PVC Trap with Door 4"" - Astral","PVC Trap with Door 4"" - Astral",Plumbing PVC Pipes & Fittings,Pipe & Fitting,"PVC Trap with Door 4"" - Astral",NOS,63.25,63.25,63.25,18,Bengaluru,Karnataka,admin_manual,TRUE
MAT-001839,MAT-001839,MAT-001839,"PVC Trap with Door 6"" - Astral","PVC Trap with Door 6"" - Astral",Plumbing PVC Pipes & Fittings,Pipe & Fitting,"PVC Trap with Door 6"" - Astral",NOS,77,77,77,18,Bengaluru,Karnataka,admin_manual,TRUE
MAT-001874,MAT-001874,MAT-001874,PVC U-Bend 100mm - Finolex,PVC U-Bend 100mm - Finolex,Plumbing PVC Pipes & Fittings,Bend,PVC U-Bend 100mm - Finolex,NOS,52.25,52.25,52.25,18,Bengaluru,Karnataka,admin_manual,TRUE
MAT-001875,MAT-001875,MAT-001875,PVC U-Bend 150mm - Finolex,PVC U-Bend 150mm - Finolex,Plumbing PVC Pipes & Fittings,Bend,PVC U-Bend 150mm - Finolex,NOS,71.5,71.5,71.5,18,Bengaluru,Karnataka,admin_manual,TRUE
MAT-001876,MAT-001876,MAT-001876,PVC U-Bend 200mm - Finolex,PVC U-Bend 200mm - Finolex,Plumbing PVC Pipes & Fittings,Bend,PVC U-Bend 200mm - Finolex,NOS,93.5,93.5,93.5,18,Bengaluru,Karnataka,admin_manual,TRUE
MAT-001877,MAT-001877,MAT-001877,PVC U-Bend 250mm - Finolex,PVC U-Bend 250mm - Finolex,Plumbing PVC Pipes & Fittings,Bend,PVC U-Bend 250mm - Finolex,NOS,115.5,115.5,115.5,18,Bengaluru,Karnataka,admin_manual,TRUE
MAT-001873,MAT-001873,MAT-001873,PVC U-Bend 75mm - Finolex,PVC U-Bend 75mm - Finolex,Plumbing PVC Pipes & Fittings,Bend,PVC U-Bend 75mm - Finolex,NOS,38.5,38.5,38.5,18,Bengaluru,Karnataka,admin_manual,TRUE
MAT-001816,MAT-001816,MAT-001816,"PVC Union 1"" - Astral","PVC Union 1"" - Astral",Plumbing PVC Pipes & Fittings,Union,"PVC Union 1"" - Astral",NOS,27.5,27.5,27.5,18,Bengaluru,Karnataka,admin_manual,TRUE
MAT-001817,MAT-001817,MAT-001817,"PVC Union 1.5"" - Astral","PVC Union 1.5"" - Astral",Plumbing PVC Pipes & Fittings,Union,"PVC Union 1.5"" - Astral",NOS,33,33,33,18,Bengaluru,Karnataka,admin_manual,TRUE
MAT-001884,MAT-001884,MAT-001884,"PVC Union 1/2"" - Finolex","PVC Union 1/2"" - Finolex",Plumbing PVC Pipes & Fittings,Union,"PVC Union 1/2"" - Finolex",NOS,19.25,19.25,19.25,18,Bengaluru,Karnataka,admin_manual,TRUE
MAT-001944,MAT-001944,MAT-001944,"PVC Union 1/2"" - Hindware","PVC Union 1/2"" - Hindware",Plumbing PVC Pipes & Fittings,Union,"PVC Union 1/2"" - Hindware",NOS,19.25,19.25,19.25,18,Bengaluru,Karnataka,admin_manual,TRUE
MAT-002051,MAT-002051,MAT-002051,"PVC Union 1/2"" - Supreme","PVC Union 1/2"" - Supreme",Plumbing PVC Pipes & Fittings,Union,"PVC Union 1/2"" - Supreme",NOS,19.25,19.25,19.25,18,Bengaluru,Karnataka,admin_manual,TRUE
MAT-001998,MAT-001998,MAT-001998,"PVC Union 1/2"" Tru - Pipes","PVC Union 1/2"" Tru - Pipes",Plumbing PVC Pipes & Fittings,Pipe,"PVC Union 1/2"" Tru - Pipes",NOS,19.25,19.25,19.25,18,Bengaluru,Karnataka,admin_manual,TRUE
MAT-001818,MAT-001818,MAT-001818,"PVC Union 2"" - Astral","PVC Union 2"" - Astral",Plumbing PVC Pipes & Fittings,Union,"PVC Union 2"" - Astral",NOS,41.25,41.25,41.25,18,Bengaluru,Karnataka,admin_manual,TRUE
MAT-002086,MAT-002086,MAT-002086,PVC Y 100mm - Finolex,PVC Y 100mm - Finolex,Plumbing PVC Pipes & Fittings,Pipe & Fitting,PVC Y 100mm - Finolex,NOS,46.75,46.75,46.75,18,Bengaluru,Karnataka,admin_manual,TRUE
MAT-001979,MAT-001979,MAT-001979,PVC Y 150mm - Finolex,PVC Y 150mm - Finolex,Plumbing PVC Pipes & Fittings,Pipe & Fitting,PVC Y 150mm - Finolex,NOS,66,66,66,18,Bengaluru,Karnataka,admin_manual,TRUE
MAT-001861,MAT-001861,MAT-001861,PVC Y 200mm - Finolex,PVC Y 200mm - Finolex,Plumbing PVC Pipes & Fittings,Pipe & Fitting,PVC Y 200mm - Finolex,NOS,88,88,88,18,Bengaluru,Karnataka,admin_manual,TRUE
MAT-001862,MAT-001862,MAT-001862,PVC Y 250mm - Finolex,PVC Y 250mm - Finolex,Plumbing PVC Pipes & Fittings,Pipe & Fitting,PVC Y 250mm - Finolex,NOS,110,110,110,18,Bengaluru,Karnataka,admin_manual,TRUE
MAT-001913,MAT-001913,MAT-001913,PVC Y 75mm - Finolex,PVC Y 75mm - Finolex,Plumbing PVC Pipes & Fittings,Pipe & Fitting,PVC Y 75mm - Finolex,NOS,35.75,35.75,35.75,18,Bengaluru,Karnataka,admin_manual,TRUE
MAT-002087,MAT-002087,MAT-002087,"UPVC Ball Valve 1"" - Astral","UPVC Ball Valve 1"" - Astral",Plumbing-UPVC,Ball Valve,"UPVC Ball Valve 1"" - Astral",NOS,93.5,93.5,93.5,18,Bengaluru,Karnataka,admin_manual,TRUE
MAT-002101,MAT-002101,MAT-002101,"UPVC Ball Valve 1-1/2"" - Astral","UPVC Ball Valve 1-1/2"" - Astral",Plumbing-UPVC,Ball Valve,"UPVC Ball Valve 1-1/2"" - Astral",NOS,137.5,137.5,137.5,18,Bengaluru,Karnataka,admin_manual,TRUE
MAT-002131,MAT-002131,MAT-002131,"UPVC Ball Valve 1-1/4"" - Astral","UPVC Ball Valve 1-1/4"" - Astral",Plumbing-UPVC,Ball Valve,"UPVC Ball Valve 1-1/4"" - Astral",NOS,115.5,115.5,115.5,18,Bengaluru,Karnataka,admin_manual,TRUE
MAT-002134,MAT-002134,MAT-002134,"UPVC Ball Valve 1/2"" - Astral","UPVC Ball Valve 1/2"" - Astral",Plumbing-UPVC,Ball Valve,"UPVC Ball Valve 1/2"" - Astral",NOS,60.5,60.5,60.5,18,Bengaluru,Karnataka,admin_manual,TRUE
MAT-002102,MAT-002102,MAT-002102,"UPVC Ball Valve 2"" - Astral","UPVC Ball Valve 2"" - Astral",Plumbing-UPVC,Ball Valve,"UPVC Ball Valve 2"" - Astral",NOS,165,165,165,18,Bengaluru,Karnataka,admin_manual,TRUE
MAT-002133,MAT-002133,MAT-002133,"UPVC Ball Valve 3/4"" - Astral","UPVC Ball Valve 3/4"" - Astral",Plumbing-UPVC,Ball Valve,"UPVC Ball Valve 3/4"" - Astral",NOS,77,77,77,18,Bengaluru,Karnataka,admin_manual,TRUE
MAT-002091,MAT-002091,MAT-002091,"UPVC Elbow 1"" - Astral","UPVC Elbow 1"" - Astral",Plumbing-UPVC,Elbow,"UPVC Elbow 1"" - Astral",NOS,9.9,9.9,9.9,18,Bengaluru,Karnataka,admin_manual,TRUE
MAT-002093,MAT-002093,MAT-002093,"UPVC Elbow 1-1/2"" - Astral","UPVC Elbow 1-1/2"" - Astral",Plumbing-UPVC,Elbow,"UPVC Elbow 1-1/2"" - Astral",NOS,16.5,16.5,16.5,18,Bengaluru,Karnataka,admin_manual,TRUE
MAT-002092,MAT-002092,MAT-002092,"UPVC Elbow 1-1/4"" - Astral","UPVC Elbow 1-1/4"" - Astral",Plumbing-UPVC,Elbow,"UPVC Elbow 1-1/4"" - Astral",NOS,13.75,13.75,13.75,18,Bengaluru,Karnataka,admin_manual,TRUE
MAT-002089,MAT-002089,MAT-002089,"UPVC Elbow 1/2"" - Astral","UPVC Elbow 1/2"" - Astral",Plumbing-UPVC,Elbow,"UPVC Elbow 1/2"" - Astral",NOS,5.5,5.5,5.5,18,Bengaluru,Karnataka,admin_manual,TRUE
MAT-002094,MAT-002094,MAT-002094,"UPVC Elbow 2"" - Astral","UPVC Elbow 2"" - Astral",Plumbing-UPVC,Elbow,"UPVC Elbow 2"" - Astral",NOS,24.75,24.75,24.75,18,Bengaluru,Karnataka,admin_manual,TRUE
MAT-002090,MAT-002090,MAT-002090,"UPVC Elbow 3/4"" - Astral","UPVC Elbow 3/4"" - Astral",Plumbing-UPVC,Elbow,"UPVC Elbow 3/4"" - Astral",NOS,6.6,6.6,6.6,18,Bengaluru,Karnataka,admin_manual,TRUE
MAT-002111,MAT-002111,MAT-002111,"UPVC End Cap 1"" - Astral","UPVC End Cap 1"" - Astral",Plumbing-UPVC,End Cap,"UPVC End Cap 1"" - Astral",NOS,7.7,7.7,7.7,18,Bengaluru,Karnataka,admin_manual,TRUE
MAT-002113,MAT-002113,MAT-002113,"UPVC End Cap 1-1/2"" - Astral","UPVC End Cap 1-1/2"" - Astral",Plumbing-UPVC,End Cap,"UPVC End Cap 1-1/2"" - Astral",NOS,12.1,12.1,12.1,18,Bengaluru,Karnataka,admin_manual,TRUE
MAT-002112,MAT-002112,MAT-002112,"UPVC End Cap 1-1/4"" - Astral","UPVC End Cap 1-1/4"" - Astral",Plumbing-UPVC,End Cap,"UPVC End Cap 1-1/4"" - Astral",NOS,9.9,9.9,9.9,18,Bengaluru,Karnataka,admin_manual,TRUE
MAT-002109,MAT-002109,MAT-002109,"UPVC End Cap 1/2"" - Astral","UPVC End Cap 1/2"" - Astral",Plumbing-UPVC,End Cap,"UPVC End Cap 1/2"" - Astral",NOS,4.95,4.95,4.95,18,Bengaluru,Karnataka,admin_manual,TRUE
MAT-002114,MAT-002114,MAT-002114,"UPVC End Cap 2"" - Astral","UPVC End Cap 2"" - Astral",Plumbing-UPVC,End Cap,"UPVC End Cap 2"" - Astral",NOS,15.4,15.4,15.4,18,Bengaluru,Karnataka,admin_manual,TRUE
MAT-002110,MAT-002110,MAT-002110,"UPVC End Cap 3/4"" - Astral","UPVC End Cap 3/4"" - Astral",Plumbing-UPVC,End Cap,"UPVC End Cap 3/4"" - Astral",NOS,6.05,6.05,6.05,18,Bengaluru,Karnataka,admin_manual,TRUE
MAT-002125,MAT-002125,MAT-002125,"UPVC Female Threaded Adaptor 1"" - Astral","UPVC Female Threaded Adaptor 1"" - Astral",Plumbing-UPVC,Male Threaded Adaptor,"UPVC Female Threaded Adaptor 1"" - Astral",NOS,13.2,13.2,13.2,18,Bengaluru,Karnataka,admin_manual,TRUE
MAT-002127,MAT-002127,MAT-002127,"UPVC Female Threaded Adaptor 1-1/2"" - Astral","UPVC Female Threaded Adaptor 1-1/2"" - Astral",Plumbing-UPVC,Male Threaded Adaptor,"UPVC Female Threaded Adaptor 1-1/2"" - Astral",NOS,19.8,19.8,19.8,18,Bengaluru,Karnataka,admin_manual,TRUE
MAT-002126,MAT-002126,MAT-002126,"UPVC Female Threaded Adaptor 1-1/4"" - Astral","UPVC Female Threaded Adaptor 1-1/4"" - Astral",Plumbing-UPVC,Male Threaded Adaptor,"UPVC Female Threaded Adaptor 1-1/4"" - Astral",NOS,16.5,16.5,16.5,18,Bengaluru,Karnataka,admin_manual,TRUE
MAT-002123,MAT-002123,MAT-002123,"UPVC Female Threaded Adaptor 1/2"" - Astral","UPVC Female Threaded Adaptor 1/2"" - Astral",Plumbing-UPVC,Male Threaded Adaptor,"UPVC Female Threaded Adaptor 1/2"" - Astral",NOS,8.8,8.8,8.8,18,Bengaluru,Karnataka,admin_manual,TRUE
MAT-002128,MAT-002128,MAT-002128,"UPVC Female Threaded Adaptor 2"" - Astral","UPVC Female Threaded Adaptor 2"" - Astral",Plumbing-UPVC,Male Threaded Adaptor,"UPVC Female Threaded Adaptor 2"" - Astral",NOS,24.2,24.2,24.2,18,Bengaluru,Karnataka,admin_manual,TRUE
MAT-002124,MAT-002124,MAT-002124,"UPVC Female Threaded Adaptor 3/4"" - Astral","UPVC Female Threaded Adaptor 3/4"" - Astral",Plumbing-UPVC,Male Threaded Adaptor,"UPVC Female Threaded Adaptor 3/4"" - Astral",NOS,11,11,11,18,Bengaluru,Karnataka,admin_manual,TRUE
MAT-002088,MAT-002088,MAT-002088,"UPVC Male Threaded Adaptor 1"" - Astral","UPVC Male Threaded Adaptor 1"" - Astral",Plumbing-UPVC,Male Threaded Adaptor,"UPVC Male Threaded Adaptor 1"" - Astral",NOS,12.1,12.1,12.1,18,Bengaluru,Karnataka,admin_manual,TRUE
MAT-002121,MAT-002121,MAT-002121,"UPVC Male Threaded Adaptor 1-1/2"" - Astral","UPVC Male Threaded Adaptor 1-1/2"" - Astral",Plumbing-UPVC,Male Threaded Adaptor,"UPVC Male Threaded Adaptor 1-1/2"" - Astral",NOS,18.7,18.7,18.7,18,Bengaluru,Karnataka,admin_manual,TRUE
MAT-002132,MAT-002132,MAT-002132,"UPVC Male Threaded Adaptor 1-1/4"" - Astral","UPVC Male Threaded Adaptor 1-1/4"" - Astral",Plumbing-UPVC,Male Threaded Adaptor,"UPVC Male Threaded Adaptor 1-1/4"" - Astral",NOS,15.4,15.4,15.4,18,Bengaluru,Karnataka,admin_manual,TRUE
MAT-002129,MAT-002129,MAT-002129,"UPVC Male Threaded Adaptor 1/2"" - Astral","UPVC Male Threaded Adaptor 1/2"" - Astral",Plumbing-UPVC,Male Threaded Adaptor,"UPVC Male Threaded Adaptor 1/2"" - Astral",NOS,7.7,7.7,7.7,18,Bengaluru,Karnataka,admin_manual,TRUE
MAT-002122,MAT-002122,MAT-002122,"UPVC Male Threaded Adaptor 2"" - Astral","UPVC Male Threaded Adaptor 2"" - Astral",Plumbing-UPVC,Male Threaded Adaptor,"UPVC Male Threaded Adaptor 2"" - Astral",NOS,23.1,23.1,23.1,18,Bengaluru,Karnataka,admin_manual,TRUE
MAT-002130,MAT-002130,MAT-002130,"UPVC Male Threaded Adaptor 3/4"" - Astral","UPVC Male Threaded Adaptor 3/4"" - Astral",Plumbing-UPVC,Male Threaded Adaptor,"UPVC Male Threaded Adaptor 3/4"" - Astral",NOS,9.9,9.9,9.9,18,Bengaluru,Karnataka,admin_manual,TRUE
MAT-002117,MAT-002117,MAT-002117,"UPVC Pipe Clip 1"" - Astral","UPVC Pipe Clip 1"" - Astral",Plumbing-UPVC,Pipe,"UPVC Pipe Clip 1"" - Astral",NOS,6.05,6.05,6.05,18,Bengaluru,Karnataka,admin_manual,TRUE
MAT-002119,MAT-002119,MAT-002119,"UPVC Pipe Clip 1-1/2"" - Astral","UPVC Pipe Clip 1-1/2"" - Astral",Plumbing-UPVC,Pipe,"UPVC Pipe Clip 1-1/2"" - Astral",NOS,8.25,8.25,8.25,18,Bengaluru,Karnataka,admin_manual,TRUE
MAT-002118,MAT-002118,MAT-002118,"UPVC Pipe Clip 1-1/4"" - Astral","UPVC Pipe Clip 1-1/4"" - Astral",Plumbing-UPVC,Pipe,"UPVC Pipe Clip 1-1/4"" - Astral",NOS,7.15,7.15,7.15,18,Bengaluru,Karnataka,admin_manual,TRUE
MAT-002115,MAT-002115,MAT-002115,"UPVC Pipe Clip 1/2"" - Astral","UPVC Pipe Clip 1/2"" - Astral",Plumbing-UPVC,Pipe,"UPVC Pipe Clip 1/2"" - Astral",NOS,3.85,3.85,3.85,18,Bengaluru,Karnataka,admin_manual,TRUE
MAT-002120,MAT-002120,MAT-002120,"UPVC Pipe Clip 2"" - Astral","UPVC Pipe Clip 2"" - Astral",Plumbing-UPVC,Pipe,"UPVC Pipe Clip 2"" - Astral",NOS,9.35,9.35,9.35,18,Bengaluru,Karnataka,admin_manual,TRUE
MAT-002116,MAT-002116,MAT-002116,"UPVC Pipe Clip 3/4"" - Astral","UPVC Pipe Clip 3/4"" - Astral",Plumbing-UPVC,Pipe,"UPVC Pipe Clip 3/4"" - Astral",NOS,4.95,4.95,4.95,18,Bengaluru,Karnataka,admin_manual,TRUE
MAT-002097,MAT-002097,MAT-002097,"UPVC Tee 1"" - Astral","UPVC Tee 1"" - Astral",Plumbing-UPVC,Tee,"UPVC Tee 1"" - Astral",NOS,12.1,12.1,12.1,18,Bengaluru,Karnataka,admin_manual,TRUE
MAT-002099,MAT-002099,MAT-002099,"UPVC Tee 1-1/2"" - Astral","UPVC Tee 1-1/2"" - Astral",Plumbing-UPVC,Tee,"UPVC Tee 1-1/2"" - Astral",NOS,20.9,20.9,20.9,18,Bengaluru,Karnataka,admin_manual,TRUE
MAT-002098,MAT-002098,MAT-002098,"UPVC Tee 1-1/4"" - Astral","UPVC Tee 1-1/4"" - Astral",Plumbing-UPVC,Tee,"UPVC Tee 1-1/4"" - Astral",NOS,16.5,16.5,16.5,18,Bengaluru,Karnataka,admin_manual,TRUE
MAT-002095,MAT-002095,MAT-002095,"UPVC Tee 1/2"" - Astral","UPVC Tee 1/2"" - Astral",Plumbing-UPVC,Tee,"UPVC Tee 1/2"" - Astral",NOS,6.6,6.6,6.6,18,Bengaluru,Karnataka,admin_manual,TRUE
MAT-002100,MAT-002100,MAT-002100,"UPVC Tee 2"" - Astral","UPVC Tee 2"" - Astral",Plumbing-UPVC,Tee,"UPVC Tee 2"" - Astral",NOS,30.25,30.25,30.25,18,Bengaluru,Karnataka,admin_manual,TRUE
MAT-002096,MAT-002096,MAT-002096,"UPVC Tee 3/4"" - Astral","UPVC Tee 3/4"" - Astral",Plumbing-UPVC,Tee,"UPVC Tee 3/4"" - Astral",NOS,8.25,8.25,8.25,18,Bengaluru,Karnataka,admin_manual,TRUE
MAT-002105,MAT-002105,MAT-002105,"UPVC Union 1"" - Astral","UPVC Union 1"" - Astral",Plumbing-UPVC,Union,"UPVC Union 1"" - Astral",NOS,31.9,31.9,31.9,18,Bengaluru,Karnataka,admin_manual,TRUE
MAT-002107,MAT-002107,MAT-002107,"UPVC Union 1-1/2"" - Astral","UPVC Union 1-1/2"" - Astral",Plumbing-UPVC,Union,"UPVC Union 1-1/2"" - Astral",NOS,48.4,48.4,48.4,18,Bengaluru,Karnataka,admin_manual,TRUE
MAT-002106,MAT-002106,MAT-002106,"UPVC Union 1-1/4"" - Astral","UPVC Union 1-1/4"" - Astral",Plumbing-UPVC,Union,"UPVC Union 1-1/4"" - Astral",NOS,39.6,39.6,39.6,18,Bengaluru,Karnataka,admin_manual,TRUE
MAT-002103,MAT-002103,MAT-002103,"UPVC Union 1/2"" - Astral","UPVC Union 1/2"" - Astral",Plumbing-UPVC,Union,"UPVC Union 1/2"" - Astral",NOS,20.9,20.9,20.9,18,Bengaluru,Karnataka,admin_manual,TRUE
MAT-002108,MAT-002108,MAT-002108,"UPVC Union 2"" - Astral","UPVC Union 2"" - Astral",Plumbing-UPVC,Union,"UPVC Union 2"" - Astral",NOS,57.75,57.75,57.75,18,Bengaluru,Karnataka,admin_manual,TRUE
MAT-002104,MAT-002104,MAT-002104,"UPVC Union 3/4"" - Astral","UPVC Union 3/4"" - Astral",Plumbing-UPVC,Union,"UPVC Union 3/4"" - Astral",NOS,26.4,26.4,26.4,18,Bengaluru,Karnataka,admin_manual,TRUE
MAT-002205,MAT-002205,MAT-002205,Bison Board (10mm) - 8'x4' - Plain - Bison,Bison Board (10mm) - 8'x4' - Plain - Bison,Plywood,Plywood Sheet,Bison Board (10mm) - 8'x4' - Plain - Bison,SHEET,760,760,760,18,Bengaluru,Karnataka,admin_manual,TRUE
MAT-002214,MAT-002214,MAT-002214,Bison Board (12mm) - 7'x4' - Plain - Bison,Bison Board (12mm) - 7'x4' - Plain - Bison,Plywood,Plywood Sheet,Bison Board (12mm) - 7'x4' - Plain - Bison,SHEET,820,820,820,18,Bengaluru,Karnataka,admin_manual,TRUE
MAT-002210,MAT-002210,MAT-002210,Bison Board (12mm) - 8'x4' - Fire Retardant - Bison,Bison Board (12mm) - 8'x4' - Fire Retardant - Bison,Plywood,Plywood Sheet,Bison Board (12mm) - 8'x4' - Fire Retardant - Bison,SHEET,980,980,980,18,Bengaluru,Karnataka,admin_manual,TRUE
MAT-002212,MAT-002212,MAT-002212,Bison Board (12mm) - 8'x4' - Moisture Resistant - Bison,Bison Board (12mm) - 8'x4' - Moisture Resistant - Bison,Plywood,Plywood Sheet,Bison Board (12mm) - 8'x4' - Moisture Resistant - Bison,SHEET,940,940,940,18,Bengaluru,Karnataka,admin_manual,TRUE
MAT-002206,MAT-002206,MAT-002206,Bison Board (12mm) - 8'x4' - Plain - Bison,Bison Board (12mm) - 8'x4' - Plain - Bison,Plywood,Plywood Sheet,Bison Board (12mm) - 8'x4' - Plain - Bison,SHEET,880,880,880,18,Bengaluru,Karnataka,admin_manual,TRUE
MAT-002207,MAT-002207,MAT-002207,Bison Board (16mm) - 8'x4' - Plain - Bison,Bison Board (16mm) - 8'x4' - Plain - Bison,Plywood,Plywood Sheet,Bison Board (16mm) - 8'x4' - Plain - Bison,SHEET,1120,1120,1120,18,Bengaluru,Karnataka,admin_manual,TRUE
MAT-002215,MAT-002215,MAT-002215,Bison Board (18mm) - 7'x4' - Plain - Bison,Bison Board (18mm) - 7'x4' - Plain - Bison,Plywood,Plywood Sheet,Bison Board (18mm) - 7'x4' - Plain - Bison,SHEET,1160,1160,1160,18,Bengaluru,Karnataka,admin_manual,TRUE
MAT-002211,MAT-002211,MAT-002211,Bison Board (18mm) - 8'x4' - Fire Retardant - Bison,Bison Board (18mm) - 8'x4' - Fire Retardant - Bison,Plywood,Plywood Sheet,Bison Board (18mm) - 8'x4' - Fire Retardant - Bison,SHEET,1380,1380,1380,18,Bengaluru,Karnataka,admin_manual,TRUE
MAT-002213,MAT-002213,MAT-002213,Bison Board (18mm) - 8'x4' - Moisture Resistant - Bison,Bison Board (18mm) - 8'x4' - Moisture Resistant - Bison,Plywood,Plywood Sheet,Bison Board (18mm) - 8'x4' - Moisture Resistant - Bison,SHEET,1320,1320,1320,18,Bengaluru,Karnataka,admin_manual,TRUE
MAT-002208,MAT-002208,MAT-002208,Bison Board (18mm) - 8'x4' - Plain - Bison,Bison Board (18mm) - 8'x4' - Plain - Bison,Plywood,Plywood Sheet,Bison Board (18mm) - 8'x4' - Plain - Bison,SHEET,1240,1240,1240,18,Bengaluru,Karnataka,admin_manual,TRUE
MAT-002209,MAT-002209,MAT-002209,Bison Board (25mm) - 8'x4' - Plain - Bison,Bison Board (25mm) - 8'x4' - Plain - Bison,Plywood,Plywood Sheet,Bison Board (25mm) - 8'x4' - Plain - Bison,SHEET,1580,1580,1580,18,Bengaluru,Karnataka,admin_manual,TRUE
MAT-002203,MAT-002203,MAT-002203,Bison Board (6mm) - 8'x4' - Plain - Bison,Bison Board (6mm) - 8'x4' - Plain - Bison,Plywood,Plywood Sheet,Bison Board (6mm) - 8'x4' - Plain - Bison,SHEET,520,520,520,18,Bengaluru,Karnataka,admin_manual,TRUE
MAT-002204,MAT-002204,MAT-002204,Bison Board (8mm) - 8'x4' - Plain - Bison,Bison Board (8mm) - 8'x4' - Plain - Bison,Plywood,Plywood Sheet,Bison Board (8mm) - 8'x4' - Plain - Bison,SHEET,640,640,640,18,Bengaluru,Karnataka,admin_manual,TRUE
MAT-002198,MAT-002198,MAT-002198,MDF (12mm) - 7'x4' - Interior Plain - Century,MDF (12mm) - 7'x4' - Interior Plain - Century,Plywood,MDF,MDF (12mm) - 7'x4' - Interior Plain - Century,SHEET,640,640,640,18,Bengaluru,Karnataka,admin_manual,TRUE
MAT-002201,MAT-002201,MAT-002201,MDF (12mm) - 7'x4' - Prelam Matte - Century,MDF (12mm) - 7'x4' - Prelam Matte - Century,Plywood,MDF,MDF (12mm) - 7'x4' - Prelam Matte - Century,SHEET,840,840,840,18,Bengaluru,Karnataka,admin_manual,TRUE
MAT-002189,MAT-002189,MAT-002189,MDF (12mm) - 8'x4' - Exterior Plain - Greenpanel,MDF (12mm) - 8'x4' - Exterior Plain - Greenpanel,Plywood,MDF,MDF (12mm) - 8'x4' - Exterior Plain - Greenpanel,SHEET,740,740,740,18,Bengaluru,Karnataka,admin_manual,TRUE
MAT-002186,MAT-002186,MAT-002186,MDF (12mm) - 8'x4' - Interior Plain - Greenpanel,MDF (12mm) - 8'x4' - Interior Plain - Greenpanel,Plywood,MDF,MDF (12mm) - 8'x4' - Interior Plain - Greenpanel,SHEET,680,680,680,18,Bengaluru,Karnataka,admin_manual,TRUE
MAT-002195,MAT-002195,MAT-002195,MDF (12mm) - 8'x4' - Prelam Glossy - Greenpanel,MDF (12mm) - 8'x4' - Prelam Glossy - Greenpanel,Plywood,MDF,MDF (12mm) - 8'x4' - Prelam Glossy - Greenpanel,SHEET,920,920,920,18,Bengaluru,Karnataka,admin_manual,TRUE
MAT-002192,MAT-002192,MAT-002192,MDF (12mm) - 8'x4' - Prelam Matte - Greenpanel,MDF (12mm) - 8'x4' - Prelam Matte - Greenpanel,Plywood,MDF,MDF (12mm) - 8'x4' - Prelam Matte - Greenpanel,SHEET,880,880,880,18,Bengaluru,Karnataka,admin_manual,TRUE
MAT-002199,MAT-002199,MAT-002199,MDF (18mm) - 7'x4' - Interior Plain - Century,MDF (18mm) - 7'x4' - Interior Plain - Century,Plywood,MDF,MDF (18mm) - 7'x4' - Interior Plain - Century,SHEET,920,920,920,18,Bengaluru,Karnataka,admin_manual,TRUE
MAT-002202,MAT-002202,MAT-002202,MDF (18mm) - 7'x4' - Prelam Matte - Century,MDF (18mm) - 7'x4' - Prelam Matte - Century,Plywood,MDF,MDF (18mm) - 7'x4' - Prelam Matte - Century,SHEET,1120,1120,1120,18,Bengaluru,Karnataka,admin_manual,TRUE
MAT-002190,MAT-002190,MAT-002190,MDF (18mm) - 8'x4' - Exterior Plain - Greenpanel,MDF (18mm) - 8'x4' - Exterior Plain - Greenpanel,Plywood,MDF,MDF (18mm) - 8'x4' - Exterior Plain - Greenpanel,SHEET,1050,1050,1050,18,Bengaluru,Karnataka,admin_manual,TRUE
MAT-002187,MAT-002187,MAT-002187,MDF (18mm) - 8'x4' - Interior Plain - Greenpanel,MDF (18mm) - 8'x4' - Interior Plain - Greenpanel,Plywood,MDF,MDF (18mm) - 8'x4' - Interior Plain - Greenpanel,SHEET,980,980,980,18,Bengaluru,Karnataka,admin_manual,TRUE
MAT-002196,MAT-002196,MAT-002196,MDF (18mm) - 8'x4' - Prelam Glossy - Greenpanel,MDF (18mm) - 8'x4' - Prelam Glossy - Greenpanel,Plywood,MDF,MDF (18mm) - 8'x4' - Prelam Glossy - Greenpanel,SHEET,1240,1240,1240,18,Bengaluru,Karnataka,admin_manual,TRUE
MAT-002193,MAT-002193,MAT-002193,MDF (18mm) - 8'x4' - Prelam Matte - Greenpanel,MDF (18mm) - 8'x4' - Prelam Matte - Greenpanel,Plywood,MDF,MDF (18mm) - 8'x4' - Prelam Matte - Greenpanel,SHEET,1180,1180,1180,18,Bengaluru,Karnataka,admin_manual,TRUE
MAT-002184,MAT-002184,MAT-002184,MDF (3mm) - 8'x4' - Interior Plain - Greenpanel,MDF (3mm) - 8'x4' - Interior Plain - Greenpanel,Plywood,MDF,MDF (3mm) - 8'x4' - Interior Plain - Greenpanel,SHEET,280,280,280,18,Bengaluru,Karnataka,admin_manual,TRUE
MAT-002197,MAT-002197,MAT-002197,MDF (6mm) - 7'x4' - Interior Plain - Century,MDF (6mm) - 7'x4' - Interior Plain - Century,Plywood,MDF,MDF (6mm) - 7'x4' - Interior Plain - Century,SHEET,400,400,400,18,Bengaluru,Karnataka,admin_manual,TRUE
MAT-002200,MAT-002200,MAT-002200,MDF (6mm) - 7'x4' - Prelam Matte - Century,MDF (6mm) - 7'x4' - Prelam Matte - Century,Plywood,MDF,MDF (6mm) - 7'x4' - Prelam Matte - Century,SHEET,580,580,580,18,Bengaluru,Karnataka,admin_manual,TRUE
MAT-002188,MAT-002188,MAT-002188,MDF (6mm) - 8'x4' - Exterior Plain - Greenpanel,MDF (6mm) - 8'x4' - Exterior Plain - Greenpanel,Plywood,MDF,MDF (6mm) - 8'x4' - Exterior Plain - Greenpanel,SHEET,480,480,480,18,Bengaluru,Karnataka,admin_manual,TRUE
MAT-002185,MAT-002185,MAT-002185,MDF (6mm) - 8'x4' - Interior Plain - Greenpanel,MDF (6mm) - 8'x4' - Interior Plain - Greenpanel,Plywood,MDF,MDF (6mm) - 8'x4' - Interior Plain - Greenpanel,SHEET,420,420,420,18,Bengaluru,Karnataka,admin_manual,TRUE
MAT-002194,MAT-002194,MAT-002194,MDF (6mm) - 8'x4' - Prelam Glossy - Greenpanel,MDF (6mm) - 8'x4' - Prelam Glossy - Greenpanel,Plywood,MDF,MDF (6mm) - 8'x4' - Prelam Glossy - Greenpanel,SHEET,660,660,660,18,Bengaluru,Karnataka,admin_manual,TRUE
MAT-002191,MAT-002191,MAT-002191,MDF (6mm) - 8'x4' - Prelam Matte - Greenpanel,MDF (6mm) - 8'x4' - Prelam Matte - Greenpanel,Plywood,MDF,MDF (6mm) - 8'x4' - Prelam Matte - Greenpanel,SHEET,620,620,620,18,Bengaluru,Karnataka,admin_manual,TRUE
MAT-002179,MAT-002179,MAT-002179,Plywood (12mm) - 7'x4' - BWP - Century,Plywood (12mm) - 7'x4' - BWP - Century,Plywood,BWP,Plywood (12mm) - 7'x4' - BWP - Century,SHEET,1020,1020,1020,18,Bengaluru,Karnataka,admin_manual,TRUE
MAT-002167,MAT-002167,MAT-002167,Plywood (12mm) - 7'x4' - BWP - Greenply,Plywood (12mm) - 7'x4' - BWP - Greenply,Plywood,BWP,Plywood (12mm) - 7'x4' - BWP - Greenply,SHEET,1000,1000,1000,18,Bengaluru,Karnataka,admin_manual,TRUE
MAT-002176,MAT-002176,MAT-002176,Plywood (12mm) - 7'x4' - BWR - Century,Plywood (12mm) - 7'x4' - BWR - Century,Plywood,BWR,Plywood (12mm) - 7'x4' - BWR - Century,SHEET,960,960,960,18,Bengaluru,Karnataka,admin_manual,TRUE
MAT-002164,MAT-002164,MAT-002164,Plywood (12mm) - 7'x4' - BWR - Greenply,Plywood (12mm) - 7'x4' - BWR - Greenply,Plywood,BWR,Plywood (12mm) - 7'x4' - BWR - Greenply,SHEET,940,940,940,18,Bengaluru,Karnataka,admin_manual,TRUE
MAT-002173,MAT-002173,MAT-002173,Plywood (12mm) - 7'x4' - MR - Century,Plywood (12mm) - 7'x4' - MR - Century,Plywood,MR,Plywood (12mm) - 7'x4' - MR - Century,SHEET,870,870,870,18,Bengaluru,Karnataka,admin_manual,TRUE
MAT-002161,MAT-002161,MAT-002161,Plywood (12mm) - 7'x4' - MR - Greenply,Plywood (12mm) - 7'x4' - MR - Greenply,Plywood,MR,Plywood (12mm) - 7'x4' - MR - Greenply,SHEET,850,850,850,18,Bengaluru,Karnataka,admin_manual,TRUE
MAT-002182,MAT-002182,MAT-002182,Plywood (12mm) - 7'x4' - Marine - Century,Plywood (12mm) - 7'x4' - Marine - Century,Plywood,Marine,Plywood (12mm) - 7'x4' - Marine - Century,SHEET,1100,1100,1100,18,Bengaluru,Karnataka,admin_manual,TRUE
MAT-002170,MAT-002170,MAT-002170,Plywood (12mm) - 7'x4' - Marine - Greenply,Plywood (12mm) - 7'x4' - Marine - Greenply,Plywood,Marine,Plywood (12mm) - 7'x4' - Marine - Greenply,SHEET,1080,1080,1080,18,Bengaluru,Karnataka,admin_manual,TRUE
MAT-002155,MAT-002155,MAT-002155,Plywood (12mm) - 8'x4' - BWP - Century,Plywood (12mm) - 8'x4' - BWP - Century,Plywood,BWP,Plywood (12mm) - 8'x4' - BWP - Century,SHEET,1180,1180,1180,18,Bengaluru,Karnataka,admin_manual,TRUE
MAT-002143,MAT-002143,MAT-002143,Plywood (12mm) - 8'x4' - BWP - Greenply,Plywood (12mm) - 8'x4' - BWP - Greenply,Plywood,BWP,Plywood (12mm) - 8'x4' - BWP - Greenply,SHEET,1150,1150,1150,18,Bengaluru,Karnataka,admin_manual,TRUE
MAT-002152,MAT-002152,MAT-002152,Plywood (12mm) - 8'x4' - BWR - Century,Plywood (12mm) - 8'x4' - BWR - Century,Plywood,BWR,Plywood (12mm) - 8'x4' - BWR - Century,SHEET,1100,1100,1100,18,Bengaluru,Karnataka,admin_manual,TRUE
MAT-002140,MAT-002140,MAT-002140,Plywood (12mm) - 8'x4' - BWR - Greenply,Plywood (12mm) - 8'x4' - BWR - Greenply,Plywood,BWR,Plywood (12mm) - 8'x4' - BWR - Greenply,SHEET,1080,1080,1080,18,Bengaluru,Karnataka,admin_manual,TRUE
MAT-002149,MAT-002149,MAT-002149,Plywood (12mm) - 8'x4' - MR - Century,Plywood (12mm) - 8'x4' - MR - Century,Plywood,MR,Plywood (12mm) - 8'x4' - MR - Century,SHEET,990,990,990,18,Bengaluru,Karnataka,admin_manual,TRUE
MAT-002137,MAT-002137,MAT-002137,Plywood (12mm) - 8'x4' - MR - Greenply,Plywood (12mm) - 8'x4' - MR - Greenply,Plywood,MR,Plywood (12mm) - 8'x4' - MR - Greenply,SHEET,980,980,980,18,Bengaluru,Karnataka,admin_manual,TRUE
MAT-002158,MAT-002158,MAT-002158,Plywood (12mm) - 8'x4' - Marine - Century,Plywood (12mm) - 8'x4' - Marine - Century,Plywood,Marine,Plywood (12mm) - 8'x4' - Marine - Century,SHEET,1280,1280,1280,18,Bengaluru,Karnataka,admin_manual,TRUE
MAT-002146,MAT-002146,MAT-002146,Plywood (12mm) - 8'x4' - Marine - Greenply,Plywood (12mm) - 8'x4' - Marine - Greenply,Plywood,Marine,Plywood (12mm) - 8'x4' - Marine - Greenply,SHEET,1250,1250,1250,18,Bengaluru,Karnataka,admin_manual,TRUE
MAT-002180,MAT-002180,MAT-002180,Plywood (18mm) - 7'x4' - BWP - Century,Plywood (18mm) - 7'x4' - BWP - Century,Plywood,BWP,Plywood (18mm) - 7'x4' - BWP - Century,SHEET,1520,1520,1520,18,Bengaluru,Karnataka,admin_manual,TRUE
MAT-002168,MAT-002168,MAT-002168,Plywood (18mm) - 7'x4' - BWP - Greenply,Plywood (18mm) - 7'x4' - BWP - Greenply,Plywood,BWP,Plywood (18mm) - 7'x4' - BWP - Greenply,SHEET,1480,1480,1480,18,Bengaluru,Karnataka,admin_manual,TRUE
MAT-002177,MAT-002177,MAT-002177,Plywood (18mm) - 7'x4' - BWR - Century,Plywood (18mm) - 7'x4' - BWR - Century,Plywood,BWR,Plywood (18mm) - 7'x4' - BWR - Century,SHEET,1440,1440,1440,18,Bengaluru,Karnataka,admin_manual,TRUE
MAT-002165,MAT-002165,MAT-002165,Plywood (18mm) - 7'x4' - BWR - Greenply,Plywood (18mm) - 7'x4' - BWR - Greenply,Plywood,BWR,Plywood (18mm) - 7'x4' - BWR - Greenply,SHEET,1400,1400,1400,18,Bengaluru,Karnataka,admin_manual,TRUE
MAT-002174,MAT-002174,MAT-002174,Plywood (18mm) - 7'x4' - MR - Century,Plywood (18mm) - 7'x4' - MR - Century,Plywood,MR,Plywood (18mm) - 7'x4' - MR - Century,SHEET,1300,1300,1300,18,Bengaluru,Karnataka,admin_manual,TRUE
MAT-002162,MAT-002162,MAT-002162,Plywood (18mm) - 7'x4' - MR - Greenply,Plywood (18mm) - 7'x4' - MR - Greenply,Plywood,MR,Plywood (18mm) - 7'x4' - MR - Greenply,SHEET,1260,1260,1260,18,Bengaluru,Karnataka,admin_manual,TRUE
MAT-002183,MAT-002183,MAT-002183,Plywood (18mm) - 7'x4' - Marine - Century,Plywood (18mm) - 7'x4' - Marine - Century,Plywood,Marine,Plywood (18mm) - 7'x4' - Marine - Century,SHEET,1600,1600,1600,18,Bengaluru,Karnataka,admin_manual,TRUE
MAT-002171,MAT-002171,MAT-002171,Plywood (18mm) - 7'x4' - Marine - Greenply,Plywood (18mm) - 7'x4' - Marine - Greenply,Plywood,Marine,Plywood (18mm) - 7'x4' - Marine - Greenply,SHEET,1580,1580,1580,18,Bengaluru,Karnataka,admin_manual,TRUE
MAT-002156,MAT-002156,MAT-002156,Plywood (18mm) - 8'x4' - BWP - Century,Plywood (18mm) - 8'x4' - BWP - Century,Plywood,BWP,Plywood (18mm) - 8'x4' - BWP - Century,SHEET,1720,1720,1720,18,Bengaluru,Karnataka,admin_manual,TRUE
MAT-002144,MAT-002144,MAT-002144,Plywood (18mm) - 8'x4' - BWP - Greenply,Plywood (18mm) - 8'x4' - BWP - Greenply,Plywood,BWP,Plywood (18mm) - 8'x4' - BWP - Greenply,SHEET,1680,1680,1680,18,Bengaluru,Karnataka,admin_manual,TRUE
MAT-002153,MAT-002153,MAT-002153,Plywood (18mm) - 8'x4' - BWR - Century,Plywood (18mm) - 8'x4' - BWR - Century,Plywood,BWR,Plywood (18mm) - 8'x4' - BWR - Century,SHEET,1620,1620,1620,18,Bengaluru,Karnataka,admin_manual,TRUE
MAT-002141,MAT-002141,MAT-002141,Plywood (18mm) - 8'x4' - BWR - Greenply,Plywood (18mm) - 8'x4' - BWR - Greenply,Plywood,BWR,Plywood (18mm) - 8'x4' - BWR - Greenply,SHEET,1580,1580,1580,18,Bengaluru,Karnataka,admin_manual,TRUE
MAT-002150,MAT-002150,MAT-002150,Plywood (18mm) - 8'x4' - MR - Century,Plywood (18mm) - 8'x4' - MR - Century,Plywood,MR,Plywood (18mm) - 8'x4' - MR - Century,SHEET,1480,1480,1480,18,Bengaluru,Karnataka,admin_manual,TRUE
MAT-002138,MAT-002138,MAT-002138,Plywood (18mm) - 8'x4' - MR - Greenply,Plywood (18mm) - 8'x4' - MR - Greenply,Plywood,MR,Plywood (18mm) - 8'x4' - MR - Greenply,SHEET,1450,1450,1450,18,Bengaluru,Karnataka,admin_manual,TRUE
MAT-002159,MAT-002159,MAT-002159,Plywood (18mm) - 8'x4' - Marine - Century,Plywood (18mm) - 8'x4' - Marine - Century,Plywood,Marine,Plywood (18mm) - 8'x4' - Marine - Century,SHEET,1820,1820,1820,18,Bengaluru,Karnataka,admin_manual,TRUE
MAT-002147,MAT-002147,MAT-002147,Plywood (18mm) - 8'x4' - Marine - Greenply,Plywood (18mm) - 8'x4' - Marine - Greenply,Plywood,Marine,Plywood (18mm) - 8'x4' - Marine - Greenply,SHEET,1780,1780,1780,18,Bengaluru,Karnataka,admin_manual,TRUE
MAT-002135,MAT-002135,MAT-002135,Plywood (3mm) - 8'x4' - MR - Greenply,Plywood (3mm) - 8'x4' - MR - Greenply,Plywood,MR,Plywood (3mm) - 8'x4' - MR - Greenply,SHEET,420,420,420,18,Bengaluru,Karnataka,admin_manual,TRUE
MAT-002178,MAT-002178,MAT-002178,Plywood (6mm) - 7'x4' - BWP - Century,Plywood (6mm) - 7'x4' - BWP - Century,Plywood,BWP,Plywood (6mm) - 7'x4' - BWP - Century,SHEET,700,700,700,18,Bengaluru,Karnataka,admin_manual,TRUE
MAT-002166,MAT-002166,MAT-002166,Plywood (6mm) - 7'x4' - BWP - Greenply,Plywood (6mm) - 7'x4' - BWP - Greenply,Plywood,BWP,Plywood (6mm) - 7'x4' - BWP - Greenply,SHEET,680,680,680,18,Bengaluru,Karnataka,admin_manual,TRUE
MAT-002175,MAT-002175,MAT-002175,Plywood (6mm) - 7'x4' - BWR - Century,Plywood (6mm) - 7'x4' - BWR - Century,Plywood,BWR,Plywood (6mm) - 7'x4' - BWR - Century,SHEET,650,650,650,18,Bengaluru,Karnataka,admin_manual,TRUE
MAT-002163,MAT-002163,MAT-002163,Plywood (6mm) - 7'x4' - BWR - Greenply,Plywood (6mm) - 7'x4' - BWR - Greenply,Plywood,BWR,Plywood (6mm) - 7'x4' - BWR - Greenply,SHEET,630,630,630,18,Bengaluru,Karnataka,admin_manual,TRUE
MAT-002172,MAT-002172,MAT-002172,Plywood (6mm) - 7'x4' - MR - Century,Plywood (6mm) - 7'x4' - MR - Century,Plywood,MR,Plywood (6mm) - 7'x4' - MR - Century,SHEET,560,560,560,18,Bengaluru,Karnataka,admin_manual,TRUE
MAT-002160,MAT-002160,MAT-002160,Plywood (6mm) - 7'x4' - MR - Greenply,Plywood (6mm) - 7'x4' - MR - Greenply,Plywood,MR,Plywood (6mm) - 7'x4' - MR - Greenply,SHEET,540,540,540,18,Bengaluru,Karnataka,admin_manual,TRUE
MAT-002181,MAT-002181,MAT-002181,Plywood (6mm) - 7'x4' - Marine - Century,Plywood (6mm) - 7'x4' - Marine - Century,Plywood,Marine,Plywood (6mm) - 7'x4' - Marine - Century,SHEET,760,760,760,18,Bengaluru,Karnataka,admin_manual,TRUE
MAT-002169,MAT-002169,MAT-002169,Plywood (6mm) - 7'x4' - Marine - Greenply,Plywood (6mm) - 7'x4' - Marine - Greenply,Plywood,Marine,Plywood (6mm) - 7'x4' - Marine - Greenply,SHEET,740,740,740,18,Bengaluru,Karnataka,admin_manual,TRUE
MAT-002154,MAT-002154,MAT-002154,Plywood (6mm) - 8'x4' - BWP - Century,Plywood (6mm) - 8'x4' - BWP - Century,Plywood,BWP,Plywood (6mm) - 8'x4' - BWP - Century,SHEET,800,800,800,18,Bengaluru,Karnataka,admin_manual,TRUE
MAT-002142,MAT-002142,MAT-002142,Plywood (6mm) - 8'x4' - BWP - Greenply,Plywood (6mm) - 8'x4' - BWP - Greenply,Plywood,BWP,Plywood (6mm) - 8'x4' - BWP - Greenply,SHEET,780,780,780,18,Bengaluru,Karnataka,admin_manual,TRUE
MAT-002151,MAT-002151,MAT-002151,Plywood (6mm) - 8'x4' - BWR - Century,Plywood (6mm) - 8'x4' - BWR - Century,Plywood,BWR,Plywood (6mm) - 8'x4' - BWR - Century,SHEET,740,740,740,18,Bengaluru,Karnataka,admin_manual,TRUE
MAT-002139,MAT-002139,MAT-002139,Plywood (6mm) - 8'x4' - BWR - Greenply,Plywood (6mm) - 8'x4' - BWR - Greenply,Plywood,BWR,Plywood (6mm) - 8'x4' - BWR - Greenply,SHEET,720,720,720,18,Bengaluru,Karnataka,admin_manual,TRUE
MAT-002148,MAT-002148,MAT-002148,Plywood (6mm) - 8'x4' - MR - Century,Plywood (6mm) - 8'x4' - MR - Century,Plywood,MR,Plywood (6mm) - 8'x4' - MR - Century,SHEET,640,640,640,18,Bengaluru,Karnataka,admin_manual,TRUE
MAT-002136,MAT-002136,MAT-002136,Plywood (6mm) - 8'x4' - MR - Greenply,Plywood (6mm) - 8'x4' - MR - Greenply,Plywood,MR,Plywood (6mm) - 8'x4' - MR - Greenply,SHEET,620,620,620,18,Bengaluru,Karnataka,admin_manual,TRUE
MAT-002157,MAT-002157,MAT-002157,Plywood (6mm) - 8'x4' - Marine - Century,Plywood (6mm) - 8'x4' - Marine - Century,Plywood,Marine,Plywood (6mm) - 8'x4' - Marine - Century,SHEET,870,870,870,18,Bengaluru,Karnataka,admin_manual,TRUE
MAT-002145,MAT-002145,MAT-002145,Plywood (6mm) - 8'x4' - Marine - Greenply,Plywood (6mm) - 8'x4' - Marine - Greenply,Plywood,Marine,Plywood (6mm) - 8'x4' - Marine - Greenply,SHEET,850,850,850,18,Bengaluru,Karnataka,admin_manual,TRUE
MAT-002238,MAT-002238,MAT-002238,Appliance Polish - Stainless Steel - 500ml,Appliance Polish - Stainless Steel - 500ml,Polish,Stainless Steel,Appliance Polish - Stainless Steel - 500ml,ML,185,185,185,18,Bengaluru,Karnataka,admin_manual,TRUE
MAT-002231,MAT-002231,MAT-002231,Floor Polish - Granite Shine - Pidilite - 1L,Floor Polish - Granite Shine - Pidilite - 1L,Polish,Granite Shine,Floor Polish - Granite Shine - Pidilite - 1L,LTR,265,265,265,18,Bengaluru,Karnataka,admin_manual,TRUE
MAT-002230,MAT-002230,MAT-002230,Floor Polish - Marble Gloss - Roff - 1L,Floor Polish - Marble Gloss - Roff - 1L,Polish,Marble Gloss,Floor Polish - Marble Gloss - Roff - 1L,LTR,245,245,245,18,Bengaluru,Karnataka,admin_manual,TRUE
MAT-002233,MAT-002233,MAT-002233,Floor Polish - Multipurpose - Generic - 500ml,Floor Polish - Multipurpose - Generic - 500ml,Polish,Multipurpose,Floor Polish - Multipurpose - Generic - 500ml,ML,125,125,125,18,Bengaluru,Karnataka,admin_manual,TRUE
MAT-002232,MAT-002232,MAT-002232,Floor Polish - Vinyl Surface - Diversey - 1L,Floor Polish - Vinyl Surface - Diversey - 1L,Polish,Vinyl Surface,Floor Polish - Vinyl Surface - Diversey - 1L,LTR,225,225,225,18,Bengaluru,Karnataka,admin_manual,TRUE
MAT-002234,MAT-002234,MAT-002234,Floor Polish - Wax Based - White - 1kg,Floor Polish - Wax Based - White - 1kg,Polish,Wax Based,Floor Polish - Wax Based - White - 1kg,KG,185,185,185,18,Bengaluru,Karnataka,admin_manual,TRUE
MAT-002239,MAT-002239,MAT-002239,Furniture Polish - Multipurpose - 500ml,Furniture Polish - Multipurpose - 500ml,Polish,Multipurpose,Furniture Polish - Multipurpose - 500ml,ML,125,125,125,18,Bengaluru,Karnataka,admin_manual,TRUE
MAT-002237,MAT-002237,MAT-002237,Glass Polish - Anti-Fog - 3M - 250ml,Glass Polish - Anti-Fog - 3M - 250ml,Polish,Anti-Fog,Glass Polish - Anti-Fog - 3M - 250ml,ML,165,165,165,18,Bengaluru,Karnataka,admin_manual,TRUE
MAT-002235,MAT-002235,MAT-002235,Leather Polish - Cream - Brown - 250ml,Leather Polish - Cream - Brown - 250ml,Polish,Cream,Leather Polish - Cream - Brown - 250ml,ML,145,145,145,18,Bengaluru,Karnataka,admin_manual,TRUE
MAT-002236,MAT-002236,MAT-002236,Leather Polish - Spray - Black - 250ml,Leather Polish - Spray - Black - 250ml,Polish,Spray,Leather Polish - Spray - Black - 250ml,ML,155,155,155,18,Bengaluru,Karnataka,admin_manual,TRUE
MAT-002224,MAT-002224,MAT-002224,Metal Polish - Cream - Generic - 500gm,Metal Polish - Cream - Generic - 500gm,Polish,Cream,Metal Polish - Cream - Generic - 500gm,KG,125,125,125,18,Bengaluru,Karnataka,admin_manual,TRUE
MAT-002222,MAT-002222,MAT-002222,Metal Polish - Liquid - Brasso - 500ml,Metal Polish - Liquid - Brasso - 500ml,Polish,Liquid,Metal Polish - Liquid - Brasso - 500ml,ML,145,145,145,18,Bengaluru,Karnataka,admin_manual,TRUE
MAT-002223,MAT-002223,MAT-002223,Metal Polish - Paste - Silvo - 250gm,Metal Polish - Paste - Silvo - 250gm,Polish,Paste,Metal Polish - Paste - Silvo - 250gm,KG,165,165,165,18,Bengaluru,Karnataka,admin_manual,TRUE
MAT-002225,MAT-002225,MAT-002225,Stainless Steel Cleaner - Spray - 3M - 500ml,Stainless Steel Cleaner - Spray - 3M - 500ml,Polish,Spray,Stainless Steel Cleaner - Spray - 3M - 500ml,ML,185,185,185,18,Bengaluru,Karnataka,admin_manual,TRUE
MAT-002229,MAT-002229,MAT-002229,Surface Polish - Multipurpose - Colin - 500ml,Surface Polish - Multipurpose - Colin - 500ml,Polish,Multipurpose,Surface Polish - Multipurpose - Colin - 500ml,ML,95,95,95,18,Bengaluru,Karnataka,admin_manual,TRUE
MAT-002228,MAT-002228,MAT-002228,Tile Polish - Ceramic Cleaner - Generic - 500ml,Tile Polish - Ceramic Cleaner - Generic - 500ml,Polish,Ceramic Cleaner,Tile Polish - Ceramic Cleaner - Generic - 500ml,ML,125,125,125,18,Bengaluru,Karnataka,admin_manual,TRUE
MAT-002227,MAT-002227,MAT-002227,Tile Polish - Granite Gloss - Pidilite - 1L,Tile Polish - Granite Gloss - Pidilite - 1L,Polish,Granite Gloss,Tile Polish - Granite Gloss - Pidilite - 1L,LTR,265,265,265,18,Bengaluru,Karnataka,admin_manual,TRUE
MAT-002226,MAT-002226,MAT-002226,Tile Polish - Marble Shine - Roff - 1L,Tile Polish - Marble Shine - Roff - 1L,Polish,Marble Shine,Tile Polish - Marble Shine - Roff - 1L,LTR,245,245,245,18,Bengaluru,Karnataka,admin_manual,TRUE
MAT-002216,MAT-002216,MAT-002216,Wood Polish - Melamine Gloss - Asian Paints - 1L,Wood Polish - Melamine Gloss - Asian Paints - 1L,Polish,Melamine Gloss,Wood Polish - Melamine Gloss - Asian Paints - 1L,LTR,285,285,285,18,Bengaluru,Karnataka,admin_manual,TRUE
MAT-002217,MAT-002217,MAT-002217,Wood Polish - Melamine Matt - Asian Paints - 1L,Wood Polish - Melamine Matt - Asian Paints - 1L,Polish,Melamine Matt,Wood Polish - Melamine Matt - Asian Paints - 1L,LTR,275,275,275,18,Bengaluru,Karnataka,admin_manual,TRUE
MAT-002218,MAT-002218,MAT-002218,Wood Polish - PU Gloss - ICA - 1L,Wood Polish - PU Gloss - ICA - 1L,Polish,PU Gloss,Wood Polish - PU Gloss - ICA - 1L,LTR,425,425,425,18,Bengaluru,Karnataka,admin_manual,TRUE
MAT-002219,MAT-002219,MAT-002219,Wood Polish - PU Matt - ICA - 1L,Wood Polish - PU Matt - ICA - 1L,Polish,PU Matt,Wood Polish - PU Matt - ICA - 1L,LTR,415,415,415,18,Bengaluru,Karnataka,admin_manual,TRUE
MAT-002221,MAT-002221,MAT-002221,Wood Polish - Shellac - Generic - 500ml,Wood Polish - Shellac - Generic - 500ml,Polish,Shellac,Wood Polish - Shellac - Generic - 500ml,ML,165,165,165,18,Bengaluru,Karnataka,admin_manual,TRUE
MAT-002220,MAT-002220,MAT-002220,Wood Polish - Wax Based - Fevicol - 500ml,Wood Polish - Wax Based - Fevicol - 500ml,Polish,Wax Based,Wood Polish - Wax Based - Fevicol - 500ml,ML,185,185,185,18,Bengaluru,Karnataka,admin_manual,TRUE
MAT-002240,MAT-002240,MAT-002240,"Polishing Pad - Felt - Generic - 4""","Polishing Pad - Felt - Generic - 4""",Polishing Pads,Felt,"Polishing Pad - Felt - Generic - 4""",NOS,45,45,45,18,Bengaluru,Karnataka,admin_manual,TRUE
MAT-002241,MAT-002241,MAT-002241,"Polishing Pad - Foam - Norton - 5""","Polishing Pad - Foam - Norton - 5""",Polishing Pads,Foam,"Polishing Pad - Foam - Norton - 5""",NOS,55,55,55,18,Bengaluru,Karnataka,admin_manual,TRUE
MAT-002242,MAT-002242,MAT-002242,"Polishing Pad - Wool - Bosch - 6""","Polishing Pad - Wool - Bosch - 6""",Polishing Pads,Wool,"Polishing Pad - Wool - Bosch - 6""",NOS,65,65,65,18,Bengaluru,Karnataka,admin_manual,TRUE
MAT-002243,MAT-002243,MAT-002243,Protection Sheet - Corrugated Plastic - 2mm - Generic,Protection Sheet - Corrugated Plastic - 2mm - Generic,Roffing Sheet,Corrugated Plastic,Protection Sheet - Corrugated Plastic - 2mm - Generic,SQFT,12,12,12,18,Bengaluru,Karnataka,admin_manual,TRUE
MAT-002244,MAT-002244,MAT-002244,Protection Sheet - Corrugated Plastic - 3mm - Generic,Protection Sheet - Corrugated Plastic - 3mm - Generic,Roffing Sheet,Corrugated Plastic,Protection Sheet - Corrugated Plastic - 3mm - Generic,SQFT,15,15,15,18,Bengaluru,Karnataka,admin_manual,TRUE
MAT-002245,MAT-002245,MAT-002245,Protection Sheet - Foam Roll - 2mm - Generic,Protection Sheet - Foam Roll - 2mm - Generic,Roffing Sheet,Foam Roll,Protection Sheet - Foam Roll - 2mm - Generic,SQFT,10,10,10,18,Bengaluru,Karnataka,admin_manual,TRUE
MAT-002252,MAT-002252,MAT-002252,Asbestos Sheet (6mm) - 10'x3' - Corrugated - Ramco,Asbestos Sheet (6mm) - 10'x3' - Corrugated - Ramco,Roofing,Roofing Material,Asbestos Sheet (6mm) - 10'x3' - Corrugated - Ramco,SHEET,540,540,540,18,Bengaluru,Karnataka,admin_manual,TRUE
MAT-002260,MAT-002260,MAT-002260,Asbestos Sheet (6mm) - 10'x3' - Plain - Ramco,Asbestos Sheet (6mm) - 10'x3' - Plain - Ramco,Roofing,Roofing Material,Asbestos Sheet (6mm) - 10'x3' - Plain - Ramco,SHEET,510,510,510,18,Bengaluru,Karnataka,admin_manual,TRUE
MAT-002249,MAT-002249,MAT-002249,Asbestos Sheet (6mm) - 10'x3' - Standard - Ramco,Asbestos Sheet (6mm) - 10'x3' - Standard - Ramco,Roofing,Roofing Material,Asbestos Sheet (6mm) - 10'x3' - Standard - Ramco,SHEET,520,520,520,18,Bengaluru,Karnataka,admin_manual,TRUE
MAT-002256,MAT-002256,MAT-002256,Asbestos Sheet (6mm) - 10'x4' - Corrugated - Visaka,Asbestos Sheet (6mm) - 10'x4' - Corrugated - Visaka,Roofing,Roofing Material,Asbestos Sheet (6mm) - 10'x4' - Corrugated - Visaka,SHEET,600,600,600,18,Bengaluru,Karnataka,admin_manual,TRUE
MAT-002263,MAT-002263,MAT-002263,Asbestos Sheet (6mm) - 10'x4' - Plain - Visaka,Asbestos Sheet (6mm) - 10'x4' - Plain - Visaka,Roofing,Roofing Material,Asbestos Sheet (6mm) - 10'x4' - Plain - Visaka,SHEET,580,580,580,18,Bengaluru,Karnataka,admin_manual,TRUE
MAT-002254,MAT-002254,MAT-002254,Asbestos Sheet (6mm) - 10'x4' - Standard - Visaka,Asbestos Sheet (6mm) - 10'x4' - Standard - Visaka,Roofing,Roofing Material,Asbestos Sheet (6mm) - 10'x4' - Standard - Visaka,SHEET,580,580,580,18,Bengaluru,Karnataka,admin_manual,TRUE
MAT-002250,MAT-002250,MAT-002250,Asbestos Sheet (6mm) - 6'x3' - Corrugated - Ramco,Asbestos Sheet (6mm) - 6'x3' - Corrugated - Ramco,Roofing,Roofing Material,Asbestos Sheet (6mm) - 6'x3' - Corrugated - Ramco,SHEET,340,340,340,18,Bengaluru,Karnataka,admin_manual,TRUE
MAT-002257,MAT-002257,MAT-002257,Asbestos Sheet (6mm) - 6'x3' - Plain - Ramco,Asbestos Sheet (6mm) - 6'x3' - Plain - Ramco,Roofing,Roofing Material,Asbestos Sheet (6mm) - 6'x3' - Plain - Ramco,SHEET,310,310,310,18,Bengaluru,Karnataka,admin_manual,TRUE
MAT-002246,MAT-002246,MAT-002246,Asbestos Sheet (6mm) - 6'x3' - Standard - Ramco,Asbestos Sheet (6mm) - 6'x3' - Standard - Ramco,Roofing,Roofing Material,Asbestos Sheet (6mm) - 6'x3' - Standard - Ramco,SHEET,320,320,320,18,Bengaluru,Karnataka,admin_manual,TRUE
MAT-002261,MAT-002261,MAT-002261,Asbestos Sheet (6mm) - 6'x4' - Plain - Visaka,Asbestos Sheet (6mm) - 6'x4' - Plain - Visaka,Roofing,Roofing Material,Asbestos Sheet (6mm) - 6'x4' - Plain - Visaka,SHEET,340,340,340,18,Bengaluru,Karnataka,admin_manual,TRUE
MAT-002258,MAT-002258,MAT-002258,Asbestos Sheet (6mm) - 7'x3' - Plain - Ramco,Asbestos Sheet (6mm) - 7'x3' - Plain - Ramco,Roofing,Roofing Material,Asbestos Sheet (6mm) - 7'x3' - Plain - Ramco,SHEET,360,360,360,18,Bengaluru,Karnataka,admin_manual,TRUE
MAT-002247,MAT-002247,MAT-002247,Asbestos Sheet (6mm) - 7'x3' - Standard - Ramco,Asbestos Sheet (6mm) - 7'x3' - Standard - Ramco,Roofing,Roofing Material,Asbestos Sheet (6mm) - 7'x3' - Standard - Ramco,SHEET,370,370,370,18,Bengaluru,Karnataka,admin_manual,TRUE
MAT-002251,MAT-002251,MAT-002251,Asbestos Sheet (6mm) - 8'x3' - Corrugated - Ramco,Asbestos Sheet (6mm) - 8'x3' - Corrugated - Ramco,Roofing,Roofing Material,Asbestos Sheet (6mm) - 8'x3' - Corrugated - Ramco,SHEET,440,440,440,18,Bengaluru,Karnataka,admin_manual,TRUE
MAT-002259,MAT-002259,MAT-002259,Asbestos Sheet (6mm) - 8'x3' - Plain - Ramco,Asbestos Sheet (6mm) - 8'x3' - Plain - Ramco,Roofing,Roofing Material,Asbestos Sheet (6mm) - 8'x3' - Plain - Ramco,SHEET,410,410,410,18,Bengaluru,Karnataka,admin_manual,TRUE
MAT-002248,MAT-002248,MAT-002248,Asbestos Sheet (6mm) - 8'x3' - Standard - Ramco,Asbestos Sheet (6mm) - 8'x3' - Standard - Ramco,Roofing,Roofing Material,Asbestos Sheet (6mm) - 8'x3' - Standard - Ramco,SHEET,420,420,420,18,Bengaluru,Karnataka,admin_manual,TRUE
MAT-002255,MAT-002255,MAT-002255,Asbestos Sheet (6mm) - 8'x4' - Corrugated - Visaka,Asbestos Sheet (6mm) - 8'x4' - Corrugated - Visaka,Roofing,Roofing Material,Asbestos Sheet (6mm) - 8'x4' - Corrugated - Visaka,SHEET,480,480,480,18,Bengaluru,Karnataka,admin_manual,TRUE
MAT-002262,MAT-002262,MAT-002262,Asbestos Sheet (6mm) - 8'x4' - Plain - Visaka,Asbestos Sheet (6mm) - 8'x4' - Plain - Visaka,Roofing,Roofing Material,Asbestos Sheet (6mm) - 8'x4' - Plain - Visaka,SHEET,460,460,460,18,Bengaluru,Karnataka,admin_manual,TRUE
MAT-002253,MAT-002253,MAT-002253,Asbestos Sheet (6mm) - 8'x4' - Standard - Visaka,Asbestos Sheet (6mm) - 8'x4' - Standard - Visaka,Roofing,Roofing Material,Asbestos Sheet (6mm) - 8'x4' - Standard - Visaka,SHEET,460,460,460,18,Bengaluru,Karnataka,admin_manual,TRUE
MAT-002268,MAT-002268,MAT-002268,Roofing Sheet - Fiber - Opaque - 2mm x 3m,Roofing Sheet - Fiber - Opaque - 2mm x 3m,Roofing,Roofing Sheet,Roofing Sheet - Fiber - Opaque - 2mm x 3m,SQFT,52,52,52,18,Bengaluru,Karnataka,admin_manual,TRUE
MAT-002269,MAT-002269,MAT-002269,Roofing Sheet - Fiber - Translucent - 2mm x 3m,Roofing Sheet - Fiber - Translucent - 2mm x 3m,Roofing,Roofing Sheet,Roofing Sheet - Fiber - Translucent - 2mm x 3m,SQFT,56,56,56,18,Bengaluru,Karnataka,admin_manual,TRUE
MAT-002264,MAT-002264,MAT-002264,Roofing Sheet - GI - Corrugated - 0.45mm x 3m,Roofing Sheet - GI - Corrugated - 0.45mm x 3m,Roofing,Roofing Sheet,Roofing Sheet - GI - Corrugated - 0.45mm x 3m,SQFT,42,42,42,18,Bengaluru,Karnataka,admin_manual,TRUE
MAT-002265,MAT-002265,MAT-002265,Roofing Sheet - GI - Plain - 0.5mm x 3m,Roofing Sheet - GI - Plain - 0.5mm x 3m,Roofing,Roofing Sheet,Roofing Sheet - GI - Plain - 0.5mm x 3m,SQFT,44,44,44,18,Bengaluru,Karnataka,admin_manual,TRUE
MAT-002270,MAT-002270,MAT-002270,Roofing Sheet - GI Color Coated - 0.45mm - Blue,Roofing Sheet - GI Color Coated - 0.45mm - Blue,Roofing,Roofing Sheet,Roofing Sheet - GI Color Coated - 0.45mm - Blue,SQFT,52,52,52,18,Bengaluru,Karnataka,admin_manual,TRUE
MAT-002271,MAT-002271,MAT-002271,Roofing Sheet - GI Color Coated - 0.45mm - Green,Roofing Sheet - GI Color Coated - 0.45mm - Green,Roofing,Roofing Sheet,Roofing Sheet - GI Color Coated - 0.45mm - Green,SQFT,52,52,52,18,Bengaluru,Karnataka,admin_manual,TRUE
MAT-002272,MAT-002272,MAT-002272,Roofing Sheet - GI Color Coated - 0.5mm - Brick Red,Roofing Sheet - GI Color Coated - 0.5mm - Brick Red,Roofing,Roofing Sheet,Roofing Sheet - GI Color Coated - 0.5mm - Brick Red,SQFT,54,54,54,18,Bengaluru,Karnataka,admin_manual,TRUE
MAT-002273,MAT-002273,MAT-002273,Roofing Sheet - GI Color Coated - 0.5mm - White,Roofing Sheet - GI Color Coated - 0.5mm - White,Roofing,Roofing Sheet,Roofing Sheet - GI Color Coated - 0.5mm - White,SQFT,54,54,54,18,Bengaluru,Karnataka,admin_manual,TRUE
MAT-002274,MAT-002274,MAT-002274,Roofing Sheet - Galvalume Color Coated - 0.47mm - Blue,Roofing Sheet - Galvalume Color Coated - 0.47mm - Blue,Roofing,Roofing Sheet,Roofing Sheet - Galvalume Color Coated - 0.47mm - Blue,SQFT,56,56,56,18,Bengaluru,Karnataka,admin_manual,TRUE
MAT-002275,MAT-002275,MAT-002275,Roofing Sheet - Galvalume Color Coated - 0.5mm - Terracotta,Roofing Sheet - Galvalume Color Coated - 0.5mm - Terracotta,Roofing,Roofing Sheet,Roofing Sheet - Galvalume Color Coated - 0.5mm - Terracotta,SQFT,58,58,58,18,Bengaluru,Karnataka,admin_manual,TRUE
MAT-002276,MAT-002276,MAT-002276,Roofing Sheet - Galvalume Color Coated - 0.6mm - Green,Roofing Sheet - Galvalume Color Coated - 0.6mm - Green,Roofing,Roofing Sheet,Roofing Sheet - Galvalume Color Coated - 0.6mm - Green,SQFT,60,60,60,18,Bengaluru,Karnataka,admin_manual,TRUE
MAT-002277,MAT-002277,MAT-002277,Roofing Sheet - Galvalume Color Coated - 0.6mm - Grey,Roofing Sheet - Galvalume Color Coated - 0.6mm - Grey,Roofing,Roofing Sheet,Roofing Sheet - Galvalume Color Coated - 0.6mm - Grey,SQFT,60,60,60,18,Bengaluru,Karnataka,admin_manual,TRUE
MAT-002267,MAT-002267,MAT-002267,Roofing Sheet - Polycarbonate - Embossed - 2mm x 3m,Roofing Sheet - Polycarbonate - Embossed - 2mm x 3m,Roofing,Roofing Sheet,Roofing Sheet - Polycarbonate - Embossed - 2mm x 3m,SQFT,68,68,68,18,Bengaluru,Karnataka,admin_manual,TRUE
MAT-002266,MAT-002266,MAT-002266,Roofing Sheet - Polycarbonate - Transparent - 2mm x 3m,Roofing Sheet - Polycarbonate - Transparent - 2mm x 3m,Roofing,Roofing Sheet,Roofing Sheet - Polycarbonate - Transparent - 2mm x 3m,SQFT,65,65,65,18,Bengaluru,Karnataka,admin_manual,TRUE
MAT-002281,MAT-002281,MAT-002281,"Barricade Tape - Red/White - 3"" x 100m","Barricade Tape - Red/White - 3"" x 100m",Safety,Red/White,"Barricade Tape - Red/White - 3"" x 100m",NOS,145,145,145,18,Bengaluru,Karnataka,admin_manual,TRUE
MAT-002282,MAT-002282,MAT-002282,Fire Extinguisher - ABC Type - 4kg,Fire Extinguisher - ABC Type - 4kg,Safety,ABC Type,Fire Extinguisher - ABC Type - 4kg,NOS,1450,1450,1450,18,Bengaluru,Karnataka,admin_manual,TRUE
MAT-002280,MAT-002280,MAT-002280,"Reflective Jacket - Orange - 2"" Tape","Reflective Jacket - Orange - 2"" Tape",Safety,Orange,"Reflective Jacket - Orange - 2"" Tape",NOS,185,185,185,18,Bengaluru,Karnataka,admin_manual,TRUE
MAT-002278,MAT-002278,MAT-002278,Safety Helmet - HDPE - Yellow,Safety Helmet - HDPE - Yellow,Safety,HDPE,Safety Helmet - HDPE - Yellow,NOS,125,125,125,18,Bengaluru,Karnataka,admin_manual,TRUE
MAT-002279,MAT-002279,MAT-002279,Safety Shoes - Steel Toe - Size 9,Safety Shoes - Steel Toe - Size 9,Safety,Steel Toe,Safety Shoes - Steel Toe - Size 9,NOS,850,850,850,18,Bengaluru,Karnataka,admin_manual,TRUE
MSAG106476,MSAG106476,MSAG106476,M-Sand for Waterproofing Screed,M-Sand for Waterproofing Screed,Sand,,Fine graded plastering/screed M-sand,CFT,58,58,58,18,Bengaluru,Karnataka,admin_manual,TRUE
RIVG106477,RIVG106477,RIVG106477,River Sand for Waterproofing Screed,River Sand for Waterproofing Screed,Sand,,Fine screened river sand,CFT,75,75,75,18,Bengaluru,Karnataka,admin_manual,TRUE
MAT-002285,MAT-002285,MAT-002285,"Sanding Roll - Abrasive - Norton - 2"" x 10m","Sanding Roll - Abrasive - Norton - 2"" x 10m",Sanding Paper,Abrasive,"Sanding Roll - Abrasive - Norton - 2"" x 10m",M,95,95,95,18,Bengaluru,Karnataka,admin_manual,TRUE
MAT-002284,MAT-002284,MAT-002284,Sanding Sheet - Emery - Generic - 120 Grit,Sanding Sheet - Emery - Generic - 120 Grit,Sanding Paper,Emery,Sanding Sheet - Emery - Generic - 120 Grit,SQFT,14,14,14,18,Bengaluru,Karnataka,admin_manual,TRUE
MAT-002283,MAT-002283,MAT-002283,Sanding Sheet - Emery - Generic - 80 Grit,Sanding Sheet - Emery - Generic - 80 Grit,Sanding Paper,Emery,Sanding Sheet - Emery - Generic - 80 Grit,SQFT,12,12,12,18,Bengaluru,Karnataka,admin_manual,TRUE
MAT-002313,MAT-002313,MAT-002313,Bathroom - Bidet - Floor Mount - Cera - Ruby,Bathroom - Bidet - Floor Mount - Cera - Ruby,Sanitaryware,Sanitaryware,Bathroom - Bidet - Floor Mount - Cera - Ruby,NOS,2950,2950,2950,18,Bengaluru,Karnataka,admin_manual,TRUE
MAT-002311,MAT-002311,MAT-002311,Bathroom - Bidet - Floor Mount - Roca - The Gap,Bathroom - Bidet - Floor Mount - Roca - The Gap,Sanitaryware,Sanitaryware,Bathroom - Bidet - Floor Mount - Roca - The Gap,NOS,3250,3250,3250,18,Bengaluru,Karnataka,admin_manual,TRUE
MAT-002312,MAT-002312,MAT-002312,Bathroom - Bidet - Wall Mount - Roca - Dama,Bathroom - Bidet - Wall Mount - Roca - Dama,Sanitaryware,Sanitaryware,Bathroom - Bidet - Wall Mount - Roca - Dama,NOS,3450,3450,3450,18,Bengaluru,Karnataka,admin_manual,TRUE
MAT-002306,MAT-002306,MAT-002306,Bathroom - Concealed System - Dual Flush - Grohe - Rapid SL,Bathroom - Concealed System - Dual Flush - Grohe - Rapid SL,Sanitaryware,Sanitaryware,Bathroom - Concealed System - Dual Flush - Grohe - Rapid SL,NOS,3850,3850,3850,18,Bengaluru,Karnataka,admin_manual,TRUE
MAT-002304,MAT-002304,MAT-002304,Bathroom - Concealed System - Dual Flush - Parryware - Slimline,Bathroom - Concealed System - Dual Flush - Parryware - Slimline,Sanitaryware,Sanitaryware,Bathroom - Concealed System - Dual Flush - Parryware - Slimline,NOS,1850,1850,1850,18,Bengaluru,Karnataka,admin_manual,TRUE
MAT-002305,MAT-002305,MAT-002305,Bathroom - Concealed System - Dual Flush - Roca - Duplo,Bathroom - Concealed System - Dual Flush - Roca - Duplo,Sanitaryware,Sanitaryware,Bathroom - Concealed System - Dual Flush - Roca - Duplo,NOS,2250,2250,2250,18,Bengaluru,Karnataka,admin_manual,TRUE
MAT-002302,MAT-002302,MAT-002302,Bathroom - Diverter - 3-in-1 - Cera - Garnet,Bathroom - Diverter - 3-in-1 - Cera - Garnet,Sanitaryware,Sanitaryware,Bathroom - Diverter - 3-in-1 - Cera - Garnet,NOS,1750,1750,1750,18,Bengaluru,Karnataka,admin_manual,TRUE
MAT-002303,MAT-002303,MAT-002303,Bathroom - Diverter - 3-in-1 - Grohe - Eurosmart,Bathroom - Diverter - 3-in-1 - Grohe - Eurosmart,Sanitaryware,Sanitaryware,Bathroom - Diverter - 3-in-1 - Grohe - Eurosmart,NOS,2850,2850,2850,18,Bengaluru,Karnataka,admin_manual,TRUE
MAT-002300,MAT-002300,MAT-002300,Bathroom - Diverter - 3-in-1 - Parryware - Claret,Bathroom - Diverter - 3-in-1 - Parryware - Claret,Sanitaryware,Sanitaryware,Bathroom - Diverter - 3-in-1 - Parryware - Claret,NOS,1850,1850,1850,18,Bengaluru,Karnataka,admin_manual,TRUE
MAT-002301,MAT-002301,MAT-002301,Bathroom - Diverter - 3-in-1 - Roca - Monodin,Bathroom - Diverter - 3-in-1 - Roca - Monodin,Sanitaryware,Sanitaryware,Bathroom - Diverter - 3-in-1 - Roca - Monodin,NOS,2150,2150,2150,18,Bengaluru,Karnataka,admin_manual,TRUE
MAT-002309,MAT-002309,MAT-002309,Bathroom - Urinal - Wall Mount - Cera - Garnet,Bathroom - Urinal - Wall Mount - Cera - Garnet,Sanitaryware,Urinal,Bathroom - Urinal - Wall Mount - Cera - Garnet,NOS,1750,1750,1750,18,Bengaluru,Karnataka,admin_manual,TRUE
MAT-002310,MAT-002310,MAT-002310,Bathroom - Urinal - Wall Mount - Grohe - BauEdge,Bathroom - Urinal - Wall Mount - Grohe - BauEdge,Sanitaryware,Urinal,Bathroom - Urinal - Wall Mount - Grohe - BauEdge,NOS,2850,2850,2850,18,Bengaluru,Karnataka,admin_manual,TRUE
MAT-002307,MAT-002307,MAT-002307,Bathroom - Urinal - Wall Mount - Parryware - Cascade,Bathroom - Urinal - Wall Mount - Parryware - Cascade,Sanitaryware,Urinal,Bathroom - Urinal - Wall Mount - Parryware - Cascade,NOS,1850,1850,1850,18,Bengaluru,Karnataka,admin_manual,TRUE
MAT-002308,MAT-002308,MAT-002308,Bathroom - Urinal - Wall Mount - Roca - Nexo,Bathroom - Urinal - Wall Mount - Roca - Nexo,Sanitaryware,Urinal,Bathroom - Urinal - Wall Mount - Roca - Nexo,NOS,2150,2150,2150,18,Bengaluru,Karnataka,admin_manual,TRUE
MAT-002290,MAT-002290,MAT-002290,Bathroom - WC Unit - Floor Mounted - Cera - Garnet,Bathroom - WC Unit - Floor Mounted - Cera - Garnet,Sanitaryware,Floor Mounted,Bathroom - WC Unit - Floor Mounted - Cera - Garnet,NOS,2750,2750,2750,18,Bengaluru,Karnataka,admin_manual,TRUE
MAT-002286,MAT-002286,MAT-002286,Bathroom - WC Unit - Floor Mounted - Parryware - Cascade,Bathroom - WC Unit - Floor Mounted - Parryware - Cascade,Sanitaryware,Floor Mounted,Bathroom - WC Unit - Floor Mounted - Parryware - Cascade,NOS,2850,2850,2850,18,Bengaluru,Karnataka,admin_manual,TRUE
MAT-002288,MAT-002288,MAT-002288,Bathroom - WC Unit - Floor Mounted - Roca - The Gap,Bathroom - WC Unit - Floor Mounted - Roca - The Gap,Sanitaryware,Floor Mounted,Bathroom - WC Unit - Floor Mounted - Roca - The Gap,NOS,4200,4200,4200,18,Bengaluru,Karnataka,admin_manual,TRUE
MAT-002291,MAT-002291,MAT-002291,Bathroom - WC Unit - Wall Hung - Cera - Ruby,Bathroom - WC Unit - Wall Hung - Cera - Ruby,Sanitaryware,Wall Hung,Bathroom - WC Unit - Wall Hung - Cera - Ruby,NOS,3100,3100,3100,18,Bengaluru,Karnataka,admin_manual,TRUE
MAT-002292,MAT-002292,MAT-002292,Bathroom - WC Unit - Wall Hung - Grohe - Eurocube,Bathroom - WC Unit - Wall Hung - Grohe - Eurocube,Sanitaryware,Wall Hung,Bathroom - WC Unit - Wall Hung - Grohe - Eurocube,NOS,5800,5800,5800,18,Bengaluru,Karnataka,admin_manual,TRUE
MAT-002287,MAT-002287,MAT-002287,Bathroom - WC Unit - Wall Hung - Parryware - Claret,Bathroom - WC Unit - Wall Hung - Parryware - Claret,Sanitaryware,Wall Hung,Bathroom - WC Unit - Wall Hung - Parryware - Claret,NOS,3250,3250,3250,18,Bengaluru,Karnataka,admin_manual,TRUE
MAT-002289,MAT-002289,MAT-002289,Bathroom - WC Unit - Wall Hung - Roca - Nexo,Bathroom - WC Unit - Wall Hung - Roca - Nexo,Sanitaryware,Wall Hung,Bathroom - WC Unit - Wall Hung - Roca - Nexo,NOS,4600,4600,4600,18,Bengaluru,Karnataka,admin_manual,TRUE
MAT-002297,MAT-002297,MAT-002297,Bathroom - Wash Basin - Table Top - Cera - Garnet,Bathroom - Wash Basin - Table Top - Cera - Garnet,Sanitaryware,Wash Basin,Bathroom - Wash Basin - Table Top - Cera - Garnet,NOS,1350,1350,1350,18,Bengaluru,Karnataka,admin_manual,TRUE
MAT-002299,MAT-002299,MAT-002299,Bathroom - Wash Basin - Table Top - Grohe - BauEdge,Bathroom - Wash Basin - Table Top - Grohe - BauEdge,Sanitaryware,Wash Basin,Bathroom - Wash Basin - Table Top - Grohe - BauEdge,NOS,2250,2250,2250,18,Bengaluru,Karnataka,admin_manual,TRUE
MAT-002293,MAT-002293,MAT-002293,Bathroom - Wash Basin - Table Top - Parryware - Alpha,Bathroom - Wash Basin - Table Top - Parryware - Alpha,Sanitaryware,Wash Basin,Bathroom - Wash Basin - Table Top - Parryware - Alpha,NOS,1450,1450,1450,18,Bengaluru,Karnataka,admin_manual,TRUE
MAT-002295,MAT-002295,MAT-002295,Bathroom - Wash Basin - Table Top - Roca - Victoria,Bathroom - Wash Basin - Table Top - Roca - Victoria,Sanitaryware,Wash Basin,Bathroom - Wash Basin - Table Top - Roca - Victoria,NOS,1850,1850,1850,18,Bengaluru,Karnataka,admin_manual,TRUE
MAT-002298,MAT-002298,MAT-002298,Bathroom - Wash Basin - Wall Mount - Cera - Ruby,Bathroom - Wash Basin - Wall Mount - Cera - Ruby,Sanitaryware,Wash Basin,Bathroom - Wash Basin - Wall Mount - Cera - Ruby,NOS,1150,1150,1150,18,Bengaluru,Karnataka,admin_manual,TRUE
MAT-002294,MAT-002294,MAT-002294,Bathroom - Wash Basin - Wall Mount - Parryware - Fusion,Bathroom - Wash Basin - Wall Mount - Parryware - Fusion,Sanitaryware,Wash Basin,Bathroom - Wash Basin - Wall Mount - Parryware - Fusion,NOS,1250,1250,1250,18,Bengaluru,Karnataka,admin_manual,TRUE
MAT-002296,MAT-002296,MAT-002296,Bathroom - Wash Basin - Wall Mount - Roca - Dama,Bathroom - Wash Basin - Wall Mount - Roca - Dama,Sanitaryware,Wash Basin,Bathroom - Wash Basin - Wall Mount - Roca - Dama,NOS,1650,1650,1650,18,Bengaluru,Karnataka,admin_manual,TRUE
MAT-002319,MAT-002319,MAT-002319,Compact,Compact,Sanitaryware,Sanitaryware,Compact,NOS,7990,7990,7990,18,Bengaluru,Karnataka,admin_manual,TRUE
MAT-002332,MAT-002332,MAT-002332,FUZUNEX Nozzle Bib Cock FS-104,FUZUNEX Nozzle Bib Cock FS-104,Sanitaryware,Sanitaryware,FUZUNEX Nozzle Bib Cock FS-104,NOS,1275,1275,1275,18,Bengaluru,Karnataka,admin_manual,TRUE
MAT-002315,MAT-002315,MAT-002315,Gem,Gem,Sanitaryware,Sanitaryware,Gem,NOS,8140,8140,8140,18,Bengaluru,Karnataka,admin_manual,TRUE
MAT-002328,MAT-002328,MAT-002328,Generic TEFLON TAPE,Generic TEFLON TAPE,Sanitaryware,Sanitaryware,Generic TEFLON TAPE,NOS,30,30,30,18,Bengaluru,Karnataka,admin_manual,TRUE
MAT-002323,MAT-002323,MAT-002323,Hindware's AGNESE S-220 One Piece Closet,Hindware's AGNESE S-220 One Piece Closet,Sanitaryware,Sanitaryware,Hindware's AGNESE S-220 One Piece Closet,NOS,17170,17170,17170,18,Bengaluru,Karnataka,admin_manual,TRUE
MAT-002316,MAT-002316,MAT-002316,Karla,Karla,Sanitaryware,Sanitaryware,Karla,NOS,9950,9950,9950,18,Bengaluru,Karnataka,admin_manual,TRUE
MAT-002320,MAT-002320,MAT-002320,Parryware One Piece Toilets - Kaiser - Neutral,Parryware One Piece Toilets - Kaiser - Neutral,Sanitaryware,Sanitaryware,Parryware One Piece Toilets - Kaiser - Neutral,NOS,16500,16500,16500,18,Bengaluru,Karnataka,admin_manual,TRUE
MAT-002317,MAT-002317,MAT-002317,Parryware One Piece Toilets - Kaiser - White,Parryware One Piece Toilets - Kaiser - White,Sanitaryware,Sanitaryware,Parryware One Piece Toilets - Kaiser - White,NOS,13750,13750,13750,18,Bengaluru,Karnataka,admin_manual,TRUE
MAT-002318,MAT-002318,MAT-002318,Parryware Wash Basins - Jazz,Parryware Wash Basins - Jazz,Sanitaryware,Wash Basin,Parryware Wash Basins - Jazz,NOS,3050,3050,3050,18,Bengaluru,Karnataka,admin_manual,TRUE
MAT-002325,MAT-002325,MAT-002325,Roca Bath Tubs - Laguna,Roca Bath Tubs - Laguna,Sanitaryware,Sanitaryware,Roca Bath Tubs - Laguna,NOS,66800,66800,66800,18,Bengaluru,Karnataka,admin_manual,TRUE
MAT-002322,MAT-002322,MAT-002322,Roca Bath Tubs - Poise,Roca Bath Tubs - Poise,Sanitaryware,Sanitaryware,Roca Bath Tubs - Poise,NOS,115000,115000,115000,18,Bengaluru,Karnataka,admin_manual,TRUE
MAT-002321,MAT-002321,MAT-002321,Roca One Piece Toilets - Qube - White,Roca One Piece Toilets - Qube - White,Sanitaryware,Sanitaryware,Roca One Piece Toilets - Qube - White,NOS,22500,22500,22500,18,Bengaluru,Karnataka,admin_manual,TRUE
MAT-002314,MAT-002314,MAT-002314,Roca One Piece Toilets - Qube X - White,Roca One Piece Toilets - Qube X - White,Sanitaryware,Sanitaryware,Roca One Piece Toilets - Qube X - White,NOS,15250,15250,15250,18,Bengaluru,Karnataka,admin_manual,TRUE
MAT-002333,MAT-002333,MAT-002333,Wash Basin - 16 x 16 Corner,Wash Basin - 16 x 16 Corner,Sanitaryware,Wash Basin,Wash Basin - 16 x 16 Corner,NOS,27000,27000,27000,18,Bengaluru,Karnataka,admin_manual,TRUE
MAT-002334,MAT-002334,MAT-002334,Wash Basin - 18 x 13 Rani,Wash Basin - 18 x 13 Rani,Sanitaryware,Wash Basin,Wash Basin - 18 x 13 Rani,NOS,19000,19000,19000,18,Bengaluru,Karnataka,admin_manual,TRUE
MAT-002324,MAT-002324,MAT-002324,Wash Basin - 18 x 9 Dipti,Wash Basin - 18 x 9 Dipti,Sanitaryware,Wash Basin,Wash Basin - 18 x 9 Dipti,NOS,26000,26000,26000,18,Bengaluru,Karnataka,admin_manual,TRUE
MAT-002329,MAT-002329,MAT-002329,Wash Basin - 20 x 16,Wash Basin - 20 x 16,Sanitaryware,Wash Basin,Wash Basin - 20 x 16,NOS,14500,14500,14500,18,Bengaluru,Karnataka,admin_manual,TRUE
MAT-002326,MAT-002326,MAT-002326,Wash Basin - 20 x 16 Basin,Wash Basin - 20 x 16 Basin,Sanitaryware,Wash Basin,Wash Basin - 20 x 16 Basin,NOS,18300,18300,18300,18,Bengaluru,Karnataka,admin_manual,TRUE
MAT-002331,MAT-002331,MAT-002331,Wash Basin - 20 x 16 Tiwan,Wash Basin - 20 x 16 Tiwan,Sanitaryware,Wash Basin,Wash Basin - 20 x 16 Tiwan,NOS,14000,14000,14000,18,Bengaluru,Karnataka,admin_manual,TRUE
MAT-002330,MAT-002330,MAT-002330,Wash Basin - 22x16 Repose,Wash Basin - 22x16 Repose,Sanitaryware,Wash Basin,Wash Basin - 22x16 Repose,NOS,9800,9800,9800,18,Bengaluru,Karnataka,admin_manual,TRUE
MAT-002327,MAT-002327,MAT-002327,Wash Basin - 9 x 12 Jalbindu,Wash Basin - 9 x 12 Jalbindu,Sanitaryware,Wash Basin,Wash Basin - 9 x 12 Jalbindu,NOS,29000,29000,29000,18,Bengaluru,Karnataka,admin_manual,TRUE
MAT-002336,MAT-002336,MAT-002336,Sealant - Acrylic - Dr. Fixit - White 280ml,Sealant - Acrylic - Dr. Fixit - White 280ml,Sealant,Acrylic,Sealant - Acrylic - Dr. Fixit - White 280ml,ML,145,145,145,18,Bengaluru,Karnataka,admin_manual,TRUE
MAT-002335,MAT-002335,MAT-002335,Sealant - Silicone - Pidilite - Clear 280ml,Sealant - Silicone - Pidilite - Clear 280ml,Sealant,Silicone,Sealant - Silicone - Pidilite - Clear 280ml,ML,165,165,165,18,Bengaluru,Karnataka,admin_manual,TRUE
MAT-002351,MAT-002351,MAT-002351,"SS Base Plate - 2"" Pipe - 304 Grade - Mirror Finish","SS Base Plate - 2"" Pipe - 304 Grade - Mirror Finish",Stainless Steel,Mirror Finish,"SS Base Plate - 2"" Pipe - 304 Grade - Mirror Finish",NOS,85,85,85,18,Bengaluru,Karnataka,admin_manual,TRUE
MAT-002353,MAT-002353,MAT-002353,SS Connector - Modular - 304 Grade - Mirror Finish,SS Connector - Modular - 304 Grade - Mirror Finish,Stainless Steel,Modular,SS Connector - Modular - 304 Grade - Mirror Finish,NOS,95,95,95,18,Bengaluru,Karnataka,admin_manual,TRUE
MAT-002350,MAT-002350,MAT-002350,"SS Elbow - 2"" Dia - 304 Grade - Mirror Finish","SS Elbow - 2"" Dia - 304 Grade - Mirror Finish",Stainless Steel,Mirror Finish,"SS Elbow - 2"" Dia - 304 Grade - Mirror Finish",NOS,65,65,65,18,Bengaluru,Karnataka,admin_manual,TRUE
MAT-002352,MAT-002352,MAT-002352,"SS End Cap - 2"" Pipe - 202 Grade - Matt Finish","SS End Cap - 2"" Pipe - 202 Grade - Matt Finish",Stainless Steel,Matt Finish,"SS End Cap - 2"" Pipe - 202 Grade - Matt Finish",NOS,45,45,45,18,Bengaluru,Karnataka,admin_manual,TRUE
MAT-002345,MAT-002345,MAT-002345,SS Pipe - Rectangular - 40x20mm x 1.2mm - 202 Grade,SS Pipe - Rectangular - 40x20mm x 1.2mm - 202 Grade,Stainless Steel,Rectangular,SS Pipe - Rectangular - 40x20mm x 1.2mm - 202 Grade,M,135,135,135,18,Bengaluru,Karnataka,admin_manual,TRUE
MAT-002342,MAT-002342,MAT-002342,"SS Pipe - Round - 1.5"" Dia x 1.2mm - 304 Grade","SS Pipe - Round - 1.5"" Dia x 1.2mm - 304 Grade",Stainless Steel,Round,"SS Pipe - Round - 1.5"" Dia x 1.2mm - 304 Grade",M,185,185,185,18,Bengaluru,Karnataka,admin_manual,TRUE
MAT-002343,MAT-002343,MAT-002343,"SS Pipe - Round - 2"" Dia x 1.2mm - 202 Grade","SS Pipe - Round - 2"" Dia x 1.2mm - 202 Grade",Stainless Steel,Round,"SS Pipe - Round - 2"" Dia x 1.2mm - 202 Grade",M,145,145,145,18,Bengaluru,Karnataka,admin_manual,TRUE
MAT-002344,MAT-002344,MAT-002344,SS Pipe - Square - 25x25mm x 1.2mm - 304 Grade,SS Pipe - Square - 25x25mm x 1.2mm - 304 Grade,Stainless Steel,Square,SS Pipe - Square - 25x25mm x 1.2mm - 304 Grade,M,175,175,175,18,Bengaluru,Karnataka,admin_manual,TRUE
MAT-002338,MAT-002338,MAT-002338,"SS Railing - Modular - 2"" Pipe - 202 Grade - Matt Finish","SS Railing - Modular - 2"" Pipe - 202 Grade - Matt Finish",Stainless Steel,Modular,"SS Railing - Modular - 2"" Pipe - 202 Grade - Matt Finish",M,425,425,425,18,Bengaluru,Karnataka,admin_manual,TRUE
MAT-002337,MAT-002337,MAT-002337,"SS Railing - Modular - 2"" Pipe - 304 Grade - Mirror Finish","SS Railing - Modular - 2"" Pipe - 304 Grade - Mirror Finish",Stainless Steel,Modular,"SS Railing - Modular - 2"" Pipe - 304 Grade - Mirror Finish",M,485,485,485,18,Bengaluru,Karnataka,admin_manual,TRUE
MAT-002339,MAT-002339,MAT-002339,"SS Railing - Welded - 1.5"" Pipe - 304 Grade - Mirror Finish","SS Railing - Welded - 1.5"" Pipe - 304 Grade - Mirror Finish",Stainless Steel,Welded,"SS Railing - Welded - 1.5"" Pipe - 304 Grade - Mirror Finish",M,465,465,465,18,Bengaluru,Karnataka,admin_manual,TRUE
MAT-002340,MAT-002340,MAT-002340,"SS Railing - Welded - 2"" Pipe - 202 Grade - Matt Finish","SS Railing - Welded - 2"" Pipe - 202 Grade - Matt Finish",Stainless Steel,Welded,"SS Railing - Welded - 2"" Pipe - 202 Grade - Matt Finish",M,415,415,415,18,Bengaluru,Karnataka,admin_manual,TRUE
MAT-002341,MAT-002341,MAT-002341,"SS Railing Post - 2"" Dia - 304 Grade - Mirror Finish","SS Railing Post - 2"" Dia - 304 Grade - Mirror Finish",Stainless Steel,Mirror Finish,"SS Railing Post - 2"" Dia - 304 Grade - Mirror Finish",NOS,285,285,285,18,Bengaluru,Karnataka,admin_manual,TRUE
MAT-002346,MAT-002346,MAT-002346,SS Sheet - 0.8mm - 304 Grade - Mirror Finish,SS Sheet - 0.8mm - 304 Grade - Mirror Finish,Stainless Steel,Mirror Finish,SS Sheet - 0.8mm - 304 Grade - Mirror Finish,KG,265,265,265,18,Bengaluru,Karnataka,admin_manual,TRUE
MAT-002347,MAT-002347,MAT-002347,SS Sheet - 1.0mm - 202 Grade - Matt Finish,SS Sheet - 1.0mm - 202 Grade - Matt Finish,Stainless Steel,Matt Finish,SS Sheet - 1.0mm - 202 Grade - Matt Finish,KG,215,215,215,18,Bengaluru,Karnataka,admin_manual,TRUE
MAT-002348,MAT-002348,MAT-002348,SS Sheet - 1.2mm - 304 Grade - Embossed Finish,SS Sheet - 1.2mm - 304 Grade - Embossed Finish,Stainless Steel,Embossed Finish,SS Sheet - 1.2mm - 304 Grade - Embossed Finish,KG,285,285,285,18,Bengaluru,Karnataka,admin_manual,TRUE
MAT-002349,MAT-002349,MAT-002349,SS Sheet - 1.5mm - 202 Grade - Mirror Finish,SS Sheet - 1.5mm - 202 Grade - Mirror Finish,Stainless Steel,Mirror Finish,SS Sheet - 1.5mm - 202 Grade - Mirror Finish,KG,235,235,235,18,Bengaluru,Karnataka,admin_manual,TRUE
MAT-002356,MAT-002356,MAT-002356,Brass Strip 12mm Antique – Ebco,Brass Strip 12mm Antique – Ebco,Strip,Brass Strip 12mm Antique – Ebco,Brass Strip 12mm Antique – Ebco,NOS,110,110,110,18,Bengaluru,Karnataka,admin_manual,TRUE
MAT-002368,MAT-002368,MAT-002368,Brass Strip 12mm Glossy – Häfele,Brass Strip 12mm Glossy – Häfele,Strip,Brass Strip 12mm Glossy – Häfele,Brass Strip 12mm Glossy – Häfele,NOS,140,140,140,18,Bengaluru,Karnataka,admin_manual,TRUE
MAT-002369,MAT-002369,MAT-002369,Brass Strip 18mm Antique – Häfele,Brass Strip 18mm Antique – Häfele,Strip,Brass Strip 18mm Antique – Häfele,Brass Strip 18mm Antique – Häfele,NOS,160,160,160,18,Bengaluru,Karnataka,admin_manual,TRUE
MAT-002357,MAT-002357,MAT-002357,Brass Strip 18mm Glossy – Ozone,Brass Strip 18mm Glossy – Ozone,Strip,Brass Strip 18mm Glossy – Ozone,Brass Strip 18mm Glossy – Ozone,NOS,130,130,130,18,Bengaluru,Karnataka,admin_manual,TRUE
MAT-002372,MAT-002372,MAT-002372,Brass Strip 20mm Glossy – Häfele,Brass Strip 20mm Glossy – Häfele,Strip,Brass Strip 20mm Glossy – Häfele,Brass Strip 20mm Glossy – Häfele,NOS,150,150,150,18,Bengaluru,Karnataka,admin_manual,TRUE
MAT-002373,MAT-002373,MAT-002373,Brass Strip 25mm Antique – Häfele,Brass Strip 25mm Antique – Häfele,Strip,Brass Strip 25mm Antique – Häfele,Brass Strip 25mm Antique – Häfele,NOS,165,165,165,18,Bengaluru,Karnataka,admin_manual,TRUE
MAT-002360,MAT-002360,MAT-002360,Brass Strip 25mm Textured – Ebco,Brass Strip 25mm Textured – Ebco,Strip,Brass Strip 25mm Textured – Ebco,Brass Strip 25mm Textured – Ebco,NOS,140,140,140,18,Bengaluru,Karnataka,admin_manual,TRUE
MAT-002361,MAT-002361,MAT-002361,Brass Strip 30mm Glossy – Ozone,Brass Strip 30mm Glossy – Ozone,Strip,Brass Strip 30mm Glossy – Ozone,Brass Strip 30mm Glossy – Ozone,NOS,155,155,155,18,Bengaluru,Karnataka,admin_manual,TRUE
MAT-002364,MAT-002364,MAT-002364,Brass Strip 35mm Antique – Ebco,Brass Strip 35mm Antique – Ebco,Strip,Brass Strip 35mm Antique – Ebco,Brass Strip 35mm Antique – Ebco,NOS,160,160,160,18,Bengaluru,Karnataka,admin_manual,TRUE
MAT-002365,MAT-002365,MAT-002365,Brass Strip 40mm Glossy – Ozone,Brass Strip 40mm Glossy – Ozone,Strip,Brass Strip 40mm Glossy – Ozone,Brass Strip 40mm Glossy – Ozone,NOS,175,175,175,18,Bengaluru,Karnataka,admin_manual,TRUE
MAT-002354,MAT-002354,MAT-002354,SS Strip 12mm Polished – Ebco,SS Strip 12mm Polished – Ebco,Strip,SS Strip 12mm Polished – Ebco,SS Strip 12mm Polished – Ebco,NOS,70,70,70,18,Bengaluru,Karnataka,admin_manual,TRUE
MAT-002366,MAT-002366,MAT-002366,SS Strip 12mm Satin Finish – Häfele,SS Strip 12mm Satin Finish – Häfele,Strip,SS Strip 12mm Satin Finish – Häfele,SS Strip 12mm Satin Finish – Häfele,NOS,100,100,100,18,Bengaluru,Karnataka,admin_manual,TRUE
MAT-002355,MAT-002355,MAT-002355,SS Strip 18mm Brushed – Ozone,SS Strip 18mm Brushed – Ozone,Strip,SS Strip 18mm Brushed – Ozone,SS Strip 18mm Brushed – Ozone,NOS,85,85,85,18,Bengaluru,Karnataka,admin_manual,TRUE
MAT-002367,MAT-002367,MAT-002367,SS Strip 18mm Mirror Polish – Häfele,SS Strip 18mm Mirror Polish – Häfele,Strip,SS Strip 18mm Mirror Polish – Häfele,SS Strip 18mm Mirror Polish – Häfele,NOS,120,120,120,18,Bengaluru,Karnataka,admin_manual,TRUE
MAT-002370,MAT-002370,MAT-002370,SS Strip 20mm Satin – Häfele,SS Strip 20mm Satin – Häfele,Strip,SS Strip 20mm Satin – Häfele,SS Strip 20mm Satin – Häfele,NOS,115,115,115,18,Bengaluru,Karnataka,admin_manual,TRUE
MAT-002358,MAT-002358,MAT-002358,SS Strip 25mm Mirror Finish – Ebco,SS Strip 25mm Mirror Finish – Ebco,Strip,SS Strip 25mm Mirror Finish – Ebco,SS Strip 25mm Mirror Finish – Ebco,NOS,95,95,95,18,Bengaluru,Karnataka,admin_manual,TRUE
MAT-002371,MAT-002371,MAT-002371,SS Strip 25mm Mirror – Häfele,SS Strip 25mm Mirror – Häfele,Strip,SS Strip 25mm Mirror – Häfele,SS Strip 25mm Mirror – Häfele,NOS,130,130,130,18,Bengaluru,Karnataka,admin_manual,TRUE
MAT-002359,MAT-002359,MAT-002359,SS Strip 30mm Satin Finish – Ozone,SS Strip 30mm Satin Finish – Ozone,Strip,SS Strip 30mm Satin Finish – Ozone,SS Strip 30mm Satin Finish – Ozone,NOS,110,110,110,18,Bengaluru,Karnataka,admin_manual,TRUE
MAT-002362,MAT-002362,MAT-002362,SS Strip 35mm Satin Finish – Ebco,SS Strip 35mm Satin Finish – Ebco,Strip,SS Strip 35mm Satin Finish – Ebco,SS Strip 35mm Satin Finish – Ebco,NOS,125,125,125,18,Bengaluru,Karnataka,admin_manual,TRUE
MAT-002363,MAT-002363,MAT-002363,SS Strip 40mm Mirror Polish – Ozone,SS Strip 40mm Mirror Polish – Ozone,Strip,SS Strip 40mm Mirror Polish – Ozone,SS Strip 40mm Mirror Polish – Ozone,NOS,140,140,140,18,Bengaluru,Karnataka,admin_manual,TRUE
MAT-002396,MAT-002396,MAT-002396,Chequered Plate - 3mm - IS3502,Chequered Plate - 3mm - IS3502,Structural Steel,Structural Steel,Chequered Plate - 3mm - IS3502,KG,62,62,62,18,Bengaluru,Karnataka,admin_manual,TRUE
MAT-002397,MAT-002397,MAT-002397,Chequered Plate - 5mm - IS3502,Chequered Plate - 5mm - IS3502,Structural Steel,Structural Steel,Chequered Plate - 5mm - IS3502,KG,61,61,61,18,Bengaluru,Karnataka,admin_manual,TRUE
MAT-002398,MAT-002398,MAT-002398,Chequered Plate - 6mm - IS3502,Chequered Plate - 6mm - IS3502,Structural Steel,Structural Steel,Chequered Plate - 6mm - IS3502,KG,60,60,60,18,Bengaluru,Karnataka,admin_manual,TRUE
MAT-002405,MAT-002405,MAT-002405,GI Pipe - Rectangular - 60x40x2mm - IS4923,GI Pipe - Rectangular - 60x40x2mm - IS4923,Structural Steel,Structural Steel,GI Pipe - Rectangular - 60x40x2mm - IS4923,KG,74,74,74,18,Bengaluru,Karnataka,admin_manual,TRUE
MAT-002403,MAT-002403,MAT-002403,GI Pipe - Round - 40mm OD x 2mm - IS1239,GI Pipe - Round - 40mm OD x 2mm - IS1239,Structural Steel,Structural Steel,GI Pipe - Round - 40mm OD x 2mm - IS1239,KG,73,73,73,18,Bengaluru,Karnataka,admin_manual,TRUE
MAT-002404,MAT-002404,MAT-002404,GI Pipe - Square - 50x50x2mm - IS4923,GI Pipe - Square - 50x50x2mm - IS4923,Structural Steel,Structural Steel,GI Pipe - Square - 50x50x2mm - IS4923,KG,74,74,74,18,Bengaluru,Karnataka,admin_manual,TRUE
MAT-002400,MAT-002400,MAT-002400,GI Sheet - Corrugated - 0.5mm - IS277,GI Sheet - Corrugated - 0.5mm - IS277,Structural Steel,GI Sheet,GI Sheet - Corrugated - 0.5mm - IS277,KG,74,74,74,18,Bengaluru,Karnataka,admin_manual,TRUE
MAT-002402,MAT-002402,MAT-002402,GI Sheet - Corrugated - 0.8mm - IS277,GI Sheet - Corrugated - 0.8mm - IS277,Structural Steel,GI Sheet,GI Sheet - Corrugated - 0.8mm - IS277,KG,72,72,72,18,Bengaluru,Karnataka,admin_manual,TRUE
MAT-002399,MAT-002399,MAT-002399,GI Sheet - Plain - 0.5mm - IS277,GI Sheet - Plain - 0.5mm - IS277,Structural Steel,GI Sheet,GI Sheet - Plain - 0.5mm - IS277,KG,72,72,72,18,Bengaluru,Karnataka,admin_manual,TRUE
MAT-002401,MAT-002401,MAT-002401,GI Sheet - Plain - 0.8mm - IS277,GI Sheet - Plain - 0.8mm - IS277,Structural Steel,GI Sheet,GI Sheet - Plain - 0.8mm - IS277,KG,70,70,70,18,Bengaluru,Karnataka,admin_manual,TRUE
MAT-002374,MAT-002374,MAT-002374,MS Angle - 25x25x5mm - IS2062,MS Angle - 25x25x5mm - IS2062,Structural Steel,IS2062,MS Angle - 25x25x5mm - IS2062,KG,62,62,62,18,Bengaluru,Karnataka,admin_manual,TRUE
MAT-002375,MAT-002375,MAT-002375,MS Angle - 50x50x6mm - IS2062,MS Angle - 50x50x6mm - IS2062,Structural Steel,IS2062,MS Angle - 50x50x6mm - IS2062,KG,61,61,61,18,Bengaluru,Karnataka,admin_manual,TRUE
MAT-002376,MAT-002376,MAT-002376,MS Angle - 75x75x6mm - IS2062,MS Angle - 75x75x6mm - IS2062,Structural Steel,IS2062,MS Angle - 75x75x6mm - IS2062,KG,60,60,60,18,Bengaluru,Karnataka,admin_manual,TRUE
MAT-002379,MAT-002379,MAT-002379,MS Beam - I Section - 100mm - IS2062,MS Beam - I Section - 100mm - IS2062,Structural Steel,IS2062,MS Beam - I Section - 100mm - IS2062,KG,60,60,60,18,Bengaluru,Karnataka,admin_manual,TRUE
MAT-002380,MAT-002380,MAT-002380,MS Beam - I Section - 150mm - IS2062,MS Beam - I Section - 150mm - IS2062,Structural Steel,IS2062,MS Beam - I Section - 150mm - IS2062,KG,59,59,59,18,Bengaluru,Karnataka,admin_manual,TRUE
MAT-002378,MAT-002378,MAT-002378,MS Channel - 100x50mm - IS2062,MS Channel - 100x50mm - IS2062,Structural Steel,IS2062,MS Channel - 100x50mm - IS2062,KG,60,60,60,18,Bengaluru,Karnataka,admin_manual,TRUE
MAT-002377,MAT-002377,MAT-002377,MS Channel - 75x40mm - IS2062,MS Channel - 75x40mm - IS2062,Structural Steel,IS2062,MS Channel - 75x40mm - IS2062,KG,61,61,61,18,Bengaluru,Karnataka,admin_manual,TRUE
MAT-002387,MAT-002387,MAT-002387,MS Flat - 25x5mm - IS2062,MS Flat - 25x5mm - IS2062,Structural Steel,IS2062,MS Flat - 25x5mm - IS2062,KG,61,61,61,18,Bengaluru,Karnataka,admin_manual,TRUE
MAT-002388,MAT-002388,MAT-002388,MS Flat - 50x6mm - IS2062,MS Flat - 50x6mm - IS2062,Structural Steel,IS2062,MS Flat - 50x6mm - IS2062,KG,60,60,60,18,Bengaluru,Karnataka,admin_manual,TRUE
MAT-002389,MAT-002389,MAT-002389,MS Flat - 75x10mm - IS2062,MS Flat - 75x10mm - IS2062,Structural Steel,IS2062,MS Flat - 75x10mm - IS2062,KG,59,59,59,18,Bengaluru,Karnataka,admin_manual,TRUE
MAT-002383,MAT-002383,MAT-002383,MS Pipe - Rectangular - 60x40x2mm - IS4923,MS Pipe - Rectangular - 60x40x2mm - IS4923,Structural Steel,MS Pipe,MS Pipe - Rectangular - 60x40x2mm - IS4923,KG,63,63,63,18,Bengaluru,Karnataka,admin_manual,TRUE
MAT-002381,MAT-002381,MAT-002381,MS Pipe - Round - 40mm OD x 2mm - IS1239,MS Pipe - Round - 40mm OD x 2mm - IS1239,Structural Steel,MS Pipe,MS Pipe - Round - 40mm OD x 2mm - IS1239,KG,62,62,62,18,Bengaluru,Karnataka,admin_manual,TRUE
MAT-002382,MAT-002382,MAT-002382,MS Pipe - Square - 50x50x2mm - IS4923,MS Pipe - Square - 50x50x2mm - IS4923,Structural Steel,MS Pipe,MS Pipe - Square - 50x50x2mm - IS4923,KG,63,63,63,18,Bengaluru,Karnataka,admin_manual,TRUE
MAT-002386,MAT-002386,MAT-002386,MS Plate - 10mm - IS2062,MS Plate - 10mm - IS2062,Structural Steel,IS2062,MS Plate - 10mm - IS2062,KG,58,58,58,18,Bengaluru,Karnataka,admin_manual,TRUE
MAT-002384,MAT-002384,MAT-002384,MS Plate - 3mm - IS2062,MS Plate - 3mm - IS2062,Structural Steel,IS2062,MS Plate - 3mm - IS2062,KG,60,60,60,18,Bengaluru,Karnataka,admin_manual,TRUE
MAT-002385,MAT-002385,MAT-002385,MS Plate - 5mm - IS2062,MS Plate - 5mm - IS2062,Structural Steel,IS2062,MS Plate - 5mm - IS2062,KG,59,59,59,18,Bengaluru,Karnataka,admin_manual,TRUE
MAT-002390,MAT-002390,MAT-002390,MS Round - 10mm Dia - IS2062,MS Round - 10mm Dia - IS2062,Structural Steel,IS2062,MS Round - 10mm Dia - IS2062,KG,62,62,62,18,Bengaluru,Karnataka,admin_manual,TRUE
MAT-002391,MAT-002391,MAT-002391,MS Round - 16mm Dia - IS2062,MS Round - 16mm Dia - IS2062,Structural Steel,IS2062,MS Round - 16mm Dia - IS2062,KG,61,61,61,18,Bengaluru,Karnataka,admin_manual,TRUE
MAT-002392,MAT-002392,MAT-002392,MS Round - 25mm Dia - IS2062,MS Round - 25mm Dia - IS2062,Structural Steel,IS2062,MS Round - 25mm Dia - IS2062,KG,60,60,60,18,Bengaluru,Karnataka,admin_manual,TRUE
MAT-002393,MAT-002393,MAT-002393,MS Square - 12mm x 12mm - IS2062,MS Square - 12mm x 12mm - IS2062,Structural Steel,IS2062,MS Square - 12mm x 12mm - IS2062,KG,62,62,62,18,Bengaluru,Karnataka,admin_manual,TRUE
MAT-002394,MAT-002394,MAT-002394,MS Square - 20mm x 20mm - IS2062,MS Square - 20mm x 20mm - IS2062,Structural Steel,IS2062,MS Square - 20mm x 20mm - IS2062,KG,61,61,61,18,Bengaluru,Karnataka,admin_manual,TRUE
MAT-002395,MAT-002395,MAT-002395,MS Square - 25mm x 25mm - IS2062,MS Square - 25mm x 25mm - IS2062,Structural Steel,IS2062,MS Square - 25mm x 25mm - IS2062,KG,60,60,60,18,Bengaluru,Karnataka,admin_manual,TRUE
MAT-002628,MAT-002628,MAT-002628,TMT Bars - 10mm - Indus TMT,TMT Bars - 10mm - Indus TMT,TMT Bars,TMT 10mm,TMT Bars - 10mm - Indus TMT,M,67,67,67,18,Bengaluru,Karnataka,admin_manual,TRUE
MAT-002565,MAT-002565,MAT-002565,TMT Bars - 10mm - JSW Neosteel,TMT Bars - 10mm - JSW Neosteel,TMT Bars,TMT 10mm,TMT Bars - 10mm - JSW Neosteel,M,71,71,71,18,Bengaluru,Karnataka,admin_manual,TRUE
MAT-002586,MAT-002586,MAT-002586,TMT Bars - 10mm - Jindal Panther,TMT Bars - 10mm - Jindal Panther,TMT Bars,TMT 10mm,TMT Bars - 10mm - Jindal Panther,M,71,71,71,18,Bengaluru,Karnataka,admin_manual,TRUE
MAT-002621,MAT-002621,MAT-002621,TMT Bars - 10mm - Kamdhenu TMT,TMT Bars - 10mm - Kamdhenu TMT,TMT Bars,TMT 10mm,TMT Bars - 10mm - Kamdhenu TMT,M,68,68,68,18,Bengaluru,Karnataka,admin_manual,TRUE
MAT-002593,MAT-002593,MAT-002593,TMT Bars - 10mm - Meenakshi TMT,TMT Bars - 10mm - Meenakshi TMT,TMT Bars,TMT 10mm,TMT Bars - 10mm - Meenakshi TMT,M,68,68,68,18,Bengaluru,Karnataka,admin_manual,TRUE
MAT-002635,MAT-002635,MAT-002635,TMT Bars - 10mm - Priya TMT,TMT Bars - 10mm - Priya TMT,TMT Bars,TMT 10mm,TMT Bars - 10mm - Priya TMT,M,66,66,66,18,Bengaluru,Karnataka,admin_manual,TRUE
MAT-002579,MAT-002579,MAT-002579,TMT Bars - 10mm - SAIL,TMT Bars - 10mm - SAIL,TMT Bars,TMT 10mm,TMT Bars - 10mm - SAIL,M,69,69,69,18,Bengaluru,Karnataka,admin_manual,TRUE
MAT-002600,MAT-002600,MAT-002600,TMT Bars - 10mm - Surya TMT,TMT Bars - 10mm - Surya TMT,TMT Bars,TMT 10mm,TMT Bars - 10mm - Surya TMT,M,67,67,67,18,Bengaluru,Karnataka,admin_manual,TRUE
MAT-002558,MAT-002558,MAT-002558,TMT Bars - 10mm - Tata Steel,TMT Bars - 10mm - Tata Steel,TMT Bars,TMT 10mm,TMT Bars - 10mm - Tata Steel,M,72,72,72,18,Bengaluru,Karnataka,admin_manual,TRUE
MAT-002614,MAT-002614,MAT-002614,TMT Bars - 10mm - VRKP TMT,TMT Bars - 10mm - VRKP TMT,TMT Bars,TMT 10mm,TMT Bars - 10mm - VRKP TMT,M,67,67,67,18,Bengaluru,Karnataka,admin_manual,TRUE
MAT-002607,MAT-002607,MAT-002607,TMT Bars - 10mm - Venkateshwara TMT,TMT Bars - 10mm - Venkateshwara TMT,TMT Bars,TMT 10mm,TMT Bars - 10mm - Venkateshwara TMT,M,66,66,66,18,Bengaluru,Karnataka,admin_manual,TRUE
MAT-002572,MAT-002572,MAT-002572,TMT Bars - 10mm - Vizag Steel,TMT Bars - 10mm - Vizag Steel,TMT Bars,TMT 10mm,TMT Bars - 10mm - Vizag Steel,M,70,70,70,18,Bengaluru,Karnataka,admin_manual,TRUE
MAT-002629,MAT-002629,MAT-002629,TMT Bars - 12mm - Indus TMT,TMT Bars - 12mm - Indus TMT,TMT Bars,TMT 12mm,TMT Bars - 12mm - Indus TMT,M,81,81,81,18,Bengaluru,Karnataka,admin_manual,TRUE
MAT-002566,MAT-002566,MAT-002566,TMT Bars - 12mm - JSW Neosteel,TMT Bars - 12mm - JSW Neosteel,TMT Bars,TMT 12mm,TMT Bars - 12mm - JSW Neosteel,M,85,85,85,18,Bengaluru,Karnataka,admin_manual,TRUE
MAT-002587,MAT-002587,MAT-002587,TMT Bars - 12mm - Jindal Panther,TMT Bars - 12mm - Jindal Panther,TMT Bars,TMT 12mm,TMT Bars - 12mm - Jindal Panther,M,85,85,85,18,Bengaluru,Karnataka,admin_manual,TRUE
MAT-002622,MAT-002622,MAT-002622,TMT Bars - 12mm - Kamdhenu TMT,TMT Bars - 12mm - Kamdhenu TMT,TMT Bars,TMT 12mm,TMT Bars - 12mm - Kamdhenu TMT,M,82,82,82,18,Bengaluru,Karnataka,admin_manual,TRUE
MAT-002594,MAT-002594,MAT-002594,TMT Bars - 12mm - Meenakshi TMT,TMT Bars - 12mm - Meenakshi TMT,TMT Bars,TMT 12mm,TMT Bars - 12mm - Meenakshi TMT,M,82,82,82,18,Bengaluru,Karnataka,admin_manual,TRUE
MAT-002636,MAT-002636,MAT-002636,TMT Bars - 12mm - Priya TMT,TMT Bars - 12mm - Priya TMT,TMT Bars,TMT 12mm,TMT Bars - 12mm - Priya TMT,M,80,80,80,18,Bengaluru,Karnataka,admin_manual,TRUE
MAT-002580,MAT-002580,MAT-002580,TMT Bars - 12mm - SAIL,TMT Bars - 12mm - SAIL,TMT Bars,TMT 12mm,TMT Bars - 12mm - SAIL,M,83,83,83,18,Bengaluru,Karnataka,admin_manual,TRUE
MAT-002601,MAT-002601,MAT-002601,TMT Bars - 12mm - Surya TMT,TMT Bars - 12mm - Surya TMT,TMT Bars,TMT 12mm,TMT Bars - 12mm - Surya TMT,M,81,81,81,18,Bengaluru,Karnataka,admin_manual,TRUE
MAT-002559,MAT-002559,MAT-002559,TMT Bars - 12mm - Tata Steel,TMT Bars - 12mm - Tata Steel,TMT Bars,TMT 12mm,TMT Bars - 12mm - Tata Steel,M,86,86,86,18,Bengaluru,Karnataka,admin_manual,TRUE
MAT-002615,MAT-002615,MAT-002615,TMT Bars - 12mm - VRKP TMT,TMT Bars - 12mm - VRKP TMT,TMT Bars,TMT 12mm,TMT Bars - 12mm - VRKP TMT,M,81,81,81,18,Bengaluru,Karnataka,admin_manual,TRUE
MAT-002608,MAT-002608,MAT-002608,TMT Bars - 12mm - Venkateshwara TMT,TMT Bars - 12mm - Venkateshwara TMT,TMT Bars,TMT 12mm,TMT Bars - 12mm - Venkateshwara TMT,M,80,80,80,18,Bengaluru,Karnataka,admin_manual,TRUE
MAT-002573,MAT-002573,MAT-002573,TMT Bars - 12mm - Vizag Steel,TMT Bars - 12mm - Vizag Steel,TMT Bars,TMT 12mm,TMT Bars - 12mm - Vizag Steel,M,84,84,84,18,Bengaluru,Karnataka,admin_manual,TRUE
MAT-002630,MAT-002630,MAT-002630,TMT Bars - 16mm - Indus TMT,TMT Bars - 16mm - Indus TMT,TMT Bars,TMT 16mm,TMT Bars - 16mm - Indus TMT,M,107,107,107,18,Bengaluru,Karnataka,admin_manual,TRUE
MAT-002567,MAT-002567,MAT-002567,TMT Bars - 16mm - JSW Neosteel,TMT Bars - 16mm - JSW Neosteel,TMT Bars,TMT 16mm,TMT Bars - 16mm - JSW Neosteel,M,114,114,114,18,Bengaluru,Karnataka,admin_manual,TRUE
MAT-002588,MAT-002588,MAT-002588,TMT Bars - 16mm - Jindal Panther,TMT Bars - 16mm - Jindal Panther,TMT Bars,TMT 16mm,TMT Bars - 16mm - Jindal Panther,M,113,113,113,18,Bengaluru,Karnataka,admin_manual,TRUE
MAT-002623,MAT-002623,MAT-002623,TMT Bars - 16mm - Kamdhenu TMT,TMT Bars - 16mm - Kamdhenu TMT,TMT Bars,TMT 16mm,TMT Bars - 16mm - Kamdhenu TMT,M,108,108,108,18,Bengaluru,Karnataka,admin_manual,TRUE
MAT-002595,MAT-002595,MAT-002595,TMT Bars - 16mm - Meenakshi TMT,TMT Bars - 16mm - Meenakshi TMT,TMT Bars,TMT 16mm,TMT Bars - 16mm - Meenakshi TMT,M,108,108,108,18,Bengaluru,Karnataka,admin_manual,TRUE
MAT-002637,MAT-002637,MAT-002637,TMT Bars - 16mm - Priya TMT,TMT Bars - 16mm - Priya TMT,TMT Bars,TMT 16mm,TMT Bars - 16mm - Priya TMT,M,106,106,106,18,Bengaluru,Karnataka,admin_manual,TRUE
MAT-002581,MAT-002581,MAT-002581,TMT Bars - 16mm - SAIL,TMT Bars - 16mm - SAIL,TMT Bars,TMT 16mm,TMT Bars - 16mm - SAIL,M,110,110,110,18,Bengaluru,Karnataka,admin_manual,TRUE
MAT-002602,MAT-002602,MAT-002602,TMT Bars - 16mm - Surya TMT,TMT Bars - 16mm - Surya TMT,TMT Bars,TMT 16mm,TMT Bars - 16mm - Surya TMT,M,107,107,107,18,Bengaluru,Karnataka,admin_manual,TRUE
MAT-002560,MAT-002560,MAT-002560,TMT Bars - 16mm - Tata Steel,TMT Bars - 16mm - Tata Steel,TMT Bars,TMT 16mm,TMT Bars - 16mm - Tata Steel,M,115,115,115,18,Bengaluru,Karnataka,admin_manual,TRUE
MAT-002616,MAT-002616,MAT-002616,TMT Bars - 16mm - VRKP TMT,TMT Bars - 16mm - VRKP TMT,TMT Bars,TMT 16mm,TMT Bars - 16mm - VRKP TMT,M,107,107,107,18,Bengaluru,Karnataka,admin_manual,TRUE
MAT-002609,MAT-002609,MAT-002609,TMT Bars - 16mm - Venkateshwara TMT,TMT Bars - 16mm - Venkateshwara TMT,TMT Bars,TMT 16mm,TMT Bars - 16mm - Venkateshwara TMT,M,106,106,106,18,Bengaluru,Karnataka,admin_manual,TRUE
MAT-002574,MAT-002574,MAT-002574,TMT Bars - 16mm - Vizag Steel,TMT Bars - 16mm - Vizag Steel,TMT Bars,TMT 16mm,TMT Bars - 16mm - Vizag Steel,M,112,112,112,18,Bengaluru,Karnataka,admin_manual,TRUE
MAT-002631,MAT-002631,MAT-002631,TMT Bars - 20mm - Indus TMT,TMT Bars - 20mm - Indus TMT,TMT Bars,TMT 20mm,TMT Bars - 20mm - Indus TMT,M,134,134,134,18,Bengaluru,Karnataka,admin_manual,TRUE
MAT-002568,MAT-002568,MAT-002568,TMT Bars - 20mm - JSW Neosteel,TMT Bars - 20mm - JSW Neosteel,TMT Bars,TMT 20mm,TMT Bars - 20mm - JSW Neosteel,M,143,143,143,18,Bengaluru,Karnataka,admin_manual,TRUE
MAT-002589,MAT-002589,MAT-002589,TMT Bars - 20mm - Jindal Panther,TMT Bars - 20mm - Jindal Panther,TMT Bars,TMT 20mm,TMT Bars - 20mm - Jindal Panther,M,142,142,142,18,Bengaluru,Karnataka,admin_manual,TRUE
MAT-002624,MAT-002624,MAT-002624,TMT Bars - 20mm - Kamdhenu TMT,TMT Bars - 20mm - Kamdhenu TMT,TMT Bars,TMT 20mm,TMT Bars - 20mm - Kamdhenu TMT,M,135,135,135,18,Bengaluru,Karnataka,admin_manual,TRUE
MAT-002596,MAT-002596,MAT-002596,TMT Bars - 20mm - Meenakshi TMT,TMT Bars - 20mm - Meenakshi TMT,TMT Bars,TMT 20mm,TMT Bars - 20mm - Meenakshi TMT,M,135,135,135,18,Bengaluru,Karnataka,admin_manual,TRUE
MAT-002638,MAT-002638,MAT-002638,TMT Bars - 20mm - Priya TMT,TMT Bars - 20mm - Priya TMT,TMT Bars,TMT 20mm,TMT Bars - 20mm - Priya TMT,M,132,132,132,18,Bengaluru,Karnataka,admin_manual,TRUE
MAT-002582,MAT-002582,MAT-002582,TMT Bars - 20mm - SAIL,TMT Bars - 20mm - SAIL,TMT Bars,TMT 20mm,TMT Bars - 20mm - SAIL,M,138,138,138,18,Bengaluru,Karnataka,admin_manual,TRUE
MAT-002603,MAT-002603,MAT-002603,TMT Bars - 20mm - Surya TMT,TMT Bars - 20mm - Surya TMT,TMT Bars,TMT 20mm,TMT Bars - 20mm - Surya TMT,M,134,134,134,18,Bengaluru,Karnataka,admin_manual,TRUE
MAT-002561,MAT-002561,MAT-002561,TMT Bars - 20mm - Tata Steel,TMT Bars - 20mm - Tata Steel,TMT Bars,TMT 20mm,TMT Bars - 20mm - Tata Steel,M,145,145,145,18,Bengaluru,Karnataka,admin_manual,TRUE
MAT-002617,MAT-002617,MAT-002617,TMT Bars - 20mm - VRKP TMT,TMT Bars - 20mm - VRKP TMT,TMT Bars,TMT 20mm,TMT Bars - 20mm - VRKP TMT,M,134,134,134,18,Bengaluru,Karnataka,admin_manual,TRUE
MAT-002610,MAT-002610,MAT-002610,TMT Bars - 20mm - Venkateshwara TMT,TMT Bars - 20mm - Venkateshwara TMT,TMT Bars,TMT 20mm,TMT Bars - 20mm - Venkateshwara TMT,M,132,132,132,18,Bengaluru,Karnataka,admin_manual,TRUE
MAT-002575,MAT-002575,MAT-002575,TMT Bars - 20mm - Vizag Steel,TMT Bars - 20mm - Vizag Steel,TMT Bars,TMT 20mm,TMT Bars - 20mm - Vizag Steel,M,140,140,140,18,Bengaluru,Karnataka,admin_manual,TRUE
MAT-002632,MAT-002632,MAT-002632,TMT Bars - 25mm - Indus TMT,TMT Bars - 25mm - Indus TMT,TMT Bars,TMT 25mm,TMT Bars - 25mm - Indus TMT,M,167,167,167,18,Bengaluru,Karnataka,admin_manual,TRUE
MAT-002569,MAT-002569,MAT-002569,TMT Bars - 25mm - JSW Neosteel,TMT Bars - 25mm - JSW Neosteel,TMT Bars,TMT 25mm,TMT Bars - 25mm - JSW Neosteel,M,178,178,178,18,Bengaluru,Karnataka,admin_manual,TRUE
MAT-002590,MAT-002590,MAT-002590,TMT Bars - 25mm - Jindal Panther,TMT Bars - 25mm - Jindal Panther,TMT Bars,TMT 25mm,TMT Bars - 25mm - Jindal Panther,M,177,177,177,18,Bengaluru,Karnataka,admin_manual,TRUE
MAT-002625,MAT-002625,MAT-002625,TMT Bars - 25mm - Kamdhenu TMT,TMT Bars - 25mm - Kamdhenu TMT,TMT Bars,TMT 25mm,TMT Bars - 25mm - Kamdhenu TMT,M,168,168,168,18,Bengaluru,Karnataka,admin_manual,TRUE
MAT-002597,MAT-002597,MAT-002597,TMT Bars - 25mm - Meenakshi TMT,TMT Bars - 25mm - Meenakshi TMT,TMT Bars,TMT 25mm,TMT Bars - 25mm - Meenakshi TMT,M,168,168,168,18,Bengaluru,Karnataka,admin_manual,TRUE
MAT-002639,MAT-002639,MAT-002639,TMT Bars - 25mm - Priya TMT,TMT Bars - 25mm - Priya TMT,TMT Bars,TMT 25mm,TMT Bars - 25mm - Priya TMT,M,165,165,165,18,Bengaluru,Karnataka,admin_manual,TRUE
MAT-002583,MAT-002583,MAT-002583,TMT Bars - 25mm - SAIL,TMT Bars - 25mm - SAIL,TMT Bars,TMT 25mm,TMT Bars - 25mm - SAIL,M,172,172,172,18,Bengaluru,Karnataka,admin_manual,TRUE
MAT-002604,MAT-002604,MAT-002604,TMT Bars - 25mm - Surya TMT,TMT Bars - 25mm - Surya TMT,TMT Bars,TMT 25mm,TMT Bars - 25mm - Surya TMT,M,167,167,167,18,Bengaluru,Karnataka,admin_manual,TRUE
MAT-002562,MAT-002562,MAT-002562,TMT Bars - 25mm - Tata Steel,TMT Bars - 25mm - Tata Steel,TMT Bars,TMT 25mm,TMT Bars - 25mm - Tata Steel,M,180,180,180,18,Bengaluru,Karnataka,admin_manual,TRUE
MAT-002618,MAT-002618,MAT-002618,TMT Bars - 25mm - VRKP TMT,TMT Bars - 25mm - VRKP TMT,TMT Bars,TMT 25mm,TMT Bars - 25mm - VRKP TMT,M,167,167,167,18,Bengaluru,Karnataka,admin_manual,TRUE
MAT-002611,MAT-002611,MAT-002611,TMT Bars - 25mm - Venkateshwara TMT,TMT Bars - 25mm - Venkateshwara TMT,TMT Bars,TMT 25mm,TMT Bars - 25mm - Venkateshwara TMT,M,165,165,165,18,Bengaluru,Karnataka,admin_manual,TRUE
MAT-002576,MAT-002576,MAT-002576,TMT Bars - 25mm - Vizag Steel,TMT Bars - 25mm - Vizag Steel,TMT Bars,TMT 25mm,TMT Bars - 25mm - Vizag Steel,M,175,175,175,18,Bengaluru,Karnataka,admin_manual,TRUE
MAT-002633,MAT-002633,MAT-002633,TMT Bars - 32mm - Indus TMT,TMT Bars - 32mm - Indus TMT,TMT Bars,TMT 32mm,TMT Bars - 32mm - Indus TMT,M,218,218,218,18,Bengaluru,Karnataka,admin_manual,TRUE
MAT-002570,MAT-002570,MAT-002570,TMT Bars - 32mm - JSW Neosteel,TMT Bars - 32mm - JSW Neosteel,TMT Bars,TMT 32mm,TMT Bars - 32mm - JSW Neosteel,M,232,232,232,18,Bengaluru,Karnataka,admin_manual,TRUE
MAT-002591,MAT-002591,MAT-002591,TMT Bars - 32mm - Jindal Panther,TMT Bars - 32mm - Jindal Panther,TMT Bars,TMT 32mm,TMT Bars - 32mm - Jindal Panther,M,230,230,230,18,Bengaluru,Karnataka,admin_manual,TRUE
MAT-002626,MAT-002626,MAT-002626,TMT Bars - 32mm - Kamdhenu TMT,TMT Bars - 32mm - Kamdhenu TMT,TMT Bars,TMT 32mm,TMT Bars - 32mm - Kamdhenu TMT,M,220,220,220,18,Bengaluru,Karnataka,admin_manual,TRUE
MAT-002598,MAT-002598,MAT-002598,TMT Bars - 32mm - Meenakshi TMT,TMT Bars - 32mm - Meenakshi TMT,TMT Bars,TMT 32mm,TMT Bars - 32mm - Meenakshi TMT,M,220,220,220,18,Bengaluru,Karnataka,admin_manual,TRUE
MAT-002640,MAT-002640,MAT-002640,TMT Bars - 32mm - Priya TMT,TMT Bars - 32mm - Priya TMT,TMT Bars,TMT 32mm,TMT Bars - 32mm - Priya TMT,M,215,215,215,18,Bengaluru,Karnataka,admin_manual,TRUE
MAT-002584,MAT-002584,MAT-002584,TMT Bars - 32mm - SAIL,TMT Bars - 32mm - SAIL,TMT Bars,TMT 32mm,TMT Bars - 32mm - SAIL,M,225,225,225,18,Bengaluru,Karnataka,admin_manual,TRUE
MAT-002605,MAT-002605,MAT-002605,TMT Bars - 32mm - Surya TMT,TMT Bars - 32mm - Surya TMT,TMT Bars,TMT 32mm,TMT Bars - 32mm - Surya TMT,M,218,218,218,18,Bengaluru,Karnataka,admin_manual,TRUE
MAT-002563,MAT-002563,MAT-002563,TMT Bars - 32mm - Tata Steel,TMT Bars - 32mm - Tata Steel,TMT Bars,TMT 32mm,TMT Bars - 32mm - Tata Steel,M,235,235,235,18,Bengaluru,Karnataka,admin_manual,TRUE
MAT-002619,MAT-002619,MAT-002619,TMT Bars - 32mm - VRKP TMT,TMT Bars - 32mm - VRKP TMT,TMT Bars,TMT 32mm,TMT Bars - 32mm - VRKP TMT,M,218,218,218,18,Bengaluru,Karnataka,admin_manual,TRUE
MAT-002612,MAT-002612,MAT-002612,TMT Bars - 32mm - Venkateshwara TMT,TMT Bars - 32mm - Venkateshwara TMT,TMT Bars,TMT 32mm,TMT Bars - 32mm - Venkateshwara TMT,M,215,215,215,18,Bengaluru,Karnataka,admin_manual,TRUE
MAT-002577,MAT-002577,MAT-002577,TMT Bars - 32mm - Vizag Steel,TMT Bars - 32mm - Vizag Steel,TMT Bars,TMT 32mm,TMT Bars - 32mm - Vizag Steel,M,228,228,228,18,Bengaluru,Karnataka,admin_manual,TRUE
MAT-002627,MAT-002627,MAT-002627,TMT Bars - 8mm - Indus TMT,TMT Bars - 8mm - Indus TMT,TMT Bars,TMT 8mm,TMT Bars - 8mm - Indus TMT,M,53,53,53,18,Bengaluru,Karnataka,admin_manual,TRUE
MAT-002564,MAT-002564,MAT-002564,TMT Bars - 8mm - JSW Neosteel,TMT Bars - 8mm - JSW Neosteel,TMT Bars,TMT 8mm,TMT Bars - 8mm - JSW Neosteel,M,57,57,57,18,Bengaluru,Karnataka,admin_manual,TRUE
MAT-002585,MAT-002585,MAT-002585,TMT Bars - 8mm - Jindal Panther,TMT Bars - 8mm - Jindal Panther,TMT Bars,TMT 8mm,TMT Bars - 8mm - Jindal Panther,M,57,57,57,18,Bengaluru,Karnataka,admin_manual,TRUE
MAT-002620,MAT-002620,MAT-002620,TMT Bars - 8mm - Kamdhenu TMT,TMT Bars - 8mm - Kamdhenu TMT,TMT Bars,TMT 8mm,TMT Bars - 8mm - Kamdhenu TMT,M,54,54,54,18,Bengaluru,Karnataka,admin_manual,TRUE
MAT-002592,MAT-002592,MAT-002592,TMT Bars - 8mm - Meenakshi TMT,TMT Bars - 8mm - Meenakshi TMT,TMT Bars,TMT 8mm,TMT Bars - 8mm - Meenakshi TMT,M,54,54,54,18,Bengaluru,Karnataka,admin_manual,TRUE
MAT-002634,MAT-002634,MAT-002634,TMT Bars - 8mm - Priya TMT,TMT Bars - 8mm - Priya TMT,TMT Bars,TMT 8mm,TMT Bars - 8mm - Priya TMT,M,52,52,52,18,Bengaluru,Karnataka,admin_manual,TRUE
MAT-002578,MAT-002578,MAT-002578,TMT Bars - 8mm - SAIL,TMT Bars - 8mm - SAIL,TMT Bars,TMT 8mm,TMT Bars - 8mm - SAIL,M,55,55,55,18,Bengaluru,Karnataka,admin_manual,TRUE
MAT-002599,MAT-002599,MAT-002599,TMT Bars - 8mm - Surya TMT,TMT Bars - 8mm - Surya TMT,TMT Bars,TMT 8mm,TMT Bars - 8mm - Surya TMT,M,53,53,53,18,Bengaluru,Karnataka,admin_manual,TRUE
MAT-002557,MAT-002557,MAT-002557,TMT Bars - 8mm - Tata Steel,TMT Bars - 8mm - Tata Steel,TMT Bars,TMT 8mm,TMT Bars - 8mm - Tata Steel,M,58,58,58,18,Bengaluru,Karnataka,admin_manual,TRUE
MAT-002613,MAT-002613,MAT-002613,TMT Bars - 8mm - VRKP TMT,TMT Bars - 8mm - VRKP TMT,TMT Bars,TMT 8mm,TMT Bars - 8mm - VRKP TMT,M,53,53,53,18,Bengaluru,Karnataka,admin_manual,TRUE
MAT-002606,MAT-002606,MAT-002606,TMT Bars - 8mm - Venkateshwara TMT,TMT Bars - 8mm - Venkateshwara TMT,TMT Bars,TMT 8mm,TMT Bars - 8mm - Venkateshwara TMT,M,52,52,52,18,Bengaluru,Karnataka,admin_manual,TRUE
MAT-002571,MAT-002571,MAT-002571,TMT Bars - 8mm - Vizag Steel,TMT Bars - 8mm - Vizag Steel,TMT Bars,TMT 8mm,TMT Bars - 8mm - Vizag Steel,M,56,56,56,18,Bengaluru,Karnataka,admin_manual,TRUE
MAT-002407,MAT-002407,MAT-002407,Insulation Tape 18mm Blue - Finolex,Insulation Tape 18mm Blue - Finolex,Tapes,Insulation Tape 18mm Blue,Insulation Tape 18mm Blue - Finolex,NOS,9,9,9,18,Bengaluru,Karnataka,admin_manual,TRUE
MAT-002408,MAT-002408,MAT-002408,Insulation Tape 18mm Green - Polycab,Insulation Tape 18mm Green - Polycab,Tapes,Insulation Tape 18mm Green,Insulation Tape 18mm Green - Polycab,NOS,9,9,9,18,Bengaluru,Karnataka,admin_manual,TRUE
MAT-002406,MAT-002406,MAT-002406,Insulation Tape 18mm Red - Anchor,Insulation Tape 18mm Red - Anchor,Tapes,Tapes,Insulation Tape 18mm Red - Anchor,NOS,9,9,9,18,Bengaluru,Karnataka,admin_manual,TRUE
MAT-002411,MAT-002411,MAT-002411,"Masking Tape - Paper - 1"" - Generic","Masking Tape - Paper - 1"" - Generic",Tapes,Paper,"Masking Tape - Paper - 1"" - Generic",M,3.5,3.5,3.5,18,Bengaluru,Karnataka,admin_manual,TRUE
MAT-002412,MAT-002412,MAT-002412,"Masking Tape - Paper - 2"" - Generic","Masking Tape - Paper - 2"" - Generic",Tapes,Paper,"Masking Tape - Paper - 2"" - Generic",M,5.5,5.5,5.5,18,Bengaluru,Karnataka,admin_manual,TRUE
MAT-002413,MAT-002413,MAT-002413,Safety Tape - Caution - Yellow/Black - Generic,Safety Tape - Caution - Yellow/Black - Generic,Tapes,Caution,Safety Tape - Caution - Yellow/Black - Generic,M,6.5,6.5,6.5,18,Bengaluru,Karnataka,admin_manual,TRUE
MAT-002414,MAT-002414,MAT-002414,Safety Tape - Floor Marking - Red/White - Generic,Safety Tape - Floor Marking - Red/White - Generic,Tapes,Floor Marking,Safety Tape - Floor Marking - Red/White - Generic,M,7.5,7.5,7.5,18,Bengaluru,Karnataka,admin_manual,TRUE
MAT-002409,MAT-002409,MAT-002409,Waterproof Tape Self-Fusing - 3M,Waterproof Tape Self-Fusing - 3M,Tapes,Waterproof Tape Self-Fusing,Waterproof Tape Self-Fusing - 3M,NOS,65,65,65,18,Bengaluru,Karnataka,admin_manual,TRUE
MAT-002410,MAT-002410,MAT-002410,Waterproof Tape Self-Fusing - Taparia,Waterproof Tape Self-Fusing - Taparia,Tapes,Waterproof Tape Self-Fusing,Waterproof Tape Self-Fusing - Taparia,NOS,65,65,65,18,Bengaluru,Karnataka,admin_manual,TRUE
MAT-002422,MAT-002422,MAT-002422,Tarpaulin Roll 150 GSM (6ft wide),Tarpaulin Roll 150 GSM (6ft wide),Tarpaulin,Tarpaulin Roll 150 GSM (6ft wide),Tarpaulin Roll 150 GSM (6ft wide),M,55,55,55,18,Bengaluru,Karnataka,admin_manual,TRUE
MAT-002423,MAT-002423,MAT-002423,Tarpaulin Roll 200 GSM (6ft wide),Tarpaulin Roll 200 GSM (6ft wide),Tarpaulin,Tarpaulin Roll 200 GSM (6ft wide),Tarpaulin Roll 200 GSM (6ft wide),M,75,75,75,18,Bengaluru,Karnataka,admin_manual,TRUE
MAT-002416,MAT-002416,MAT-002416,Tarpaulin Sheet 10ft x 10ft,Tarpaulin Sheet 10ft x 10ft,Tarpaulin,Tarpaulin Sheet 10ft x 10ft,Tarpaulin Sheet 10ft x 10ft,NOS,280,280,280,18,Bengaluru,Karnataka,admin_manual,TRUE
MAT-002417,MAT-002417,MAT-002417,Tarpaulin Sheet 12ft x 15ft,Tarpaulin Sheet 12ft x 15ft,Tarpaulin,Tarpaulin Sheet 12ft x 15ft,Tarpaulin Sheet 12ft x 15ft,NOS,480,480,480,18,Bengaluru,Karnataka,admin_manual,TRUE
MAT-002418,MAT-002418,MAT-002418,Tarpaulin Sheet 15ft x 20ft,Tarpaulin Sheet 15ft x 20ft,Tarpaulin,Tarpaulin Sheet 15ft x 20ft,Tarpaulin Sheet 15ft x 20ft,NOS,820,820,820,18,Bengaluru,Karnataka,admin_manual,TRUE
MAT-002419,MAT-002419,MAT-002419,Tarpaulin Sheet 20ft x 30ft,Tarpaulin Sheet 20ft x 30ft,Tarpaulin,Tarpaulin Sheet 20ft x 30ft,Tarpaulin Sheet 20ft x 30ft,NOS,1450,1450,1450,18,Bengaluru,Karnataka,admin_manual,TRUE
MAT-002420,MAT-002420,MAT-002420,Tarpaulin Sheet 30ft x 30ft,Tarpaulin Sheet 30ft x 30ft,Tarpaulin,Tarpaulin Sheet 30ft x 30ft,Tarpaulin Sheet 30ft x 30ft,NOS,2100,2100,2100,18,Bengaluru,Karnataka,admin_manual,TRUE
MAT-002421,MAT-002421,MAT-002421,Tarpaulin Sheet 40ft x 60ft,Tarpaulin Sheet 40ft x 60ft,Tarpaulin,Tarpaulin Sheet 40ft x 60ft,Tarpaulin Sheet 40ft x 60ft,NOS,4200,4200,4200,18,Bengaluru,Karnataka,admin_manual,TRUE
MAT-002415,MAT-002415,MAT-002415,Tarpaulin Sheet 6ft x 6ft,Tarpaulin Sheet 6ft x 6ft,Tarpaulin,Tarpaulin Sheet 6ft x 6ft,Tarpaulin Sheet 6ft x 6ft,NOS,130,130,130,18,Bengaluru,Karnataka,admin_manual,TRUE
MAT-002429,MAT-002429,MAT-002429,Tiles Riser - Matte Finish - (150x1200mm) - Johnson,Tiles Riser - Matte Finish - (150x1200mm) - Johnson,Tiles -Step,Tile,Tiles Riser - Matte Finish - (150x1200mm) - Johnson,SQFT,39,39,39,18,Bengaluru,Karnataka,admin_manual,TRUE
MAT-002427,MAT-002427,MAT-002427,Tiles Riser - Matte Finish - (150x1200mm) - Kajaria,Tiles Riser - Matte Finish - (150x1200mm) - Kajaria,Tiles -Step,Tile,Tiles Riser - Matte Finish - (150x1200mm) - Kajaria,SQFT,42,42,42,18,Bengaluru,Karnataka,admin_manual,TRUE
MAT-002428,MAT-002428,MAT-002428,Tiles Riser - Matte Finish - (150x1200mm) - Somany,Tiles Riser - Matte Finish - (150x1200mm) - Somany,Tiles -Step,Tile,Tiles Riser - Matte Finish - (150x1200mm) - Somany,SQFT,40,40,40,18,Bengaluru,Karnataka,admin_manual,TRUE
MAT-002426,MAT-002426,MAT-002426,Tiles Steps - Anti-Skid - (300x1200mm) - Johnson,Tiles Steps - Anti-Skid - (300x1200mm) - Johnson,Tiles -Step,Tile,Tiles Steps - Anti-Skid - (300x1200mm) - Johnson,SQFT,45,45,45,18,Bengaluru,Karnataka,admin_manual,TRUE
MAT-002424,MAT-002424,MAT-002424,Tiles Steps - Anti-Skid - (300x1200mm) - Kajaria,Tiles Steps - Anti-Skid - (300x1200mm) - Kajaria,Tiles -Step,Tile,Tiles Steps - Anti-Skid - (300x1200mm) - Kajaria,SQFT,48,48,48,18,Bengaluru,Karnataka,admin_manual,TRUE
MAT-002425,MAT-002425,MAT-002425,Tiles Steps - Anti-Skid - (300x1200mm) - Somany,Tiles Steps - Anti-Skid - (300x1200mm) - Somany,Tiles -Step,Tile,Tiles Steps - Anti-Skid - (300x1200mm) - Somany,SQFT,46,46,46,18,Bengaluru,Karnataka,admin_manual,TRUE
MAT-002435,MAT-002435,MAT-002435,Tile Accessory - Adhesive Premium - MYK Laticrete,Tile Accessory - Adhesive Premium - MYK Laticrete,Tiles-Accessories,Tile,Tile Accessory - Adhesive Premium - MYK Laticrete,KG,39,39,39,18,Bengaluru,Karnataka,admin_manual,TRUE
MAT-002433,MAT-002433,MAT-002433,Tile Accessory - Adhesive Premium - Roff,Tile Accessory - Adhesive Premium - Roff,Tiles-Accessories,Tile,Tile Accessory - Adhesive Premium - Roff,KG,42,42,42,18,Bengaluru,Karnataka,admin_manual,TRUE
MAT-002434,MAT-002434,MAT-002434,Tile Accessory - Adhesive Premium - Weber,Tile Accessory - Adhesive Premium - Weber,Tiles-Accessories,Tile,Tile Accessory - Adhesive Premium - Weber,KG,40,40,40,18,Bengaluru,Karnataka,admin_manual,TRUE
MAT-002432,MAT-002432,MAT-002432,Tile Accessory - Adhesive Standard - MYK Laticrete,Tile Accessory - Adhesive Standard - MYK Laticrete,Tiles-Accessories,Tile,Tile Accessory - Adhesive Standard - MYK Laticrete,KG,35,35,35,18,Bengaluru,Karnataka,admin_manual,TRUE
MAT-002430,MAT-002430,MAT-002430,Tile Accessory - Adhesive Standard - Roff,Tile Accessory - Adhesive Standard - Roff,Tiles-Accessories,Tile,Tile Accessory - Adhesive Standard - Roff,KG,38,38,38,18,Bengaluru,Karnataka,admin_manual,TRUE
MAT-002431,MAT-002431,MAT-002431,Tile Accessory - Adhesive Standard - Weber,Tile Accessory - Adhesive Standard - Weber,Tiles-Accessories,Tile,Tile Accessory - Adhesive Standard - Weber,KG,36,36,36,18,Bengaluru,Karnataka,admin_manual,TRUE
MAT-002441,MAT-002441,MAT-002441,Tile Accessory - Grout Cementitious - MYK Laticrete,Tile Accessory - Grout Cementitious - MYK Laticrete,Tiles-Accessories,Grout,Tile Accessory - Grout Cementitious - MYK Laticrete,KG,40,40,40,18,Bengaluru,Karnataka,admin_manual,TRUE
MAT-002439,MAT-002439,MAT-002439,Tile Accessory - Grout Cementitious - Roff,Tile Accessory - Grout Cementitious - Roff,Tiles-Accessories,Grout,Tile Accessory - Grout Cementitious - Roff,KG,45,45,45,18,Bengaluru,Karnataka,admin_manual,TRUE
MAT-002440,MAT-002440,MAT-002440,Tile Accessory - Grout Cementitious - Weber,Tile Accessory - Grout Cementitious - Weber,Tiles-Accessories,Grout,Tile Accessory - Grout Cementitious - Weber,KG,42,42,42,18,Bengaluru,Karnataka,admin_manual,TRUE
MAT-002438,MAT-002438,MAT-002438,Tile Accessory - Grout Epoxy - MYK Laticrete,Tile Accessory - Grout Epoxy - MYK Laticrete,Tiles-Accessories,Grout,Tile Accessory - Grout Epoxy - MYK Laticrete,KG,110,110,110,18,Bengaluru,Karnataka,admin_manual,TRUE
MAT-002436,MAT-002436,MAT-002436,Tile Accessory - Grout Epoxy - Roff,Tile Accessory - Grout Epoxy - Roff,Tiles-Accessories,Grout,Tile Accessory - Grout Epoxy - Roff,KG,120,120,120,18,Bengaluru,Karnataka,admin_manual,TRUE
MAT-002437,MAT-002437,MAT-002437,Tile Accessory - Grout Epoxy - Weber,Tile Accessory - Grout Epoxy - Weber,Tiles-Accessories,Grout,Tile Accessory - Grout Epoxy - Weber,KG,115,115,115,18,Bengaluru,Karnataka,admin_manual,TRUE
MAT-002456,MAT-002456,MAT-002456,Tile Accessory - Leveling Compound - MYK Laticrete,Tile Accessory - Leveling Compound - MYK Laticrete,Tiles-Accessories,Tile,Tile Accessory - Leveling Compound - MYK Laticrete,KG,60,60,60,18,Bengaluru,Karnataka,admin_manual,TRUE
MAT-002454,MAT-002454,MAT-002454,Tile Accessory - Leveling Compound - Roff,Tile Accessory - Leveling Compound - Roff,Tiles-Accessories,Tile,Tile Accessory - Leveling Compound - Roff,KG,65,65,65,18,Bengaluru,Karnataka,admin_manual,TRUE
MAT-002455,MAT-002455,MAT-002455,Tile Accessory - Leveling Compound - Weber,Tile Accessory - Leveling Compound - Weber,Tiles-Accessories,Tile,Tile Accessory - Leveling Compound - Weber,KG,62,62,62,18,Bengaluru,Karnataka,admin_manual,TRUE
MAT-002450,MAT-002450,MAT-002450,Tile Accessory - Primer Coat - MYK Laticrete,Tile Accessory - Primer Coat - MYK Laticrete,Tiles-Accessories,Tile,Tile Accessory - Primer Coat - MYK Laticrete,LTR,150,150,150,18,Bengaluru,Karnataka,admin_manual,TRUE
MAT-002448,MAT-002448,MAT-002448,Tile Accessory - Primer Coat - Roff,Tile Accessory - Primer Coat - Roff,Tiles-Accessories,Tile,Tile Accessory - Primer Coat - Roff,LTR,160,160,160,18,Bengaluru,Karnataka,admin_manual,TRUE
MAT-002449,MAT-002449,MAT-002449,Tile Accessory - Primer Coat - Weber,Tile Accessory - Primer Coat - Weber,Tiles-Accessories,Tile,Tile Accessory - Primer Coat - Weber,LTR,155,155,155,18,Bengaluru,Karnataka,admin_manual,TRUE
MAT-002442,MAT-002442,MAT-002442,Tile Accessory - Spacer 2mm - Generic,Tile Accessory - Spacer 2mm - Generic,Tiles-Accessories,Spacer,Tile Accessory - Spacer 2mm - Generic,PACK,18,18,18,18,Bengaluru,Karnataka,admin_manual,TRUE
MAT-002443,MAT-002443,MAT-002443,Tile Accessory - Spacer 3mm - Generic,Tile Accessory - Spacer 3mm - Generic,Tiles-Accessories,Spacer,Tile Accessory - Spacer 3mm - Generic,PACK,20,20,20,18,Bengaluru,Karnataka,admin_manual,TRUE
MAT-002444,MAT-002444,MAT-002444,Tile Accessory - Spacer 5mm - Generic,Tile Accessory - Spacer 5mm - Generic,Tiles-Accessories,Spacer,Tile Accessory - Spacer 5mm - Generic,PACK,22,22,22,18,Bengaluru,Karnataka,admin_manual,TRUE
MAT-002459,MAT-002459,MAT-002459,Tile Accessory - Tile Cleaner - MYK Laticrete,Tile Accessory - Tile Cleaner - MYK Laticrete,Tiles-Accessories,Tile,Tile Accessory - Tile Cleaner - MYK Laticrete,LTR,130,130,130,18,Bengaluru,Karnataka,admin_manual,TRUE
MAT-002457,MAT-002457,MAT-002457,Tile Accessory - Tile Cleaner - Roff,Tile Accessory - Tile Cleaner - Roff,Tiles-Accessories,Tile,Tile Accessory - Tile Cleaner - Roff,LTR,140,140,140,18,Bengaluru,Karnataka,admin_manual,TRUE
MAT-002458,MAT-002458,MAT-002458,Tile Accessory - Tile Cleaner - Weber,Tile Accessory - Tile Cleaner - Weber,Tiles-Accessories,Tile,Tile Accessory - Tile Cleaner - Weber,LTR,135,135,135,18,Bengaluru,Karnataka,admin_manual,TRUE
MAT-002447,MAT-002447,MAT-002447,Tile Accessory - Trim Cove Base - Generic,Tile Accessory - Trim Cove Base - Generic,Tiles-Accessories,Tile,Tile Accessory - Trim Cove Base - Generic,M,32,32,32,18,Bengaluru,Karnataka,admin_manual,TRUE
MAT-002445,MAT-002445,MAT-002445,Tile Accessory - Trim L Angle - Generic,Tile Accessory - Trim L Angle - Generic,Tiles-Accessories,Tile,Tile Accessory - Trim L Angle - Generic,M,28,28,28,18,Bengaluru,Karnataka,admin_manual,TRUE
MAT-002446,MAT-002446,MAT-002446,Tile Accessory - Trim Round Edge - Generic,Tile Accessory - Trim Round Edge - Generic,Tiles-Accessories,Tile,Tile Accessory - Trim Round Edge - Generic,M,30,30,30,18,Bengaluru,Karnataka,admin_manual,TRUE
MAT-002453,MAT-002453,MAT-002453,Tile Accessory - Waterproofing Coat - MYK Laticrete,Tile Accessory - Waterproofing Coat - MYK Laticrete,Tiles-Accessories,Tile,Tile Accessory - Waterproofing Coat - MYK Laticrete,LTR,210,210,210,18,Bengaluru,Karnataka,admin_manual,TRUE
MAT-002451,MAT-002451,MAT-002451,Tile Accessory - Waterproofing Coat - Roff,Tile Accessory - Waterproofing Coat - Roff,Tiles-Accessories,Tile,Tile Accessory - Waterproofing Coat - Roff,LTR,220,220,220,18,Bengaluru,Karnataka,admin_manual,TRUE
MAT-002452,MAT-002452,MAT-002452,Tile Accessory - Waterproofing Coat - Weber,Tile Accessory - Waterproofing Coat - Weber,Tiles-Accessories,Tile,Tile Accessory - Waterproofing Coat - Weber,LTR,215,215,215,18,Bengaluru,Karnataka,admin_manual,TRUE
MAT-002462,MAT-002462,MAT-002462,Tiles Border - Decorative - (75x300mm) - Johnson,Tiles Border - Decorative - (75x300mm) - Johnson,Tiles-Border,Tile,Tiles Border - Decorative - (75x300mm) - Johnson,SQFT,24,24,24,18,Bengaluru,Karnataka,admin_manual,TRUE
MAT-002460,MAT-002460,MAT-002460,Tiles Border - Decorative - (75x300mm) - Kajaria,Tiles Border - Decorative - (75x300mm) - Kajaria,Tiles-Border,Tile,Tiles Border - Decorative - (75x300mm) - Kajaria,SQFT,26,26,26,18,Bengaluru,Karnataka,admin_manual,TRUE
MAT-002463,MAT-002463,MAT-002463,Tiles Border - Decorative - (75x300mm) - Morbi,Tiles Border - Decorative - (75x300mm) - Morbi,Tiles-Border,Tile,Tiles Border - Decorative - (75x300mm) - Morbi,SQFT,22,22,22,18,Bengaluru,Karnataka,admin_manual,TRUE
MAT-002461,MAT-002461,MAT-002461,Tiles Border - Decorative - (75x300mm) - Somany,Tiles Border - Decorative - (75x300mm) - Somany,Tiles-Border,Tile,Tiles Border - Decorative - (75x300mm) - Somany,SQFT,25,25,25,18,Bengaluru,Karnataka,admin_manual,TRUE
MAT-002501,MAT-002501,MAT-002501,Tiles Cladding - 3D Elevation - (300x600mm) - Johnson,Tiles Cladding - 3D Elevation - (300x600mm) - Johnson,Tiles-Cladding,Cladding,Tiles Cladding - 3D Elevation - (300x600mm) - Johnson,SQFT,39,39,39,18,Bengaluru,Karnataka,admin_manual,TRUE
MAT-002499,MAT-002499,MAT-002499,Tiles Cladding - 3D Elevation - (300x600mm) - Kajaria,Tiles Cladding - 3D Elevation - (300x600mm) - Kajaria,Tiles-Cladding,Cladding,Tiles Cladding - 3D Elevation - (300x600mm) - Kajaria,SQFT,42,42,42,18,Bengaluru,Karnataka,admin_manual,TRUE
MAT-002502,MAT-002502,MAT-002502,Tiles Cladding - 3D Elevation - (300x600mm) - Morbi,Tiles Cladding - 3D Elevation - (300x600mm) - Morbi,Tiles-Cladding,Cladding,Tiles Cladding - 3D Elevation - (300x600mm) - Morbi,SQFT,35,35,35,18,Bengaluru,Karnataka,admin_manual,TRUE
MAT-002500,MAT-002500,MAT-002500,Tiles Cladding - 3D Elevation - (300x600mm) - Somany,Tiles Cladding - 3D Elevation - (300x600mm) - Somany,Tiles-Cladding,Cladding,Tiles Cladding - 3D Elevation - (300x600mm) - Somany,SQFT,40,40,40,18,Bengaluru,Karnataka,admin_manual,TRUE
MAT-002470,MAT-002470,MAT-002470,Tiles Cladding - Ceramic - (300x450mm) - Johnson,Tiles Cladding - Ceramic - (300x450mm) - Johnson,Tiles-Cladding,Ceramic,Tiles Cladding - Ceramic - (300x450mm) - Johnson,SQFT,28,28,28,18,Bengaluru,Karnataka,admin_manual,TRUE
MAT-002467,MAT-002467,MAT-002467,Tiles Cladding - Ceramic - (300x450mm) - Kajaria,Tiles Cladding - Ceramic - (300x450mm) - Kajaria,Tiles-Cladding,Ceramic,Tiles Cladding - Ceramic - (300x450mm) - Kajaria,SQFT,30,30,30,18,Bengaluru,Karnataka,admin_manual,TRUE
MAT-002485,MAT-002485,MAT-002485,Tiles Cladding - Ceramic - (300x450mm) - Morbi,Tiles Cladding - Ceramic - (300x450mm) - Morbi,Tiles-Cladding,Ceramic,Tiles Cladding - Ceramic - (300x450mm) - Morbi,SQFT,26,26,26,18,Bengaluru,Karnataka,admin_manual,TRUE
MAT-002468,MAT-002468,MAT-002468,Tiles Cladding - Ceramic - (300x450mm) - Somany,Tiles Cladding - Ceramic - (300x450mm) - Somany,Tiles-Cladding,Ceramic,Tiles Cladding - Ceramic - (300x450mm) - Somany,SQFT,29,29,29,18,Bengaluru,Karnataka,admin_manual,TRUE
MAT-002469,MAT-002469,MAT-002469,Tiles Cladding - Ceramic - (300x600mm) - Johnson,Tiles Cladding - Ceramic - (300x600mm) - Johnson,Tiles-Cladding,Ceramic,Tiles Cladding - Ceramic - (300x600mm) - Johnson,SQFT,32,32,32,18,Bengaluru,Karnataka,admin_manual,TRUE
MAT-002471,MAT-002471,MAT-002471,Tiles Cladding - Ceramic - (300x600mm) - Kajaria,Tiles Cladding - Ceramic - (300x600mm) - Kajaria,Tiles-Cladding,Ceramic,Tiles Cladding - Ceramic - (300x600mm) - Kajaria,SQFT,32,32,32,18,Bengaluru,Karnataka,admin_manual,TRUE
MAT-002486,MAT-002486,MAT-002486,Tiles Cladding - Ceramic - (300x600mm) - Morbi,Tiles Cladding - Ceramic - (300x600mm) - Morbi,Tiles-Cladding,Ceramic,Tiles Cladding - Ceramic - (300x600mm) - Morbi,SQFT,28,28,28,18,Bengaluru,Karnataka,admin_manual,TRUE
MAT-002472,MAT-002472,MAT-002472,Tiles Cladding - Ceramic - (300x600mm) - Somany,Tiles Cladding - Ceramic - (300x600mm) - Somany,Tiles-Cladding,Ceramic,Tiles Cladding - Ceramic - (300x600mm) - Somany,SQFT,31,31,31,18,Bengaluru,Karnataka,admin_manual,TRUE
MAT-002505,MAT-002505,MAT-002505,Tiles Cladding - Designer Blend - (300x600mm) - Johnson,Tiles Cladding - Designer Blend - (300x600mm) - Johnson,Tiles-Cladding,Cladding,Tiles Cladding - Designer Blend - (300x600mm) - Johnson,SQFT,41,41,41,18,Bengaluru,Karnataka,admin_manual,TRUE
MAT-002503,MAT-002503,MAT-002503,Tiles Cladding - Designer Blend - (300x600mm) - Kajaria,Tiles Cladding - Designer Blend - (300x600mm) - Kajaria,Tiles-Cladding,Cladding,Tiles Cladding - Designer Blend - (300x600mm) - Kajaria,SQFT,44,44,44,18,Bengaluru,Karnataka,admin_manual,TRUE
MAT-002506,MAT-002506,MAT-002506,Tiles Cladding - Designer Blend - (300x600mm) - Morbi,Tiles Cladding - Designer Blend - (300x600mm) - Morbi,Tiles-Cladding,Cladding,Tiles Cladding - Designer Blend - (300x600mm) - Morbi,SQFT,37,37,37,18,Bengaluru,Karnataka,admin_manual,TRUE
MAT-002504,MAT-002504,MAT-002504,Tiles Cladding - Designer Blend - (300x600mm) - Somany,Tiles Cladding - Designer Blend - (300x600mm) - Somany,Tiles-Cladding,Cladding,Tiles Cladding - Designer Blend - (300x600mm) - Somany,SQFT,42,42,42,18,Bengaluru,Karnataka,admin_manual,TRUE
MAT-002493,MAT-002493,MAT-002493,Tiles Cladding - Designer Digital Print - (300x600mm) - Johnson,Tiles Cladding - Designer Digital Print - (300x600mm) - Johnson,Tiles-Cladding,Cladding,Tiles Cladding - Designer Digital Print - (300x600mm) - Johnson,SQFT,35,35,35,18,Bengaluru,Karnataka,admin_manual,TRUE
MAT-002491,MAT-002491,MAT-002491,Tiles Cladding - Designer Digital Print - (300x600mm) - Kajaria,Tiles Cladding - Designer Digital Print - (300x600mm) - Kajaria,Tiles-Cladding,Cladding,Tiles Cladding - Designer Digital Print - (300x600mm) - Kajaria,SQFT,38,38,38,18,Bengaluru,Karnataka,admin_manual,TRUE
MAT-002494,MAT-002494,MAT-002494,Tiles Cladding - Designer Digital Print - (300x600mm) - Morbi,Tiles Cladding - Designer Digital Print - (300x600mm) - Morbi,Tiles-Cladding,Cladding,Tiles Cladding - Designer Digital Print - (300x600mm) - Morbi,SQFT,32,32,32,18,Bengaluru,Karnataka,admin_manual,TRUE
MAT-002492,MAT-002492,MAT-002492,Tiles Cladding - Designer Digital Print - (300x600mm) - Somany,Tiles Cladding - Designer Digital Print - (300x600mm) - Somany,Tiles-Cladding,Cladding,Tiles Cladding - Designer Digital Print - (300x600mm) - Somany,SQFT,36,36,36,18,Bengaluru,Karnataka,admin_manual,TRUE
MAT-002481,MAT-002481,MAT-002481,Tiles Cladding - Elevation Rustic - (300x600mm) - Johnson,Tiles Cladding - Elevation Rustic - (300x600mm) - Johnson,Tiles-Cladding,Cladding,Tiles Cladding - Elevation Rustic - (300x600mm) - Johnson,SQFT,34,34,34,18,Bengaluru,Karnataka,admin_manual,TRUE
MAT-002479,MAT-002479,MAT-002479,Tiles Cladding - Elevation Rustic - (300x600mm) - Kajaria,Tiles Cladding - Elevation Rustic - (300x600mm) - Kajaria,Tiles-Cladding,Cladding,Tiles Cladding - Elevation Rustic - (300x600mm) - Kajaria,SQFT,36,36,36,18,Bengaluru,Karnataka,admin_manual,TRUE
MAT-002489,MAT-002489,MAT-002489,Tiles Cladding - Elevation Rustic - (300x600mm) - Morbi,Tiles Cladding - Elevation Rustic - (300x600mm) - Morbi,Tiles-Cladding,Cladding,Tiles Cladding - Elevation Rustic - (300x600mm) - Morbi,SQFT,32,32,32,18,Bengaluru,Karnataka,admin_manual,TRUE
MAT-002480,MAT-002480,MAT-002480,Tiles Cladding - Elevation Rustic - (300x600mm) - Somany,Tiles Cladding - Elevation Rustic - (300x600mm) - Somany,Tiles-Cladding,Cladding,Tiles Cladding - Elevation Rustic - (300x600mm) - Somany,SQFT,35,35,35,18,Bengaluru,Karnataka,admin_manual,TRUE
MAT-002484,MAT-002484,MAT-002484,Tiles Cladding - Elevation Stone Finish - (300x600mm) - Johnson,Tiles Cladding - Elevation Stone Finish - (300x600mm) - Johnson,Tiles-Cladding,Cladding,Tiles Cladding - Elevation Stone Finish - (300x600mm) - Johnson,SQFT,36,36,36,18,Bengaluru,Karnataka,admin_manual,TRUE
MAT-002482,MAT-002482,MAT-002482,Tiles Cladding - Elevation Stone Finish - (300x600mm) - Kajaria,Tiles Cladding - Elevation Stone Finish - (300x600mm) - Kajaria,Tiles-Cladding,Cladding,Tiles Cladding - Elevation Stone Finish - (300x600mm) - Kajaria,SQFT,38,38,38,18,Bengaluru,Karnataka,admin_manual,TRUE
MAT-002490,MAT-002490,MAT-002490,Tiles Cladding - Elevation Stone Finish - (300x600mm) - Morbi,Tiles Cladding - Elevation Stone Finish - (300x600mm) - Morbi,Tiles-Cladding,Cladding,Tiles Cladding - Elevation Stone Finish - (300x600mm) - Morbi,SQFT,34,34,34,18,Bengaluru,Karnataka,admin_manual,TRUE
MAT-002483,MAT-002483,MAT-002483,Tiles Cladding - Elevation Stone Finish - (300x600mm) - Somany,Tiles Cladding - Elevation Stone Finish - (300x600mm) - Somany,Tiles-Cladding,Cladding,Tiles Cladding - Elevation Stone Finish - (300x600mm) - Somany,SQFT,37,37,37,18,Bengaluru,Karnataka,admin_manual,TRUE
MAT-002475,MAT-002475,MAT-002475,Tiles Cladding - Glossy Bathroom - (300x600mm) - Johnson,Tiles Cladding - Glossy Bathroom - (300x600mm) - Johnson,Tiles-Cladding,Cladding,Tiles Cladding - Glossy Bathroom - (300x600mm) - Johnson,SQFT,31,31,31,18,Bengaluru,Karnataka,admin_manual,TRUE
MAT-002473,MAT-002473,MAT-002473,Tiles Cladding - Glossy Bathroom - (300x600mm) - Kajaria,Tiles Cladding - Glossy Bathroom - (300x600mm) - Kajaria,Tiles-Cladding,Cladding,Tiles Cladding - Glossy Bathroom - (300x600mm) - Kajaria,SQFT,33,33,33,18,Bengaluru,Karnataka,admin_manual,TRUE
MAT-002487,MAT-002487,MAT-002487,Tiles Cladding - Glossy Bathroom - (300x600mm) - Morbi,Tiles Cladding - Glossy Bathroom - (300x600mm) - Morbi,Tiles-Cladding,Cladding,Tiles Cladding - Glossy Bathroom - (300x600mm) - Morbi,SQFT,29,29,29,18,Bengaluru,Karnataka,admin_manual,TRUE
MAT-002474,MAT-002474,MAT-002474,Tiles Cladding - Glossy Bathroom - (300x600mm) - Somany,Tiles Cladding - Glossy Bathroom - (300x600mm) - Somany,Tiles-Cladding,Cladding,Tiles Cladding - Glossy Bathroom - (300x600mm) - Somany,SQFT,32,32,32,18,Bengaluru,Karnataka,admin_manual,TRUE
MAT-002478,MAT-002478,MAT-002478,Tiles Cladding - Kitchen Glossy - (300x450mm) - Johnson,Tiles Cladding - Kitchen Glossy - (300x450mm) - Johnson,Tiles-Cladding,Cladding,Tiles Cladding - Kitchen Glossy - (300x450mm) - Johnson,SQFT,32,32,32,18,Bengaluru,Karnataka,admin_manual,TRUE
MAT-002476,MAT-002476,MAT-002476,Tiles Cladding - Kitchen Glossy - (300x450mm) - Kajaria,Tiles Cladding - Kitchen Glossy - (300x450mm) - Kajaria,Tiles-Cladding,Cladding,Tiles Cladding - Kitchen Glossy - (300x450mm) - Kajaria,SQFT,34,34,34,18,Bengaluru,Karnataka,admin_manual,TRUE
MAT-002488,MAT-002488,MAT-002488,Tiles Cladding - Kitchen Glossy - (300x450mm) - Morbi,Tiles Cladding - Kitchen Glossy - (300x450mm) - Morbi,Tiles-Cladding,Cladding,Tiles Cladding - Kitchen Glossy - (300x450mm) - Morbi,SQFT,30,30,30,18,Bengaluru,Karnataka,admin_manual,TRUE
MAT-002477,MAT-002477,MAT-002477,Tiles Cladding - Kitchen Glossy - (300x450mm) - Somany,Tiles Cladding - Kitchen Glossy - (300x450mm) - Somany,Tiles-Cladding,Cladding,Tiles Cladding - Kitchen Glossy - (300x450mm) - Somany,SQFT,33,33,33,18,Bengaluru,Karnataka,admin_manual,TRUE
MAT-002497,MAT-002497,MAT-002497,Tiles Cladding - Mosaic Blend - (300x300mm) - Johnson,Tiles Cladding - Mosaic Blend - (300x300mm) - Johnson,Tiles-Cladding,Cladding,Tiles Cladding - Mosaic Blend - (300x300mm) - Johnson,SQFT,36,36,36,18,Bengaluru,Karnataka,admin_manual,TRUE
MAT-002495,MAT-002495,MAT-002495,Tiles Cladding - Mosaic Blend - (300x300mm) - Kajaria,Tiles Cladding - Mosaic Blend - (300x300mm) - Kajaria,Tiles-Cladding,Cladding,Tiles Cladding - Mosaic Blend - (300x300mm) - Kajaria,SQFT,40,40,40,18,Bengaluru,Karnataka,admin_manual,TRUE
MAT-002498,MAT-002498,MAT-002498,Tiles Cladding - Mosaic Blend - (300x300mm) - Morbi,Tiles Cladding - Mosaic Blend - (300x300mm) - Morbi,Tiles-Cladding,Cladding,Tiles Cladding - Mosaic Blend - (300x300mm) - Morbi,SQFT,32,32,32,18,Bengaluru,Karnataka,admin_manual,TRUE
MAT-002496,MAT-002496,MAT-002496,Tiles Cladding - Mosaic Blend - (300x300mm) - Somany,Tiles Cladding - Mosaic Blend - (300x300mm) - Somany,Tiles-Cladding,Cladding,Tiles Cladding - Mosaic Blend - (300x300mm) - Somany,SQFT,38,38,38,18,Bengaluru,Karnataka,admin_manual,TRUE
MAT-002466,MAT-002466,MAT-002466,Tiles Flooring - Ceramic - (300x300mm) - Johnson,Tiles Flooring - Ceramic - (300x300mm) - Johnson,Tiles-Cladding,Ceramic,Tiles Flooring - Ceramic - (300x300mm) - Johnson,SQFT,26,26,26,18,Bengaluru,Karnataka,admin_manual,TRUE
MAT-002464,MAT-002464,MAT-002464,Tiles Flooring - Ceramic - (300x300mm) - Kajaria,Tiles Flooring - Ceramic - (300x300mm) - Kajaria,Tiles-Cladding,Ceramic,Tiles Flooring - Ceramic - (300x300mm) - Kajaria,SQFT,28,28,28,18,Bengaluru,Karnataka,admin_manual,TRUE
MAT-002465,MAT-002465,MAT-002465,Tiles Flooring - Ceramic - (300x300mm) - Somany,Tiles Flooring - Ceramic - (300x300mm) - Somany,Tiles-Cladding,Ceramic,Tiles Flooring - Ceramic - (300x300mm) - Somany,SQFT,27,27,27,18,Bengaluru,Karnataka,admin_manual,TRUE
MAT-002520,MAT-002520,MAT-002520,Tiles Flooring - Ceramic - (300x300mm) - Morbi,Tiles Flooring - Ceramic - (300x300mm) - Morbi,Tiles-Flooring,Ceramic,Tiles Flooring - Ceramic - (300x300mm) - Morbi,SQFT,24,24,24,18,Bengaluru,Karnataka,admin_manual,TRUE
MAT-002523,MAT-002523,MAT-002523,Tiles Flooring - Double Charge Vitrified - (600x600mm) - Johnson,Tiles Flooring - Double Charge Vitrified - (600x600mm) - Johnson,Tiles-Flooring,Vitrified,Tiles Flooring - Double Charge Vitrified - (600x600mm) - Johnson,SQFT,46,46,46,18,Bengaluru,Karnataka,admin_manual,TRUE
MAT-002521,MAT-002521,MAT-002521,Tiles Flooring - Double Charge Vitrified - (600x600mm) - Kajaria,Tiles Flooring - Double Charge Vitrified - (600x600mm) - Kajaria,Tiles-Flooring,Vitrified,Tiles Flooring - Double Charge Vitrified - (600x600mm) - Kajaria,SQFT,48,48,48,18,Bengaluru,Karnataka,admin_manual,TRUE
MAT-002524,MAT-002524,MAT-002524,Tiles Flooring - Double Charge Vitrified - (600x600mm) - Morbi,Tiles Flooring - Double Charge Vitrified - (600x600mm) - Morbi,Tiles-Flooring,Vitrified,Tiles Flooring - Double Charge Vitrified - (600x600mm) - Morbi,SQFT,42,42,42,18,Bengaluru,Karnataka,admin_manual,TRUE
MAT-002522,MAT-002522,MAT-002522,Tiles Flooring - Double Charge Vitrified - (600x600mm) - Somany,Tiles Flooring - Double Charge Vitrified - (600x600mm) - Somany,Tiles-Flooring,Vitrified,Tiles Flooring - Double Charge Vitrified - (600x600mm) - Somany,SQFT,47,47,47,18,Bengaluru,Karnataka,admin_manual,TRUE
MAT-002535,MAT-002535,MAT-002535,Tiles Flooring - Glossy Vitrified - (1000x1000mm) - Johnson,Tiles Flooring - Glossy Vitrified - (1000x1000mm) - Johnson,Tiles-Flooring,Vitrified,Tiles Flooring - Glossy Vitrified - (1000x1000mm) - Johnson,SQFT,68,68,68,18,Bengaluru,Karnataka,admin_manual,TRUE
MAT-002533,MAT-002533,MAT-002533,Tiles Flooring - Glossy Vitrified - (1000x1000mm) - Kajaria,Tiles Flooring - Glossy Vitrified - (1000x1000mm) - Kajaria,Tiles-Flooring,Vitrified,Tiles Flooring - Glossy Vitrified - (1000x1000mm) - Kajaria,SQFT,72,72,72,18,Bengaluru,Karnataka,admin_manual,TRUE
MAT-002536,MAT-002536,MAT-002536,Tiles Flooring - Glossy Vitrified - (1000x1000mm) - Morbi,Tiles Flooring - Glossy Vitrified - (1000x1000mm) - Morbi,Tiles-Flooring,Vitrified,Tiles Flooring - Glossy Vitrified - (1000x1000mm) - Morbi,SQFT,65,65,65,18,Bengaluru,Karnataka,admin_manual,TRUE
MAT-002534,MAT-002534,MAT-002534,Tiles Flooring - Glossy Vitrified - (1000x1000mm) - Somany,Tiles Flooring - Glossy Vitrified - (1000x1000mm) - Somany,Tiles-Flooring,Vitrified,Tiles Flooring - Glossy Vitrified - (1000x1000mm) - Somany,SQFT,70,70,70,18,Bengaluru,Karnataka,admin_manual,TRUE
MAT-002543,MAT-002543,MAT-002543,Tiles Flooring - Marble Look Vitrified - (800x800mm) - Johnson,Tiles Flooring - Marble Look Vitrified - (800x800mm) - Johnson,Tiles-Flooring,Vitrified,Tiles Flooring - Marble Look Vitrified - (800x800mm) - Johnson,SQFT,65,65,65,18,Bengaluru,Karnataka,admin_manual,TRUE
MAT-002541,MAT-002541,MAT-002541,Tiles Flooring - Marble Look Vitrified - (800x800mm) - Kajaria,Tiles Flooring - Marble Look Vitrified - (800x800mm) - Kajaria,Tiles-Flooring,Vitrified,Tiles Flooring - Marble Look Vitrified - (800x800mm) - Kajaria,SQFT,68,68,68,18,Bengaluru,Karnataka,admin_manual,TRUE
MAT-002544,MAT-002544,MAT-002544,Tiles Flooring - Marble Look Vitrified - (800x800mm) - Morbi,Tiles Flooring - Marble Look Vitrified - (800x800mm) - Morbi,Tiles-Flooring,Vitrified,Tiles Flooring - Marble Look Vitrified - (800x800mm) - Morbi,SQFT,60,60,60,18,Bengaluru,Karnataka,admin_manual,TRUE
MAT-002542,MAT-002542,MAT-002542,Tiles Flooring - Marble Look Vitrified - (800x800mm) - Somany,Tiles Flooring - Marble Look Vitrified - (800x800mm) - Somany,Tiles-Flooring,Vitrified,Tiles Flooring - Marble Look Vitrified - (800x800mm) - Somany,SQFT,66,66,66,18,Bengaluru,Karnataka,admin_manual,TRUE
MAT-002531,MAT-002531,MAT-002531,Tiles Flooring - Matte Vitrified - (600x1200mm) - Johnson,Tiles Flooring - Matte Vitrified - (600x1200mm) - Johnson,Tiles-Flooring,Vitrified,Tiles Flooring - Matte Vitrified - (600x1200mm) - Johnson,SQFT,57,57,57,18,Bengaluru,Karnataka,admin_manual,TRUE
MAT-002529,MAT-002529,MAT-002529,Tiles Flooring - Matte Vitrified - (600x1200mm) - Kajaria,Tiles Flooring - Matte Vitrified - (600x1200mm) - Kajaria,Tiles-Flooring,Vitrified,Tiles Flooring - Matte Vitrified - (600x1200mm) - Kajaria,SQFT,60,60,60,18,Bengaluru,Karnataka,admin_manual,TRUE
MAT-002532,MAT-002532,MAT-002532,Tiles Flooring - Matte Vitrified - (600x1200mm) - Morbi,Tiles Flooring - Matte Vitrified - (600x1200mm) - Morbi,Tiles-Flooring,Vitrified,Tiles Flooring - Matte Vitrified - (600x1200mm) - Morbi,SQFT,52,52,52,18,Bengaluru,Karnataka,admin_manual,TRUE
MAT-002530,MAT-002530,MAT-002530,Tiles Flooring - Matte Vitrified - (600x1200mm) - Somany,Tiles Flooring - Matte Vitrified - (600x1200mm) - Somany,Tiles-Flooring,Vitrified,Tiles Flooring - Matte Vitrified - (600x1200mm) - Somany,SQFT,58,58,58,18,Bengaluru,Karnataka,admin_manual,TRUE
MAT-002527,MAT-002527,MAT-002527,Tiles Flooring - Polished Vitrified - (800x800mm) - Johnson,Tiles Flooring - Polished Vitrified - (800x800mm) - Johnson,Tiles-Flooring,Vitrified,Tiles Flooring - Polished Vitrified - (800x800mm) - Johnson,SQFT,62,62,62,18,Bengaluru,Karnataka,admin_manual,TRUE
MAT-002525,MAT-002525,MAT-002525,Tiles Flooring - Polished Vitrified - (800x800mm) - Kajaria,Tiles Flooring - Polished Vitrified - (800x800mm) - Kajaria,Tiles-Flooring,Vitrified,Tiles Flooring - Polished Vitrified - (800x800mm) - Kajaria,SQFT,65,65,65,18,Bengaluru,Karnataka,admin_manual,TRUE
MAT-002528,MAT-002528,MAT-002528,Tiles Flooring - Polished Vitrified - (800x800mm) - Morbi,Tiles Flooring - Polished Vitrified - (800x800mm) - Morbi,Tiles-Flooring,Vitrified,Tiles Flooring - Polished Vitrified - (800x800mm) - Morbi,SQFT,58,58,58,18,Bengaluru,Karnataka,admin_manual,TRUE
MAT-002526,MAT-002526,MAT-002526,Tiles Flooring - Polished Vitrified - (800x800mm) - Somany,Tiles Flooring - Polished Vitrified - (800x800mm) - Somany,Tiles-Flooring,Vitrified,Tiles Flooring - Polished Vitrified - (800x800mm) - Somany,SQFT,63,63,63,18,Bengaluru,Karnataka,admin_manual,TRUE
MAT-002519,MAT-002519,MAT-002519,Tiles Flooring - Vitrified - (1000x1000mm) - Morbi,Tiles Flooring - Vitrified - (1000x1000mm) - Morbi,Tiles-Flooring,Vitrified,Tiles Flooring - Vitrified - (1000x1000mm) - Morbi,SQFT,65,65,65,18,Bengaluru,Karnataka,admin_manual,TRUE
MAT-002513,MAT-002513,MAT-002513,Tiles Flooring - Vitrified - (600x1200mm) - Johnson,Tiles Flooring - Vitrified - (600x1200mm) - Johnson,Tiles-Flooring,Vitrified,Tiles Flooring - Vitrified - (600x1200mm) - Johnson,SQFT,55,55,55,18,Bengaluru,Karnataka,admin_manual,TRUE
MAT-002511,MAT-002511,MAT-002511,Tiles Flooring - Vitrified - (600x1200mm) - Kajaria,Tiles Flooring - Vitrified - (600x1200mm) - Kajaria,Tiles-Flooring,Vitrified,Tiles Flooring - Vitrified - (600x1200mm) - Kajaria,SQFT,58,58,58,18,Bengaluru,Karnataka,admin_manual,TRUE
MAT-002517,MAT-002517,MAT-002517,Tiles Flooring - Vitrified - (600x1200mm) - Morbi,Tiles Flooring - Vitrified - (600x1200mm) - Morbi,Tiles-Flooring,Vitrified,Tiles Flooring - Vitrified - (600x1200mm) - Morbi,SQFT,52,52,52,18,Bengaluru,Karnataka,admin_manual,TRUE
MAT-002512,MAT-002512,MAT-002512,Tiles Flooring - Vitrified - (600x1200mm) - Somany,Tiles Flooring - Vitrified - (600x1200mm) - Somany,Tiles-Flooring,Vitrified,Tiles Flooring - Vitrified - (600x1200mm) - Somany,SQFT,56,56,56,18,Bengaluru,Karnataka,admin_manual,TRUE
MAT-002510,MAT-002510,MAT-002510,Tiles Flooring - Vitrified - (600x600mm) - Asian Granito,Tiles Flooring - Vitrified - (600x600mm) - Asian Granito,Tiles-Flooring,Vitrified,Tiles Flooring - Vitrified - (600x600mm) - Asian Granito,SQFT,39,39,39,18,Bengaluru,Karnataka,admin_manual,TRUE
MAT-002509,MAT-002509,MAT-002509,Tiles Flooring - Vitrified - (600x600mm) - Johnson,Tiles Flooring - Vitrified - (600x600mm) - Johnson,Tiles-Flooring,Vitrified,Tiles Flooring - Vitrified - (600x600mm) - Johnson,SQFT,40,40,40,18,Bengaluru,Karnataka,admin_manual,TRUE
MAT-002507,MAT-002507,MAT-002507,Tiles Flooring - Vitrified - (600x600mm) - Kajaria,Tiles Flooring - Vitrified - (600x600mm) - Kajaria,Tiles-Flooring,Vitrified,Tiles Flooring - Vitrified - (600x600mm) - Kajaria,SQFT,42,42,42,18,Bengaluru,Karnataka,admin_manual,TRUE
MAT-002516,MAT-002516,MAT-002516,Tiles Flooring - Vitrified - (600x600mm) - Morbi,Tiles Flooring - Vitrified - (600x600mm) - Morbi,Tiles-Flooring,Vitrified,Tiles Flooring - Vitrified - (600x600mm) - Morbi,SQFT,36,36,36,18,Bengaluru,Karnataka,admin_manual,TRUE
MAT-002508,MAT-002508,MAT-002508,Tiles Flooring - Vitrified - (600x600mm) - Somany,Tiles Flooring - Vitrified - (600x600mm) - Somany,Tiles-Flooring,Vitrified,Tiles Flooring - Vitrified - (600x600mm) - Somany,SQFT,41,41,41,18,Bengaluru,Karnataka,admin_manual,TRUE
MAT-002514,MAT-002514,MAT-002514,Tiles Flooring - Vitrified - (800x800mm) - Kajaria,Tiles Flooring - Vitrified - (800x800mm) - Kajaria,Tiles-Flooring,Vitrified,Tiles Flooring - Vitrified - (800x800mm) - Kajaria,SQFT,62,62,62,18,Bengaluru,Karnataka,admin_manual,TRUE
MAT-002518,MAT-002518,MAT-002518,Tiles Flooring - Vitrified - (800x800mm) - Morbi,Tiles Flooring - Vitrified - (800x800mm) - Morbi,Tiles-Flooring,Vitrified,Tiles Flooring - Vitrified - (800x800mm) - Morbi,SQFT,58,58,58,18,Bengaluru,Karnataka,admin_manual,TRUE
MAT-002515,MAT-002515,MAT-002515,Tiles Flooring - Vitrified - (800x800mm) - Somany,Tiles Flooring - Vitrified - (800x800mm) - Somany,Tiles-Flooring,Vitrified,Tiles Flooring - Vitrified - (800x800mm) - Somany,SQFT,60,60,60,18,Bengaluru,Karnataka,admin_manual,TRUE
MAT-002539,MAT-002539,MAT-002539,Tiles Flooring - Wood Finish Vitrified - (600x1200mm) - Johnson,Tiles Flooring - Wood Finish Vitrified - (600x1200mm) - Johnson,Tiles-Flooring,Vitrified,Tiles Flooring - Wood Finish Vitrified - (600x1200mm) - Johnson,SQFT,59,59,59,18,Bengaluru,Karnataka,admin_manual,TRUE
MAT-002537,MAT-002537,MAT-002537,Tiles Flooring - Wood Finish Vitrified - (600x1200mm) - Kajaria,Tiles Flooring - Wood Finish Vitrified - (600x1200mm) - Kajaria,Tiles-Flooring,Vitrified,Tiles Flooring - Wood Finish Vitrified - (600x1200mm) - Kajaria,SQFT,62,62,62,18,Bengaluru,Karnataka,admin_manual,TRUE
MAT-002540,MAT-002540,MAT-002540,Tiles Flooring - Wood Finish Vitrified - (600x1200mm) - Morbi,Tiles Flooring - Wood Finish Vitrified - (600x1200mm) - Morbi,Tiles-Flooring,Vitrified,Tiles Flooring - Wood Finish Vitrified - (600x1200mm) - Morbi,SQFT,54,54,54,18,Bengaluru,Karnataka,admin_manual,TRUE
MAT-002538,MAT-002538,MAT-002538,Tiles Flooring - Wood Finish Vitrified - (600x1200mm) - Somany,Tiles Flooring - Wood Finish Vitrified - (600x1200mm) - Somany,Tiles-Flooring,Vitrified,Tiles Flooring - Wood Finish Vitrified - (600x1200mm) - Somany,SQFT,60,60,60,18,Bengaluru,Karnataka,admin_manual,TRUE
MAT-002545,MAT-002545,MAT-002545,Tiles Parking - Heavy Duty - (300x300mm) - Johnson Endura,Tiles Parking - Heavy Duty - (300x300mm) - Johnson Endura,Tiles-Parking,Parking,Tiles Parking - Heavy Duty - (300x300mm) - Johnson Endura,SQFT,36,36,36,18,Bengaluru,Karnataka,admin_manual,TRUE
MAT-002548,MAT-002548,MAT-002548,Tiles Parking - Heavy Duty - (300x300mm) - Morbi,Tiles Parking - Heavy Duty - (300x300mm) - Morbi,Tiles-Parking,Parking,Tiles Parking - Heavy Duty - (300x300mm) - Morbi,SQFT,32,32,32,18,Bengaluru,Karnataka,admin_manual,TRUE
MAT-002549,MAT-002549,MAT-002549,Tiles Parking - Heavy Duty - (400x400mm) - Morbi,Tiles Parking - Heavy Duty - (400x400mm) - Morbi,Tiles-Parking,Parking,Tiles Parking - Heavy Duty - (400x400mm) - Morbi,SQFT,34,34,34,18,Bengaluru,Karnataka,admin_manual,TRUE
MAT-002546,MAT-002546,MAT-002546,Tiles Parking - Heavy Duty - (400x400mm) - Somany Durastone,Tiles Parking - Heavy Duty - (400x400mm) - Somany Durastone,Tiles-Parking,Parking,Tiles Parking - Heavy Duty - (400x400mm) - Somany Durastone,SQFT,38,38,38,18,Bengaluru,Karnataka,admin_manual,TRUE
MAT-002547,MAT-002547,MAT-002547,Tiles Parking - Heavy Duty - (600x600mm) - Kajaria Eternity,Tiles Parking - Heavy Duty - (600x600mm) - Kajaria Eternity,Tiles-Parking,Parking,Tiles Parking - Heavy Duty - (600x600mm) - Kajaria Eternity,SQFT,45,45,45,18,Bengaluru,Karnataka,admin_manual,TRUE
MAT-002550,MAT-002550,MAT-002550,Tiles Parking - Heavy Duty - (600x600mm) - Morbi,Tiles Parking - Heavy Duty - (600x600mm) - Morbi,Tiles-Parking,Parking,Tiles Parking - Heavy Duty - (600x600mm) - Morbi,SQFT,40,40,40,18,Bengaluru,Karnataka,admin_manual,TRUE
MAT-002553,MAT-002553,MAT-002553,Tiles Skirting - Glossy - (100x600mm) - Johnson,Tiles Skirting - Glossy - (100x600mm) - Johnson,Tiles-Skerting,Skirting,Tiles Skirting - Glossy - (100x600mm) - Johnson,SQFT,20,20,20,18,Bengaluru,Karnataka,admin_manual,TRUE
MAT-002551,MAT-002551,MAT-002551,Tiles Skirting - Glossy - (100x600mm) - Kajaria,Tiles Skirting - Glossy - (100x600mm) - Kajaria,Tiles-Skerting,Skirting,Tiles Skirting - Glossy - (100x600mm) - Kajaria,SQFT,22,22,22,18,Bengaluru,Karnataka,admin_manual,TRUE
MAT-002554,MAT-002554,MAT-002554,Tiles Skirting - Glossy - (100x600mm) - Morbi,Tiles Skirting - Glossy - (100x600mm) - Morbi,Tiles-Skerting,Skirting,Tiles Skirting - Glossy - (100x600mm) - Morbi,SQFT,18,18,18,18,Bengaluru,Karnataka,admin_manual,TRUE
MAT-002552,MAT-002552,MAT-002552,Tiles Skirting - Glossy - (100x600mm) - Somany,Tiles Skirting - Glossy - (100x600mm) - Somany,Tiles-Skerting,Skirting,Tiles Skirting - Glossy - (100x600mm) - Somany,SQFT,21,21,21,18,Bengaluru,Karnataka,admin_manual,TRUE
MAT-002556,MAT-002556,MAT-002556,Tiles Riser - Matte Finish - (150x1200mm) - Morbi,Tiles Riser - Matte Finish - (150x1200mm) - Morbi,Tiles-step,Tile,Tiles Riser - Matte Finish - (150x1200mm) - Morbi,SQFT,36,36,36,18,Bengaluru,Karnataka,admin_manual,TRUE
MAT-002555,MAT-002555,MAT-002555,Tiles Steps - Anti-Skid - (300x1200mm) - Morbi,Tiles Steps - Anti-Skid - (300x1200mm) - Morbi,Tiles-step,Tile,Tiles Steps - Anti-Skid - (300x1200mm) - Morbi,SQFT,42,42,42,18,Bengaluru,Karnataka,admin_manual,TRUE
MAT-002692,MAT-002692,MAT-002692,"Bandli - GI Sheet - Generic - 12""","Bandli - GI Sheet - Generic - 12""",Tools,Bandli,"Bandli - GI Sheet - Generic - 12""",NOS,145,145,145,18,Bengaluru,Karnataka,admin_manual,TRUE
MAT-002693,MAT-002693,MAT-002693,"Bandli - GI Sheet - Generic - 14""","Bandli - GI Sheet - Generic - 14""",Tools,Bandli,"Bandli - GI Sheet - Generic - 14""",NOS,165,165,165,18,Bengaluru,Karnataka,admin_manual,TRUE
MAT-002655,MAT-002655,MAT-002655,"Clamp - C Clamp - Generic - 4""","Clamp - C Clamp - Generic - 4""",Tools,Clamp,"Clamp - C Clamp - Generic - 4""",NOS,185,185,185,18,Bengaluru,Karnataka,admin_manual,TRUE
MAT-002656,MAT-002656,MAT-002656,"Clamp - F Clamp - Stanley - 6""","Clamp - F Clamp - Stanley - 6""",Tools,Clamp,"Clamp - F Clamp - Stanley - 6""",NOS,245,245,245,18,Bengaluru,Karnataka,admin_manual,TRUE
MAT-002657,MAT-002657,MAT-002657,"Clamp - Quick Grip - Irwin - 12""","Clamp - Quick Grip - Irwin - 12""",Tools,Clamp,"Clamp - Quick Grip - Irwin - 12""",NOS,325,325,325,18,Bengaluru,Karnataka,admin_manual,TRUE
MAT-002694,MAT-002694,MAT-002694,Crow Bar - MS - Generic - 5ft,Crow Bar - MS - Generic - 5ft,Tools,Crow Bar,Crow Bar - MS - Generic - 5ft,NOS,225,225,225,18,Bengaluru,Karnataka,admin_manual,TRUE
MAT-002695,MAT-002695,MAT-002695,Crow Bar - MS - Generic - 6ft,Crow Bar - MS - Generic - 6ft,Tools,Crow Bar,Crow Bar - MS - Generic - 6ft,NOS,265,265,265,18,Bengaluru,Karnataka,admin_manual,TRUE
MAT-002660,MAT-002660,MAT-002660,"Cutting Disc - Marble - Generic - 4""","Cutting Disc - Marble - Generic - 4""",Tools,Cutting Disc,"Cutting Disc - Marble - Generic - 4""",NOS,75,75,75,18,Bengaluru,Karnataka,admin_manual,TRUE
MAT-002658,MAT-002658,MAT-002658,"Cutting Disc - Metal - Bosch - 4""","Cutting Disc - Metal - Bosch - 4""",Tools,Cutting Disc,"Cutting Disc - Metal - Bosch - 4""",NOS,65,65,65,18,Bengaluru,Karnataka,admin_manual,TRUE
MAT-002659,MAT-002659,MAT-002659,"Cutting Disc - Wood - Dewalt - 5""","Cutting Disc - Wood - Dewalt - 5""",Tools,Cutting Disc,"Cutting Disc - Wood - Dewalt - 5""",NOS,85,85,85,18,Bengaluru,Karnataka,admin_manual,TRUE
MAT-002701,MAT-002701,MAT-002701,"Cutting Plier - Insulated - Stanley - 7""","Cutting Plier - Insulated - Stanley - 7""",Tools,Cutting Plier,"Cutting Plier - Insulated - Stanley - 7""",NOS,225,225,225,18,Bengaluru,Karnataka,admin_manual,TRUE
MAT-002700,MAT-002700,MAT-002700,"Cutting Plier - Insulated - Taparia - 6""","Cutting Plier - Insulated - Taparia - 6""",Tools,Cutting Plier,"Cutting Plier - Insulated - Taparia - 6""",NOS,185,185,185,18,Bengaluru,Karnataka,admin_manual,TRUE
MAT-002721,MAT-002721,MAT-002721,"Cutting Wheel - 4"" - Bosch","Cutting Wheel - 4"" - Bosch",Tools,Cutting Wheel,"Cutting Wheel - 4"" - Bosch",NOS,65,65,65,18,Bengaluru,Karnataka,admin_manual,TRUE
MAT-002722,MAT-002722,MAT-002722,Drill Bit - 10mm - Concrete Grade,Drill Bit - 10mm - Concrete Grade,Tools,Drill Bit,Drill Bit - 10mm - Concrete Grade,NOS,45,45,45,18,Bengaluru,Karnataka,admin_manual,TRUE
MAT-002650,MAT-002650,MAT-002650,Drill Bit - Masonry - Dewalt - 8mm,Drill Bit - Masonry - Dewalt - 8mm,Tools,Drill Bit,Drill Bit - Masonry - Dewalt - 8mm,NOS,55,55,55,18,Bengaluru,Karnataka,admin_manual,TRUE
MAT-002651,MAT-002651,MAT-002651,Drill Bit - Metal - Makita - 10mm,Drill Bit - Metal - Makita - 10mm,Tools,Drill Bit,Drill Bit - Metal - Makita - 10mm,NOS,65,65,65,18,Bengaluru,Karnataka,admin_manual,TRUE
MAT-002649,MAT-002649,MAT-002649,Drill Bit - Wood - Bosch - 6mm,Drill Bit - Wood - Bosch - 6mm,Tools,Drill Bit,Drill Bit - Wood - Bosch - 6mm,NOS,45,45,45,18,Bengaluru,Karnataka,admin_manual,TRUE
MAT-002668,MAT-002668,MAT-002668,"Edge Band File - Emery - Generic - 6""","Edge Band File - Emery - Generic - 6""",Tools,Edge Band File,"Edge Band File - Emery - Generic - 6""",NOS,65,65,65,18,Bengaluru,Karnataka,admin_manual,TRUE
MAT-002667,MAT-002667,MAT-002667,Edge Band Trimmer - Manual - Generic - Dual Blade,Edge Band Trimmer - Manual - Generic - Dual Blade,Tools,Edge Band Trimmer,Edge Band Trimmer - Manual - Generic - Dual Blade,NOS,145,145,145,18,Bengaluru,Karnataka,admin_manual,TRUE
MAT-002688,MAT-002688,MAT-002688,Electrical Tester - Neon Screwdriver - Generic - 100–250V,Electrical Tester - Neon Screwdriver - Generic - 100–250V,Tools,Electrical Tester,Electrical Tester - Neon Screwdriver - Generic - 100–250V,NOS,45,45,45,18,Bengaluru,Karnataka,admin_manual,TRUE
MAT-002687,MAT-002687,MAT-002687,Electrical Tester - Voltage Pen - Fluke - 90–1000V,Electrical Tester - Voltage Pen - Fluke - 90–1000V,Tools,Electrical Tester,Electrical Tester - Voltage Pen - Fluke - 90–1000V,NOS,650,650,650,18,Bengaluru,Karnataka,admin_manual,TRUE
MAT-002684,MAT-002684,MAT-002684,Extension Board - 4 Socket - Anchor - 5m Cord,Extension Board - 4 Socket - Anchor - 5m Cord,Tools,Extension Board,Extension Board - 4 Socket - Anchor - 5m Cord,NOS,450,450,450,18,Bengaluru,Karnataka,admin_manual,TRUE
MAT-002686,MAT-002686,MAT-002686,Extension Board - 4 Socket - Havells - 3m Cord,Extension Board - 4 Socket - Havells - 3m Cord,Tools,Extension Board,Extension Board - 4 Socket - Havells - 3m Cord,NOS,425,425,425,18,Bengaluru,Karnataka,admin_manual,TRUE
MAT-002685,MAT-002685,MAT-002685,Extension Board - 6 Socket - GM - 5m Cord,Extension Board - 6 Socket - GM - 5m Cord,Tools,Extension Board,Extension Board - 6 Socket - GM - 5m Cord,NOS,550,550,550,18,Bengaluru,Karnataka,admin_manual,TRUE
MAT-002662,MAT-002662,MAT-002662,"Grinding Wheel - Marble - Dewalt - 5""","Grinding Wheel - Marble - Dewalt - 5""",Tools,Grinding Wheel,"Grinding Wheel - Marble - Dewalt - 5""",NOS,85,85,85,18,Bengaluru,Karnataka,admin_manual,TRUE
MAT-002661,MAT-002661,MAT-002661,"Grinding Wheel - Metal - Bosch - 4""","Grinding Wheel - Metal - Bosch - 4""",Tools,Grinding Wheel,"Grinding Wheel - Metal - Bosch - 4""",NOS,65,65,65,18,Bengaluru,Karnataka,admin_manual,TRUE
MAT-002663,MAT-002663,MAT-002663,"Grinding Wheel - Wood - Generic - 4""","Grinding Wheel - Wood - Generic - 4""",Tools,Grinding Wheel,"Grinding Wheel - Wood - Generic - 4""",NOS,75,75,75,18,Bengaluru,Karnataka,admin_manual,TRUE
MAT-002718,MAT-002718,MAT-002718,Hammer - Claw Type - 1lb,Hammer - Claw Type - 1lb,Tools,Hammer,Hammer - Claw Type - 1lb,NOS,185,185,185,18,Bengaluru,Karnataka,admin_manual,TRUE
MAT-002673,MAT-002673,MAT-002673,Heat Gun - Compact - Generic - 1500W,Heat Gun - Compact - Generic - 1500W,Tools,Heat Gun,Heat Gun - Compact - Generic - 1500W,NOS,950,950,950,18,Bengaluru,Karnataka,admin_manual,TRUE
MAT-002672,MAT-002672,MAT-002672,Heat Gun - Fixed Temp - Stanley - 1600W,Heat Gun - Fixed Temp - Stanley - 1600W,Tools,Heat Gun,Heat Gun - Fixed Temp - Stanley - 1600W,NOS,1250,1250,1250,18,Bengaluru,Karnataka,admin_manual,TRUE
MAT-002671,MAT-002671,MAT-002671,Heat Gun - Variable Temp - Bosch - 1800W,Heat Gun - Variable Temp - Bosch - 1800W,Tools,Heat Gun,Heat Gun - Variable Temp - Bosch - 1800W,NOS,1450,1450,1450,18,Bengaluru,Karnataka,admin_manual,TRUE
MAT-002670,MAT-002670,MAT-002670,"Laminate Cutter - Heavy Duty - Generic - 8""","Laminate Cutter - Heavy Duty - Generic - 8""",Tools,Laminate Cutter,"Laminate Cutter - Heavy Duty - Generic - 8""",NOS,245,245,245,18,Bengaluru,Karnataka,admin_manual,TRUE
MAT-002669,MAT-002669,MAT-002669,"Laminate Cutter - Manual - Generic - 6""","Laminate Cutter - Manual - Generic - 6""",Tools,Laminate Cutter,"Laminate Cutter - Manual - Generic - 6""",NOS,185,185,185,18,Bengaluru,Karnataka,admin_manual,TRUE
MAT-002679,MAT-002679,MAT-002679,Laser Level - 360° Rotary - Stanley - 20m Range,Laser Level - 360° Rotary - Stanley - 20m Range,Tools,Laser Level,Laser Level - 360° Rotary - Stanley - 20m Range,NOS,3850,3850,3850,18,Bengaluru,Karnataka,admin_manual,TRUE
MAT-002678,MAT-002678,MAT-002678,Laser Level - Cross Line - Bosch - 10m Range,Laser Level - Cross Line - Bosch - 10m Range,Tools,Laser Level,Laser Level - Cross Line - Bosch - 10m Range,NOS,2850,2850,2850,18,Bengaluru,Karnataka,admin_manual,TRUE
MAT-002680,MAT-002680,MAT-002680,Laser Level - Dot Beam - Generic - 8m Range,Laser Level - Dot Beam - Generic - 8m Range,Tools,Laser Level,Laser Level - Dot Beam - Generic - 8m Range,NOS,1850,1850,1850,18,Bengaluru,Karnataka,admin_manual,TRUE
MAT-002643,MAT-002643,MAT-002643,Measurement Tape - Steel - Freemans - 3m,Measurement Tape - Steel - Freemans - 3m,Tools,Measurement Tape,Measurement Tape - Steel - Freemans - 3m,NOS,85,85,85,18,Bengaluru,Karnataka,admin_manual,TRUE
MAT-002644,MAT-002644,MAT-002644,Measurement Tape - Steel - Freemans - 5m,Measurement Tape - Steel - Freemans - 5m,Tools,Measurement Tape,Measurement Tape - Steel - Freemans - 5m,NOS,115,115,115,18,Bengaluru,Karnataka,admin_manual,TRUE
MAT-002645,MAT-002645,MAT-002645,Measurement Tape - Steel - Stanley - 5m,Measurement Tape - Steel - Stanley - 5m,Tools,Measurement Tape,Measurement Tape - Steel - Stanley - 5m,NOS,135,135,135,18,Bengaluru,Karnataka,admin_manual,TRUE
MAT-002720,MAT-002720,MAT-002720,Measuring Tape - 5m - Steel Blade,Measuring Tape - 5m - Steel Blade,Tools,Measuring Tape,Measuring Tape - 5m - Steel Blade,NOS,85,85,85,18,Bengaluru,Karnataka,admin_manual,TRUE
MAT-002715,MAT-002715,MAT-002715,Measuring Wheel - Foldable - Generic - 10km Range,Measuring Wheel - Foldable - Generic - 10km Range,Tools,Measuring Wheel,Measuring Wheel - Foldable - Generic - 10km Range,NOS,1250,1250,1250,18,Bengaluru,Karnataka,admin_manual,TRUE
MAT-002689,MAT-002689,MAT-002689,Multimeter - Digital - Meco - 600V,Multimeter - Digital - Meco - 600V,Tools,Multimeter,Multimeter - Digital - Meco - 600V,NOS,950,950,950,18,Bengaluru,Karnataka,admin_manual,TRUE
MAT-002708,MAT-002708,MAT-002708,"Pipe Cutter - GI - Generic - 1""","Pipe Cutter - GI - Generic - 1""",Tools,Pipe Cutter,"Pipe Cutter - GI - Generic - 1""",NOS,225,225,225,18,Bengaluru,Karnataka,admin_manual,TRUE
MAT-002707,MAT-002707,MAT-002707,Pipe Cutter - PVC - Generic - 42mm,Pipe Cutter - PVC - Generic - 42mm,Tools,Pipe Cutter,Pipe Cutter - PVC - Generic - 42mm,NOS,185,185,185,18,Bengaluru,Karnataka,admin_manual,TRUE
MAT-002706,MAT-002706,MAT-002706,"Pipe Wrench - Heavy Duty - Generic - 18""","Pipe Wrench - Heavy Duty - Generic - 18""",Tools,Pipe Wrench,"Pipe Wrench - Heavy Duty - Generic - 18""",NOS,385,385,385,18,Bengaluru,Karnataka,admin_manual,TRUE
MAT-002705,MAT-002705,MAT-002705,"Pipe Wrench - Heavy Duty - Taparia - 12""","Pipe Wrench - Heavy Duty - Taparia - 12""",Tools,Pipe Wrench,"Pipe Wrench - Heavy Duty - Taparia - 12""",NOS,285,285,285,18,Bengaluru,Karnataka,admin_manual,TRUE
MAT-002698,MAT-002698,MAT-002698,Plumb Bob - Brass - Generic - 200gm,Plumb Bob - Brass - Generic - 200gm,Tools,Plumb Bob,Plumb Bob - Brass - Generic - 200gm,NOS,65,65,65,18,Bengaluru,Karnataka,admin_manual,TRUE
MAT-002699,MAT-002699,MAT-002699,Plumb Bob - Steel - Generic - 300gm,Plumb Bob - Steel - Generic - 300gm,Tools,Plumb Bob,Plumb Bob - Steel - Generic - 300gm,NOS,55,55,55,18,Bengaluru,Karnataka,admin_manual,TRUE
MAT-002712,MAT-002712,MAT-002712,Plumber Kit - Advanced - Generic - 12pc,Plumber Kit - Advanced - Generic - 12pc,Tools,Plumber Kit,Plumber Kit - Advanced - Generic - 12pc,NOS,1250,1250,1250,18,Bengaluru,Karnataka,admin_manual,TRUE
MAT-002711,MAT-002711,MAT-002711,Plumber Kit - Basic - Generic - 8pc,Plumber Kit - Basic - Generic - 8pc,Tools,Plumber Kit,Plumber Kit - Basic - Generic - 8pc,NOS,850,850,850,18,Bengaluru,Karnataka,admin_manual,TRUE
MAT-002710,MAT-002710,MAT-002710,"Plumbing Tape - Rubber - Generic - 1"" x 5m","Plumbing Tape - Rubber - Generic - 1"" x 5m",Tools,Plumbing Tape,"Plumbing Tape - Rubber - Generic - 1"" x 5m",M,8.5,8.5,8.5,18,Bengaluru,Karnataka,admin_manual,TRUE
MAT-002666,MAT-002666,MAT-002666,Router Bit - Chamfer - Generic - 45°,Router Bit - Chamfer - Generic - 45°,Tools,Router Bit,Router Bit - Chamfer - Generic - 45°,NOS,195,195,195,18,Bengaluru,Karnataka,admin_manual,TRUE
MAT-002665,MAT-002665,MAT-002665,Router Bit - Round Over - Bosch - 8mm,Router Bit - Round Over - Bosch - 8mm,Tools,Router Bit,Router Bit - Round Over - Bosch - 8mm,NOS,225,225,225,18,Bengaluru,Karnataka,admin_manual,TRUE
MAT-002664,MAT-002664,MAT-002664,Router Bit - Straight - CMT - 6mm,Router Bit - Straight - CMT - 6mm,Tools,Router Bit,Router Bit - Straight - CMT - 6mm,NOS,185,185,185,18,Bengaluru,Karnataka,admin_manual,TRUE
MAT-002676,MAT-002676,MAT-002676,Safety Gloves - PU Coated - Generic - Medium,Safety Gloves - PU Coated - Generic - Medium,Tools,Safety Gloves,Safety Gloves - PU Coated - Generic - Medium,NOS,85,85,85,18,Bengaluru,Karnataka,admin_manual,TRUE
MAT-002677,MAT-002677,MAT-002677,Safety Gloves - Rubber Grip - Generic - Large,Safety Gloves - Rubber Grip - Generic - Large,Tools,Safety Gloves,Safety Gloves - Rubber Grip - Generic - Large,NOS,95,95,95,18,Bengaluru,Karnataka,admin_manual,TRUE
MAT-002675,MAT-002675,MAT-002675,Screw Organizer - Metal Box - Generic - 18 Compartment,Screw Organizer - Metal Box - Generic - 18 Compartment,Tools,Screw Organizer,Screw Organizer - Metal Box - Generic - 18 Compartment,NOS,285,285,285,18,Bengaluru,Karnataka,admin_manual,TRUE
MAT-002674,MAT-002674,MAT-002674,Screw Organizer - Plastic Box - Generic - 12 Compartment,Screw Organizer - Plastic Box - Generic - 12 Compartment,Tools,Screw Organizer,Screw Organizer - Plastic Box - Generic - 12 Compartment,NOS,185,185,185,18,Bengaluru,Karnataka,admin_manual,TRUE
MAT-002652,MAT-002652,MAT-002652,"Screwdriver - Manual - Taparia - 6""","Screwdriver - Manual - Taparia - 6""",Tools,Screwdriver,"Screwdriver - Manual - Taparia - 6""",NOS,85,85,85,18,Bengaluru,Karnataka,admin_manual,TRUE
MAT-002653,MAT-002653,MAT-002653,"Screwdriver - Ratchet - Stanley - 8""","Screwdriver - Ratchet - Stanley - 8""",Tools,Screwdriver,"Screwdriver - Ratchet - Stanley - 8""",NOS,145,145,145,18,Bengaluru,Karnataka,admin_manual,TRUE
MAT-002654,MAT-002654,MAT-002654,Screwdriver Set - Multi Bit - Bosch - 10pc,Screwdriver Set - Multi Bit - Bosch - 10pc,Tools,Screwdriver Set,Screwdriver Set - Multi Bit - Bosch - 10pc,NOS,325,325,325,18,Bengaluru,Karnataka,admin_manual,TRUE
MAT-002646,MAT-002646,MAT-002646,"Sealant Gun - Manual - Generic - 9""","Sealant Gun - Manual - Generic - 9""",Tools,Sealant Gun,"Sealant Gun - Manual - Generic - 9""",NOS,185,185,185,18,Bengaluru,Karnataka,admin_manual,TRUE
MAT-002682,MAT-002682,MAT-002682,Site Light - LED Flood - Generic - 100W,Site Light - LED Flood - Generic - 100W,Tools,Site Light,Site Light - LED Flood - Generic - 100W,NOS,1850,1850,1850,18,Bengaluru,Karnataka,admin_manual,TRUE
MAT-002681,MAT-002681,MAT-002681,Site Light - LED Flood - Generic - 50W,Site Light - LED Flood - Generic - 50W,Tools,Site Light,Site Light - LED Flood - Generic - 50W,NOS,1250,1250,1250,18,Bengaluru,Karnataka,admin_manual,TRUE
MAT-002683,MAT-002683,MAT-002683,Site Light - Rechargeable - Generic - 30W,Site Light - Rechargeable - Generic - 30W,Tools,Site Light,Site Light - Rechargeable - Generic - 30W,NOS,1450,1450,1450,18,Bengaluru,Karnataka,admin_manual,TRUE
MAT-002691,MAT-002691,MAT-002691,Spade - MS Blade - Generic - Pipe Handle,Spade - MS Blade - Generic - Pipe Handle,Tools,Spade,Spade - MS Blade - Generic - Pipe Handle,NOS,195,195,195,18,Bengaluru,Karnataka,admin_manual,TRUE
MAT-002690,MAT-002690,MAT-002690,Spade - MS Blade - Generic - Wooden Handle,Spade - MS Blade - Generic - Wooden Handle,Tools,Spade,Spade - MS Blade - Generic - Wooden Handle,NOS,185,185,185,18,Bengaluru,Karnataka,admin_manual,TRUE
MAT-002713,MAT-002713,MAT-002713,"Spirit Level - Bubble - Generic - 12""","Spirit Level - Bubble - Generic - 12""",Tools,Spirit Level,"Spirit Level - Bubble - Generic - 12""",NOS,145,145,145,18,Bengaluru,Karnataka,admin_manual,TRUE
MAT-002714,MAT-002714,MAT-002714,"Spirit Level - Bubble - Generic - 24""","Spirit Level - Bubble - Generic - 24""",Tools,Spirit Level,"Spirit Level - Bubble - Generic - 24""",NOS,185,185,185,18,Bengaluru,Karnataka,admin_manual,TRUE
MAT-002704,MAT-002704,MAT-002704,Tester - Neon - Generic - 100–250V,Tester - Neon - Generic - 100–250V,Tools,Tester,Tester - Neon - Generic - 100–250V,NOS,45,45,45,18,Bengaluru,Karnataka,admin_manual,TRUE
MAT-002709,MAT-002709,MAT-002709,"Thread Seal Tape - PTFE - Generic - 1/2"" x 10m","Thread Seal Tape - PTFE - Generic - 1/2"" x 10m",Tools,Thread Seal Tape,"Thread Seal Tape - PTFE - Generic - 1/2"" x 10m",M,6.5,6.5,6.5,18,Bengaluru,Karnataka,admin_manual,TRUE
MAT-002717,MAT-002717,MAT-002717,Tool Bag - Canvas - Generic - Large,Tool Bag - Canvas - Generic - Large,Tools,Tool Bag,Tool Bag - Canvas - Generic - Large,NOS,385,385,385,18,Bengaluru,Karnataka,admin_manual,TRUE
MAT-002716,MAT-002716,MAT-002716,Tool Bag - Canvas - Generic - Medium,Tool Bag - Canvas - Generic - Medium,Tools,Tool Bag,Tool Bag - Canvas - Generic - Medium,NOS,285,285,285,18,Bengaluru,Karnataka,admin_manual,TRUE
MAT-002647,MAT-002647,MAT-002647,Tool Kit - Basic Carpentry - Generic - 12pc,Tool Kit - Basic Carpentry - Generic - 12pc,Tools,Tool Kit,Tool Kit - Basic Carpentry - Generic - 12pc,NOS,850,850,850,18,Bengaluru,Karnataka,admin_manual,TRUE
MAT-002648,MAT-002648,MAT-002648,Tool Kit - Modular Assembly - Generic - 18pc,Tool Kit - Modular Assembly - Generic - 18pc,Tools,Tool Kit,Tool Kit - Modular Assembly - Generic - 18pc,NOS,1250,1250,1250,18,Bengaluru,Karnataka,admin_manual,TRUE
MAT-002719,MAT-002719,MAT-002719,"Trowel - Masonry - 6""","Trowel - Masonry - 6""",Tools,Trowel,"Trowel - Masonry - 6""",NOS,125,125,125,18,Bengaluru,Karnataka,admin_manual,TRUE
MAT-002696,MAT-002696,MAT-002696,"Trowel - Masonry - Generic - 6""","Trowel - Masonry - Generic - 6""",Tools,Trowel,"Trowel - Masonry - Generic - 6""",NOS,85,85,85,18,Bengaluru,Karnataka,admin_manual,TRUE
MAT-002697,MAT-002697,MAT-002697,"Trowel - Masonry - Generic - 8""","Trowel - Masonry - Generic - 8""",Tools,Trowel,"Trowel - Masonry - Generic - 8""",NOS,95,95,95,18,Bengaluru,Karnataka,admin_manual,TRUE
MAT-002703,MAT-002703,MAT-002703,"Wire Stripper - Auto Adjust - Generic - 7""","Wire Stripper - Auto Adjust - Generic - 7""",Tools,Wire Stripper,"Wire Stripper - Auto Adjust - Generic - 7""",NOS,245,245,245,18,Bengaluru,Karnataka,admin_manual,TRUE
MAT-002702,MAT-002702,MAT-002702,"Wire Stripper - Manual - Generic - 6""","Wire Stripper - Manual - Generic - 6""",Tools,Wire Stripper,"Wire Stripper - Manual - Generic - 6""",NOS,145,145,145,18,Bengaluru,Karnataka,admin_manual,TRUE
MAT-002641,MAT-002641,MAT-002641,"Wood Cutter Blade - TCT - Bosch - 4"" x 30T","Wood Cutter Blade - TCT - Bosch - 4"" x 30T",Tools,Wood Cutter Blade,"Wood Cutter Blade - TCT - Bosch - 4"" x 30T",NOS,185,185,185,18,Bengaluru,Karnataka,admin_manual,TRUE
MAT-002642,MAT-002642,MAT-002642,"Wood Cutter Blade - TCT - Dewalt - 5"" x 40T","Wood Cutter Blade - TCT - Dewalt - 5"" x 40T",Tools,Wood Cutter Blade,"Wood Cutter Blade - TCT - Dewalt - 5"" x 40T",NOS,225,225,225,18,Bengaluru,Karnataka,admin_manual,TRUE
MAT-002878,MAT-002878,MAT-002878,Door - Glass - Designer Etched - Modiguard - 10mm - 7'x3',Door - Glass - Designer Etched - Modiguard - 10mm - 7'x3',WPC-Door,Glass,Door - Glass - Designer Etched - Modiguard - 10mm - 7'x3',NOS,3250,3250,3250,18,Bengaluru,Karnataka,admin_manual,TRUE
MAT-002880,MAT-002880,MAT-002880,Door - Glass - Designer Etched - Modiguard - 10mm - 7'x4',Door - Glass - Designer Etched - Modiguard - 10mm - 7'x4',WPC-Door,Glass,Door - Glass - Designer Etched - Modiguard - 10mm - 7'x4',NOS,3550,3550,3550,18,Bengaluru,Karnataka,admin_manual,TRUE
MAT-002877,MAT-002877,MAT-002877,Door - Glass - Frosted - Saint-Gobain - 10mm - 7'x3',Door - Glass - Frosted - Saint-Gobain - 10mm - 7'x3',WPC-Door,Glass,Door - Glass - Frosted - Saint-Gobain - 10mm - 7'x3',NOS,2950,2950,2950,18,Bengaluru,Karnataka,admin_manual,TRUE
MAT-002876,MAT-002876,MAT-002876,Door - Glass - Toughened Clear - Saint-Gobain - 10mm - 7'x3',Door - Glass - Toughened Clear - Saint-Gobain - 10mm - 7'x3',WPC-Door,Glass,Door - Glass - Toughened Clear - Saint-Gobain - 10mm - 7'x3',NOS,2850,2850,2850,18,Bengaluru,Karnataka,admin_manual,TRUE
MAT-002879,MAT-002879,MAT-002879,Door - Glass - Toughened Clear - Saint-Gobain - 10mm - 7'x4',Door - Glass - Toughened Clear - Saint-Gobain - 10mm - 7'x4',WPC-Door,Glass,Door - Glass - Toughened Clear - Saint-Gobain - 10mm - 7'x4',NOS,3150,3150,3150,18,Bengaluru,Karnataka,admin_manual,TRUE
MAT-002869,MAT-002869,MAT-002869,Door - WPC - Carved Panel - Alstone - 30mm - 7'x3',Door - WPC - Carved Panel - Alstone - 30mm - 7'x3',WPC-Door,WPC,Door - WPC - Carved Panel - Alstone - 30mm - 7'x3',NOS,2750,2750,2750,18,Bengaluru,Karnataka,admin_manual,TRUE
MAT-002871,MAT-002871,MAT-002871,Door - WPC - Designer Laminate - Alstone - 30mm - 7'x4',Door - WPC - Designer Laminate - Alstone - 30mm - 7'x4',WPC-Door,WPC,Door - WPC - Designer Laminate - Alstone - 30mm - 7'x4',NOS,2850,2850,2850,18,Bengaluru,Karnataka,admin_manual,TRUE
MAT-002868,MAT-002868,MAT-002868,Door - WPC - Designer Laminate - Ecoste - 30mm - 7'x3',Door - WPC - Designer Laminate - Ecoste - 30mm - 7'x3',WPC-Door,WPC,Door - WPC - Designer Laminate - Ecoste - 30mm - 7'x3',NOS,2550,2550,2550,18,Bengaluru,Karnataka,admin_manual,TRUE
MAT-002866,MAT-002866,MAT-002866,Door - WPC - Plain Matte - Ecoste - 30mm - 7'x3',Door - WPC - Plain Matte - Ecoste - 30mm - 7'x3',WPC-Door,WPC,Door - WPC - Plain Matte - Ecoste - 30mm - 7'x3',NOS,2150,2150,2150,18,Bengaluru,Karnataka,admin_manual,TRUE
MAT-002870,MAT-002870,MAT-002870,Door - WPC - Plain Matte - Ecoste - 30mm - 7'x4',Door - WPC - Plain Matte - Ecoste - 30mm - 7'x4',WPC-Door,WPC,Door - WPC - Plain Matte - Ecoste - 30mm - 7'x4',NOS,2450,2450,2450,18,Bengaluru,Karnataka,admin_manual,TRUE
MAT-002867,MAT-002867,MAT-002867,Door - WPC - Woodgrain Finish - Alstone - 30mm - 7'x3',Door - WPC - Woodgrain Finish - Alstone - 30mm - 7'x3',WPC-Door,WPC,Door - WPC - Woodgrain Finish - Alstone - 30mm - 7'x3',NOS,2350,2350,2350,18,Bengaluru,Karnataka,admin_manual,TRUE
MAT-002874,MAT-002874,MAT-002874,Door - uPVC - Casement - Encraft - 60mm - 7'x3',Door - uPVC - Casement - Encraft - 60mm - 7'x3',WPC-Door,uPVC,Door - uPVC - Casement - Encraft - 60mm - 7'x3',NOS,3550,3550,3550,18,Bengaluru,Karnataka,admin_manual,TRUE
MAT-002872,MAT-002872,MAT-002872,Door - uPVC - Casement - Fenesta - 60mm - 7'x3',Door - uPVC - Casement - Fenesta - 60mm - 7'x3',WPC-Door,uPVC,Door - uPVC - Casement - Fenesta - 60mm - 7'x3',NOS,3650,3650,3650,18,Bengaluru,Karnataka,admin_manual,TRUE
MAT-002875,MAT-002875,MAT-002875,Door - uPVC - Sliding - Encraft - 60mm - 7'x4',Door - uPVC - Sliding - Encraft - 60mm - 7'x4',WPC-Door,uPVC,Door - uPVC - Sliding - Encraft - 60mm - 7'x4',NOS,3750,3750,3750,18,Bengaluru,Karnataka,admin_manual,TRUE
MAT-002873,MAT-002873,MAT-002873,Door - uPVC - Sliding - Fenesta - 60mm - 7'x4',Door - uPVC - Sliding - Fenesta - 60mm - 7'x4',WPC-Door,uPVC,Door - uPVC - Sliding - Fenesta - 60mm - 7'x4',NOS,3850,3850,3850,18,Bengaluru,Karnataka,admin_manual,TRUE
MAT-002729,MAT-002729,MAT-002729,Wall Putty - Acrylic - Berger - 1kg,Wall Putty - Acrylic - Berger - 1kg,Wall Putty,Acrylic,Wall Putty - Acrylic - Berger - 1kg,KG,55,55,55,18,Bengaluru,Karnataka,admin_manual,TRUE
MAT-002731,MAT-002731,MAT-002731,Wall Putty - Acrylic - Berger - 20kg,Wall Putty - Acrylic - Berger - 20kg,Wall Putty,Acrylic,Wall Putty - Acrylic - Berger - 20kg,KG,1020,1020,1020,18,Bengaluru,Karnataka,admin_manual,TRUE
MAT-002730,MAT-002730,MAT-002730,Wall Putty - Acrylic - Berger - 5kg,Wall Putty - Acrylic - Berger - 5kg,Wall Putty,Acrylic,Wall Putty - Acrylic - Berger - 5kg,KG,265,265,265,18,Bengaluru,Karnataka,admin_manual,TRUE
MAT-002732,MAT-002732,MAT-002732,Wall Putty - Acrylic - Dulux - 1kg,Wall Putty - Acrylic - Dulux - 1kg,Wall Putty,Acrylic,Wall Putty - Acrylic - Dulux - 1kg,KG,58,58,58,18,Bengaluru,Karnataka,admin_manual,TRUE
MAT-002734,MAT-002734,MAT-002734,Wall Putty - Acrylic - Dulux - 20kg,Wall Putty - Acrylic - Dulux - 20kg,Wall Putty,Acrylic,Wall Putty - Acrylic - Dulux - 20kg,KG,1060,1060,1060,18,Bengaluru,Karnataka,admin_manual,TRUE
MAT-002733,MAT-002733,MAT-002733,Wall Putty - Acrylic - Dulux - 5kg,Wall Putty - Acrylic - Dulux - 5kg,Wall Putty,Acrylic,Wall Putty - Acrylic - Dulux - 5kg,KG,275,275,275,18,Bengaluru,Karnataka,admin_manual,TRUE
MAT-002726,MAT-002726,MAT-002726,Wall Putty - White Cement - Asian Paints - 1kg,Wall Putty - White Cement - Asian Paints - 1kg,Wall Putty,White Cement,Wall Putty - White Cement - Asian Paints - 1kg,KG,68,68,68,18,Bengaluru,Karnataka,admin_manual,TRUE
MAT-002728,MAT-002728,MAT-002728,Wall Putty - White Cement - Asian Paints - 20kg,Wall Putty - White Cement - Asian Paints - 20kg,Wall Putty,White Cement,Wall Putty - White Cement - Asian Paints - 20kg,KG,1220,1220,1220,18,Bengaluru,Karnataka,admin_manual,TRUE
MAT-002727,MAT-002727,MAT-002727,Wall Putty - White Cement - Asian Paints - 5kg,Wall Putty - White Cement - Asian Paints - 5kg,Wall Putty,White Cement,Wall Putty - White Cement - Asian Paints - 5kg,KG,325,325,325,18,Bengaluru,Karnataka,admin_manual,TRUE
MAT-002723,MAT-002723,MAT-002723,Wall Putty - White Cement - JK - 1kg,Wall Putty - White Cement - JK - 1kg,Wall Putty,JK,Wall Putty - White Cement - JK - 1kg,KG,60,60,60,18,Bengaluru,Karnataka,admin_manual,TRUE
MAT-002725,MAT-002725,MAT-002725,Wall Putty - White Cement - JK - 20kg,Wall Putty - White Cement - JK - 20kg,Wall Putty,JK,Wall Putty - White Cement - JK - 20kg,KG,1150,1150,1150,18,Bengaluru,Karnataka,admin_manual,TRUE
MAT-002724,MAT-002724,MAT-002724,Wall Putty - White Cement - JK - 5kg,Wall Putty - White Cement - JK - 5kg,Wall Putty,JK,Wall Putty - White Cement - JK - 5kg,KG,295,295,295,18,Bengaluru,Karnataka,admin_manual,TRUE
MAT-002743,MAT-002743,MAT-002743,Wallpaper Design Abstract Waves,Wallpaper Design Abstract Waves,Wallpaper,Wallpaper Roll,Wallpaper Design Abstract Waves,ROLL,850,850,850,18,Bengaluru,Karnataka,admin_manual,TRUE
MAT-002763,MAT-002763,MAT-002763,Wallpaper Design Antique Script,Wallpaper Design Antique Script,Wallpaper,Wallpaper Roll,Wallpaper Design Antique Script,ROLL,850,850,850,18,Bengaluru,Karnataka,admin_manual,TRUE
MAT-002745,MAT-002745,MAT-002745,Wallpaper Design Bamboo Grove,Wallpaper Design Bamboo Grove,Wallpaper,Wallpaper Roll,Wallpaper Design Bamboo Grove,ROLL,850,850,850,18,Bengaluru,Karnataka,admin_manual,TRUE
MAT-002769,MAT-002769,MAT-002769,Wallpaper Design Bamboo Shadows,Wallpaper Design Bamboo Shadows,Wallpaper,Wallpaper Roll,Wallpaper Design Bamboo Shadows,ROLL,850,850,850,18,Bengaluru,Karnataka,admin_manual,TRUE
MAT-002753,MAT-002753,MAT-002753,Wallpaper Design Brick Wall,Wallpaper Design Brick Wall,Wallpaper,Wallpaper Roll,Wallpaper Design Brick Wall,ROLL,850,850,850,18,Bengaluru,Karnataka,admin_manual,TRUE
MAT-002744,MAT-002744,MAT-002744,Wallpaper Design Classic Damask,Wallpaper Design Classic Damask,Wallpaper,Wallpaper Roll,Wallpaper Design Classic Damask,ROLL,850,850,850,18,Bengaluru,Karnataka,admin_manual,TRUE
MAT-002766,MAT-002766,MAT-002766,Wallpaper Design Cloud Canvas,Wallpaper Design Cloud Canvas,Wallpaper,Wallpaper Roll,Wallpaper Design Cloud Canvas,ROLL,850,850,850,18,Bengaluru,Karnataka,admin_manual,TRUE
MAT-002754,MAT-002754,MAT-002754,Wallpaper Design Cloud Drift,Wallpaper Design Cloud Drift,Wallpaper,Wallpaper Roll,Wallpaper Design Cloud Drift,ROLL,850,850,850,18,Bengaluru,Karnataka,admin_manual,TRUE
MAT-002759,MAT-002759,MAT-002759,Wallpaper Design Coral Reef,Wallpaper Design Coral Reef,Wallpaper,Wallpaper Roll,Wallpaper Design Coral Reef,ROLL,850,850,850,18,Bengaluru,Karnataka,admin_manual,TRUE
MAT-002751,MAT-002751,MAT-002751,Wallpaper Design Ethnic Mandala,Wallpaper Design Ethnic Mandala,Wallpaper,Wallpaper Roll,Wallpaper Design Ethnic Mandala,ROLL,850,850,850,18,Bengaluru,Karnataka,admin_manual,TRUE
MAT-002768,MAT-002768,MAT-002768,Wallpaper Design Frosted Petals,Wallpaper Design Frosted Petals,Wallpaper,Wallpaper Roll,Wallpaper Design Frosted Petals,ROLL,850,850,850,18,Bengaluru,Karnataka,admin_manual,TRUE
MAT-002741,MAT-002741,MAT-002741,Wallpaper Design Geometric Maze,Wallpaper Design Geometric Maze,Wallpaper,Wallpaper Roll,Wallpaper Design Geometric Maze,ROLL,850,850,850,18,Bengaluru,Karnataka,admin_manual,TRUE
MAT-002764,MAT-002764,MAT-002764,Wallpaper Design Horizon Fade,Wallpaper Design Horizon Fade,Wallpaper,Wallpaper Roll,Wallpaper Design Horizon Fade,ROLL,850,850,850,18,Bengaluru,Karnataka,admin_manual,TRUE
MAT-002770,MAT-002770,MAT-002770,Wallpaper Design Indigo Drift,Wallpaper Design Indigo Drift,Wallpaper,Wallpaper Roll,Wallpaper Design Indigo Drift,ROLL,850,850,850,18,Bengaluru,Karnataka,admin_manual,TRUE
MAT-002756,MAT-002756,MAT-002756,Wallpaper Design Lava Texture,Wallpaper Design Lava Texture,Wallpaper,Wallpaper Roll,Wallpaper Design Lava Texture,ROLL,850,850,850,18,Bengaluru,Karnataka,admin_manual,TRUE
MAT-002773,MAT-002773,MAT-002773,Wallpaper Design Linen Mist,Wallpaper Design Linen Mist,Wallpaper,Wallpaper Roll,Wallpaper Design Linen Mist,ROLL,850,850,850,18,Bengaluru,Karnataka,admin_manual,TRUE
MAT-002752,MAT-002752,MAT-002752,Wallpaper Design Linen Texture,Wallpaper Design Linen Texture,Wallpaper,Wallpaper Roll,Wallpaper Design Linen Texture,ROLL,850,850,850,18,Bengaluru,Karnataka,admin_manual,TRUE
MAT-002746,MAT-002746,MAT-002746,Wallpaper Design Marble Swirl,Wallpaper Design Marble Swirl,Wallpaper,Wallpaper Roll,Wallpaper Design Marble Swirl,ROLL,850,850,850,18,Bengaluru,Karnataka,admin_manual,TRUE
MAT-002772,MAT-002772,MAT-002772,Wallpaper Design Marble Veins,Wallpaper Design Marble Veins,Wallpaper,Wallpaper Roll,Wallpaper Design Marble Veins,ROLL,850,850,850,18,Bengaluru,Karnataka,admin_manual,TRUE
MAT-002747,MAT-002747,MAT-002747,Wallpaper Design Metallic Grid,Wallpaper Design Metallic Grid,Wallpaper,Wallpaper Roll,Wallpaper Design Metallic Grid,ROLL,850,850,850,18,Bengaluru,Karnataka,admin_manual,TRUE
MAT-002735,MAT-002735,MAT-002735,Wallpaper Design Misty Forest,Wallpaper Design Misty Forest,Wallpaper,Wallpaper Roll,Wallpaper Design Misty Forest,ROLL,850,850,850,18,Bengaluru,Karnataka,admin_manual,TRUE
MAT-002739,MAT-002739,MAT-002739,Wallpaper Design Moroccan Tiles,Wallpaper Design Moroccan Tiles,Wallpaper,Wallpaper Roll,Wallpaper Design Moroccan Tiles,ROLL,850,850,850,18,Bengaluru,Karnataka,admin_manual,TRUE
MAT-002760,MAT-002760,MAT-002760,Wallpaper Design Mosaic Mirage,Wallpaper Design Mosaic Mirage,Wallpaper,Wallpaper Roll,Wallpaper Design Mosaic Mirage,ROLL,850,850,850,18,Bengaluru,Karnataka,admin_manual,TRUE
MAT-002738,MAT-002738,MAT-002738,Wallpaper Design Nordic Lines,Wallpaper Design Nordic Lines,Wallpaper,Wallpaper Roll,Wallpaper Design Nordic Lines,ROLL,850,850,850,18,Bengaluru,Karnataka,admin_manual,TRUE
MAT-002748,MAT-002748,MAT-002748,Wallpaper Design Pastel Bloom,Wallpaper Design Pastel Bloom,Wallpaper,Wallpaper Roll,Wallpaper Design Pastel Bloom,ROLL,850,850,850,18,Bengaluru,Karnataka,admin_manual,TRUE
MAT-002762,MAT-002762,MAT-002762,Wallpaper Design Rainforest Echo,Wallpaper Design Rainforest Echo,Wallpaper,Wallpaper Roll,Wallpaper Design Rainforest Echo,ROLL,850,850,850,18,Bengaluru,Karnataka,admin_manual,TRUE
MAT-002742,MAT-002742,MAT-002742,Wallpaper Design Rustic Woodgrain,Wallpaper Design Rustic Woodgrain,Wallpaper,Wallpaper Roll,Wallpaper Design Rustic Woodgrain,ROLL,850,850,850,18,Bengaluru,Karnataka,admin_manual,TRUE
MAT-002767,MAT-002767,MAT-002767,Wallpaper Design Sepia Garden,Wallpaper Design Sepia Garden,Wallpaper,Wallpaper Roll,Wallpaper Design Sepia Garden,ROLL,850,850,850,18,Bengaluru,Karnataka,admin_manual,TRUE
MAT-002750,MAT-002750,MAT-002750,Wallpaper Design Skyline Silhouette,Wallpaper Design Skyline Silhouette,Wallpaper,Wallpaper Roll,Wallpaper Design Skyline Silhouette,ROLL,850,850,850,18,Bengaluru,Karnataka,admin_manual,TRUE
MAT-002774,MAT-002774,MAT-002774,Wallpaper Design Sunset Geometry,Wallpaper Design Sunset Geometry,Wallpaper,Wallpaper Roll,Wallpaper Design Sunset Geometry,ROLL,850,850,850,18,Bengaluru,Karnataka,admin_manual,TRUE
MAT-002771,MAT-002771,MAT-002771,Wallpaper Design Terracotta Lines,Wallpaper Design Terracotta Lines,Wallpaper,Wallpaper Roll,Wallpaper Design Terracotta Lines,ROLL,850,850,850,18,Bengaluru,Karnataka,admin_manual,TRUE
MAT-002765,MAT-002765,MAT-002765,Wallpaper Design Tiled Harmony,Wallpaper Design Tiled Harmony,Wallpaper,Wallpaper Roll,Wallpaper Design Tiled Harmony,ROLL,850,850,850,18,Bengaluru,Karnataka,admin_manual,TRUE
MAT-002740,MAT-002740,MAT-002740,Wallpaper Design Tropical Leaves,Wallpaper Design Tropical Leaves,Wallpaper,Wallpaper Roll,Wallpaper Design Tropical Leaves,ROLL,850,850,850,18,Bengaluru,Karnataka,admin_manual,TRUE
MAT-002755,MAT-002755,MAT-002755,Wallpaper Design Twilight Bloom,Wallpaper Design Twilight Bloom,Wallpaper,Wallpaper Roll,Wallpaper Design Twilight Bloom,ROLL,850,850,850,18,Bengaluru,Karnataka,admin_manual,TRUE
MAT-002736,MAT-002736,MAT-002736,Wallpaper Design Urban Concrete,Wallpaper Design Urban Concrete,Wallpaper,Wallpaper Roll,Wallpaper Design Urban Concrete,ROLL,850,850,850,18,Bengaluru,Karnataka,admin_manual,TRUE
MAT-002761,MAT-002761,MAT-002761,Wallpaper Design Velvet Geometry,Wallpaper Design Velvet Geometry,Wallpaper,Wallpaper Roll,Wallpaper Design Velvet Geometry,ROLL,850,850,850,18,Bengaluru,Karnataka,admin_manual,TRUE
MAT-002737,MAT-002737,MAT-002737,Wallpaper Design Vintage Floral,Wallpaper Design Vintage Floral,Wallpaper,Wallpaper Roll,Wallpaper Design Vintage Floral,ROLL,850,850,850,18,Bengaluru,Karnataka,admin_manual,TRUE
MAT-002758,MAT-002758,MAT-002758,Wallpaper Design Vintage Postcard,Wallpaper Design Vintage Postcard,Wallpaper,Wallpaper Roll,Wallpaper Design Vintage Postcard,ROLL,850,850,850,18,Bengaluru,Karnataka,admin_manual,TRUE
MAT-002757,MAT-002757,MAT-002757,Wallpaper Design Whispering Pines,Wallpaper Design Whispering Pines,Wallpaper,Wallpaper Roll,Wallpaper Design Whispering Pines,ROLL,850,850,850,18,Bengaluru,Karnataka,admin_manual,TRUE
MAT-002749,MAT-002749,MAT-002749,Wallpaper Design Zen Garden,Wallpaper Design Zen Garden,Wallpaper,Wallpaper Roll,Wallpaper Design Zen Garden,ROLL,850,850,850,18,Bengaluru,Karnataka,admin_manual,TRUE
MAT-002777,MAT-002777,MAT-002777,Water Heater 10L Instant – Bajaj,Water Heater 10L Instant – Bajaj,Water Heater,Water Heater 10L Instant – Bajaj,Water Heater 10L Instant – Bajaj,NOS,5200,5200,5200,18,Bengaluru,Karnataka,admin_manual,TRUE
MAT-002779,MAT-002779,MAT-002779,Water Heater 15L Instant – Crompton,Water Heater 15L Instant – Crompton,Water Heater,Water Heater 15L Instant – Crompton,Water Heater 15L Instant – Crompton,NOS,6400,6400,6400,18,Bengaluru,Karnataka,admin_manual,TRUE
MAT-002775,MAT-002775,MAT-002775,Water Heater 15L Storage Vertical – Racold,Water Heater 15L Storage Vertical – Racold,Water Heater,Water Heater 15L Storage Vertical – Racold,Water Heater 15L Storage Vertical – Racold,NOS,7800,7800,7800,18,Bengaluru,Karnataka,admin_manual,TRUE
MAT-002776,MAT-002776,MAT-002776,Water Heater 25L Storage Horizontal – AO Smith,Water Heater 25L Storage Horizontal – AO Smith,Water Heater,Water Heater 25L Storage Horizontal – AO Smith,Water Heater 25L Storage Horizontal – AO Smith,NOS,9200,9200,9200,18,Bengaluru,Karnataka,admin_manual,TRUE
MAT-002778,MAT-002778,MAT-002778,Water Heater 25L Storage Vertical – Havells,Water Heater 25L Storage Vertical – Havells,Water Heater,Water Heater 25L Storage Vertical – Havells,Water Heater 25L Storage Vertical – Havells,NOS,8900,8900,8900,18,Bengaluru,Karnataka,admin_manual,TRUE
MAT-WTR-TNK,MAT-WTR-TNK,MAT-WTR-TNK,UG Sump (6000L) + OHT (2000L) + inspection chambers + MS Gate + Stainless Steel Railings,UG Sump (6000L) + OHT (2000L) + inspection chambers + MS Gate + Stainless Steel Railings,Water Tank & External Works,,,LS,120000,120000,120000,0,Bengaluru,Karnataka,admin_manual,TRUE
APPG106442,APPG106442,APPG106442,APP Modified Bituminous Membrane - 3 mm,APP Modified Bituminous Membrane - 3 mm,Waterproofing,,Torch applied 3 mm membrane,SQM,285,285,285,18,Bengaluru,Karnataka,admin_manual,TRUE
APPG106443,APPG106443,APPG106443,APP Modified Bituminous Membrane - 4 mm,APP Modified Bituminous Membrane - 4 mm,Waterproofing,,Torch applied 4 mm membrane,SQM,340,340,340,18,Bengaluru,Karnataka,admin_manual,TRUE
ACRG106466,ACRG106466,ACRG106466,Acrylic Crack Filler,Acrylic Crack Filler,Waterproofing,,Ready-to-use acrylic crack filler,KG,150,150,150,18,Bengaluru,Karnataka,admin_manual,TRUE
ACRG106438,ACRG106438,ACRG106438,Acrylic Elastomeric Waterproof Coating,Acrylic Elastomeric Waterproof Coating,Waterproofing,,UV resistant acrylic elastomeric coating,LTR,260,260,260,18,Bengaluru,Karnataka,admin_manual,TRUE
ACRG106483,ACRG106483,ACRG106483,Acrylic Polymer Bonding Agent,Acrylic Polymer Bonding Agent,Waterproofing,,Acrylic bonding agent,LTR,220,220,220,18,Bengaluru,Karnataka,admin_manual,TRUE
ANTG106497,ANTG106497,ANTG106497,Anti-Root Membrane,Anti-Root Membrane,Waterproofing,,Root-resistant membrane,SQM,680,680,680,18,Bengaluru,Karnataka,admin_manual,TRUE
BACG106490,BACG106490,BACG106490,Backer Rod - 10 mm,Backer Rod - 10 mm,Waterproofing,,Closed-cell polyethylene backer rod,M,18,18,18,18,Bengaluru,Karnataka,admin_manual,TRUE
BACG106491,BACG106491,BACG106491,Backer Rod - 20 mm,Backer Rod - 20 mm,Waterproofing,,Closed-cell polyethylene backer rod,M,28,28,28,18,Bengaluru,Karnataka,admin_manual,TRUE
BALG106520,BALG106520,BALG106520,Balcony Waterproofing System Kit,Balcony Waterproofing System Kit,Waterproofing,,"Coating, tape and primer kit",NOS,2850,2850,2850,18,Bengaluru,Karnataka,admin_manual,TRUE
BASG106523,BASG106523,BASG106523,Basement Waterproofing System Kit,Basement Waterproofing System Kit,Waterproofing,,"Membrane, primer and protection system kit",NOS,12500,12500,12500,18,Bengaluru,Karnataka,admin_manual,TRUE
BENG106450,BENG106450,BENG106450,Bentonite Waterproofing Membrane,Bentonite Waterproofing Membrane,Waterproofing,,Sodium bentonite geotextile membrane,SQM,690,690,690,18,Bengaluru,Karnataka,admin_manual,TRUE
BITG106440,BITG106440,BITG106440,Bituminous Emulsion Waterproof Coating,Bituminous Emulsion Waterproof Coating,Waterproofing,,Cold applied bituminous emulsion,KG,110,110,110,18,Bengaluru,Karnataka,admin_manual,TRUE
BITG106459,BITG106459,BITG106459,Bituminous Flashing Tape,Bituminous Flashing Tape,Waterproofing,,Aluminium faced flashing tape,M,120,120,120,18,Bengaluru,Karnataka,admin_manual,TRUE
BONG106492,BONG106492,BONG106492,Bond Breaker Tape,Bond Breaker Tape,Waterproofing,,Polyethylene bond breaker tape,M,12,12,12,18,Bengaluru,Karnataka,admin_manual,TRUE
BONG106509,BONG106509,BONG106509,Bonding Slurry Premix,Bonding Slurry Premix,Waterproofing,,Cementitious polymer bonding slurry,KG,38,38,38,18,Bengaluru,Karnataka,admin_manual,TRUE
BRIG106478,BRIG106478,BRIG106478,Brick Bats,Brick Bats,Waterproofing,,Clean broken brick bats,CFT,28,28,28,18,Bengaluru,Karnataka,admin_manual,TRUE
BUTG106458,BUTG106458,BUTG106458,Butyl Waterproofing Tape - 100 mm,Butyl Waterproofing Tape - 100 mm,Waterproofing,,Self adhesive butyl tape,M,145,145,145,18,Bengaluru,Karnataka,admin_manual,TRUE
CEMG106500,CEMG106500,CEMG106500,Cement Plaster Protection - 12 mm,Cement Plaster Protection - 12 mm,Waterproofing,,Cement plaster over waterproofing,SQM,165,165,165,18,Bengaluru,Karnataka,admin_manual,TRUE
CEMG106501,CEMG106501,CEMG106501,Cement Plaster Protection - 20 mm,Cement Plaster Protection - 20 mm,Waterproofing,,Cement plaster over waterproofing,SQM,235,235,235,18,Bengaluru,Karnataka,admin_manual,TRUE
CEMG106493,CEMG106493,CEMG106493,Cement Slurry Waterproofing Compound,Cement Slurry Waterproofing Compound,Waterproofing,,Cement-based slurry additive,KG,115,115,115,18,Bengaluru,Karnataka,admin_manual,TRUE
CEMG106515,CEMG106515,CEMG106515,Cementitious Negative Side Waterproofing,Cementitious Negative Side Waterproofing,Waterproofing,,Negative hydrostatic pressure coating,KG,175,175,175,18,Bengaluru,Karnataka,admin_manual,TRUE
CEMG106487,CEMG106487,CEMG106487,Cementitious Tile Grout,Cementitious Tile Grout,Waterproofing,,Polymer modified tile grout,KG,55,55,55,18,Bengaluru,Karnataka,admin_manual,TRUE
CING106479,CING106479,CING106479,Cinder Filling Material,Cinder Filling Material,Waterproofing,,Lightweight cinder fill,CFT,35,35,35,18,Bengaluru,Karnataka,admin_manual,TRUE
CONG106463,CONG106463,CONG106463,Construction Joint Sealant - PU,Construction Joint Sealant - PU,Waterproofing,,Polyurethane joint sealant,600 ML SAUSAGE,520,520,520,18,Bengaluru,Karnataka,admin_manual,TRUE
CORG106457,CORG106457,CORG106457,Corner Reinforcement Tape,Corner Reinforcement Tape,Waterproofing,,Flexible waterproof corner tape,M,95,95,95,18,Bengaluru,Karnataka,admin_manual,TRUE
CRYG106434,CRYG106434,CRYG106434,Crystalline Waterproofing Compound,Crystalline Waterproofing Compound,Waterproofing,,Integral/crystalline surface treatment,KG,220,220,220,18,Bengaluru,Karnataka,admin_manual,TRUE
DAMG106494,DAMG106494,DAMG106494,Damp Proof Coating - Bituminous,Damp Proof Coating - Bituminous,Waterproofing,,Cold-applied damp proof coating,KG,105,105,105,18,Bengaluru,Karnataka,admin_manual,TRUE
DAMG106495,DAMG106495,DAMG106495,Damp Proof Membrane - 250 Micron,Damp Proof Membrane - 250 Micron,Waterproofing,,Polyethylene damp proof membrane,SQM,38,38,38,18,Bengaluru,Karnataka,admin_manual,TRUE
DAMG106496,DAMG106496,DAMG106496,Damp Proof Membrane - 500 Micron,Damp Proof Membrane - 500 Micron,Waterproofing,,Heavy-duty polyethylene membrane,SQM,72,72,72,18,Bengaluru,Karnataka,admin_manual,TRUE
DRAG106489,DRAG106489,DRAG106489,Drain Collar Waterproofing Sleeve,Drain Collar Waterproofing Sleeve,Waterproofing,,Flexible floor drain collar,NOS,380,380,380,18,Bengaluru,Karnataka,admin_manual,TRUE
DRAG106514,DRAG106514,DRAG106514,Drainage Board with Geotextile,Drainage Board with Geotextile,Waterproofing,,Composite drainage board,SQM,320,320,320,18,Bengaluru,Karnataka,admin_manual,TRUE
DRAG106452,DRAG106452,DRAG106452,Drainage Cell - 20 mm,Drainage Cell - 20 mm,Waterproofing,,HDPE drainage cell,SQM,210,210,210,18,Bengaluru,Karnataka,admin_manual,TRUE
EPDG106449,EPDG106449,EPDG106449,EPDM Waterproofing Membrane,EPDM Waterproofing Membrane,Waterproofing,,EPDM sheet membrane,SQM,590,590,590,18,Bengaluru,Karnataka,admin_manual,TRUE
EFFG106506,EFFG106506,EFFG106506,Efflorescence Remover,Efflorescence Remover,Waterproofing,,Acid-free efflorescence cleaner,LTR,190,190,190,18,Bengaluru,Karnataka,admin_manual,TRUE
EPOG106467,EPOG106467,EPOG106467,Epoxy Crack Repair Mortar,Epoxy Crack Repair Mortar,Waterproofing,,Two component epoxy repair mortar,KG,460,460,460,18,Bengaluru,Karnataka,admin_manual,TRUE
EPOG106471,EPOG106471,EPOG106471,Epoxy Injection Resin,Epoxy Injection Resin,Waterproofing,,Low viscosity epoxy injection resin,KG,920,920,920,18,Bengaluru,Karnataka,admin_manual,TRUE
EPOG106486,EPOG106486,EPOG106486,Epoxy Tile Grout,Epoxy Tile Grout,Waterproofing,,Chemical-resistant epoxy grout,KG,520,520,520,18,Bengaluru,Karnataka,admin_manual,TRUE
EPOG106441,EPOG106441,EPOG106441,Epoxy Waterproof Coating,Epoxy Waterproof Coating,Waterproofing,,Two component epoxy waterproof coating,KG,540,540,540,18,Bengaluru,Karnataka,admin_manual,TRUE
EXPG106511,EXPG106511,EXPG106511,Expansion Joint Cover System,Expansion Joint Cover System,Waterproofing,,Aluminium/rubber expansion joint cover,M,1250,1250,1250,18,Bengaluru,Karnataka,admin_manual,TRUE
EXTG106504,EXTG106504,EXTG106504,Exterior Wall Waterproof Paint,Exterior Wall Waterproof Paint,Waterproofing,,Elastomeric exterior waterproof paint,LTR,290,290,290,18,Bengaluru,Karnataka,admin_manual,TRUE
FIBG106455,FIBG106455,FIBG106455,Fibreglass Mesh - 45 GSM,Fibreglass Mesh - 45 GSM,Waterproofing,,Alkali resistant mesh,SQM,32,32,32,18,Bengaluru,Karnataka,admin_manual,TRUE
FILG106510,FILG106510,FILG106510,Fillet Mortar,Fillet Mortar,Waterproofing,,Prepacked fillet/coving mortar,KG,42,42,42,18,Bengaluru,Karnataka,admin_manual,TRUE
GEOG106453,GEOG106453,GEOG106453,Geotextile Fabric - 120 GSM,Geotextile Fabric - 120 GSM,Waterproofing,,Non-woven geotextile,SQM,42,42,42,18,Bengaluru,Karnataka,admin_manual,TRUE
GEOG106454,GEOG106454,GEOG106454,Geotextile Fabric - 200 GSM,Geotextile Fabric - 200 GSM,Waterproofing,,Non-woven geotextile,SQM,68,68,68,18,Bengaluru,Karnataka,admin_manual,TRUE
HDPG106446,HDPG106446,HDPG106446,HDPE Waterproofing Membrane,HDPE Waterproofing Membrane,Waterproofing,,High density polyethylene membrane,SQM,410,410,410,18,Bengaluru,Karnataka,admin_manual,TRUE
HEAG106503,HEAG106503,HEAG106503,Heat Reflective Roof Coating,Heat Reflective Roof Coating,Waterproofing,,Solar reflective elastomeric coating,LTR,320,320,320,18,Bengaluru,Karnataka,admin_manual,TRUE
HOLG106527,HOLG106527,HOLG106527,Holiday Detector Test Charge,Holiday Detector Test Charge,Waterproofing,,Membrane pinhole/holiday test,SQM,35,35,35,18,Bengaluru,Karnataka,admin_manual,TRUE
HYDG106462,HYDG106462,HYDG106462,Hydrophilic Swellable Waterbar,Hydrophilic Swellable Waterbar,Waterproofing,,Bentonite/rubber swellable strip,M,420,420,420,18,Bengaluru,Karnataka,admin_manual,TRUE
INJG106473,INJG106473,INJG106473,Injection Hose,Injection Hose,Waterproofing,,High pressure injection hose,M,180,180,180,18,Bengaluru,Karnataka,admin_manual,TRUE
INJG106472,INJG106472,INJG106472,Injection Packers - 13 mm,Injection Packers - 13 mm,Waterproofing,,Mechanical injection packer,NOS,55,55,55,18,Bengaluru,Karnataka,admin_manual,TRUE
INTG106435,INTG106435,INTG106435,Integral Waterproofing Compound - Liquid,Integral Waterproofing Compound - Liquid,Waterproofing,,Liquid integral waterproofing admixture,LTR,165,165,165,18,Bengaluru,Karnataka,admin_manual,TRUE
INTG106436,INTG106436,INTG106436,Integral Waterproofing Compound - Powder,Integral Waterproofing Compound - Powder,Waterproofing,,Powder integral waterproofing admixture,KG,95,95,95,18,Bengaluru,Karnataka,admin_manual,TRUE
INTG106505,INTG106505,INTG106505,Interior Damp Proof Paint,Interior Damp Proof Paint,Waterproofing,,Interior anti-damp coating,LTR,260,260,260,18,Bengaluru,Karnataka,admin_manual,TRUE
LATG106484,LATG106484,LATG106484,Latex Modified Mortar Additive,Latex Modified Mortar Additive,Waterproofing,,Mortar waterproofing polymer additive,LTR,280,280,280,18,Bengaluru,Karnataka,admin_manual,TRUE
LIGG106480,LIGG106480,LIGG106480,Lightweight Screed Aggregate,Lightweight Screed Aggregate,Waterproofing,,Lightweight aggregate for slope screed,BAG,520,520,520,18,Bengaluru,Karnataka,admin_manual,TRUE
MOIG106525,MOIG106525,MOIG106525,Moisture Meter Rental,Moisture Meter Rental,Waterproofing,,Moisture meter usage/rental,DAY,900,900,900,18,Bengaluru,Karnataka,admin_manual,TRUE
NEOG106512,NEOG106512,NEOG106512,Neoprene Expansion Joint Strip,Neoprene Expansion Joint Strip,Waterproofing,,Flexible neoprene strip,M,420,420,420,18,Bengaluru,Karnataka,admin_manual,TRUE
NONG106469,NONG106469,NONG106469,Non-Shrink Cementitious Grout,Non-Shrink Cementitious Grout,Waterproofing,,Non-shrink precision grout,KG,32,32,32,18,Bengaluru,Karnataka,admin_manual,TRUE
PUIG106470,PUIG106470,PUIG106470,PU Injection Grout Resin,PU Injection Grout Resin,Waterproofing,,Hydrophobic/hydrophilic PU injection resin,KG,850,850,850,18,Bengaluru,Karnataka,admin_manual,TRUE
PULG106437,PULG106437,PULG106437,PU Liquid Waterproofing Membrane,PU Liquid Waterproofing Membrane,Waterproofing,,Single component polyurethane membrane,KG,420,420,420,18,Bengaluru,Karnataka,admin_manual,TRUE
PVCG106447,PVCG106447,PVCG106447,PVC Waterproofing Membrane - 1.5 mm,PVC Waterproofing Membrane - 1.5 mm,Waterproofing,,Heat welded PVC membrane,SQM,520,520,520,18,Bengaluru,Karnataka,admin_manual,TRUE
PVCG106460,PVCG106460,PVCG106460,PVC Waterstop - 150 mm,PVC Waterstop - 150 mm,Waterproofing,,Centre bulb PVC waterstop,M,260,260,260,18,Bengaluru,Karnataka,admin_manual,TRUE
PVCG106461,PVCG106461,PVCG106461,PVC Waterstop - 230 mm,PVC Waterstop - 230 mm,Waterproofing,,Centre bulb PVC waterstop,M,390,390,390,18,Bengaluru,Karnataka,admin_manual,TRUE
PIPG106488,PIPG106488,PIPG106488,Pipe Collar Waterproofing Sleeve,Pipe Collar Waterproofing Sleeve,Waterproofing,,Flexible pipe collar,NOS,320,320,320,18,Bengaluru,Karnataka,admin_manual,TRUE
POLG106456,POLG106456,POLG106456,Polyester Reinforcement Fabric,Polyester Reinforcement Fabric,Waterproofing,,Polyester fabric for liquid membrane,SQM,75,75,75,18,Bengaluru,Karnataka,admin_manual,TRUE
POLG106432,POLG106432,POLG106432,Polymer Modified Cementitious Coating - 1K,Polymer Modified Cementitious Coating - 1K,Waterproofing,,Single component cementitious waterproof coating,KG,95,95,95,18,Bengaluru,Karnataka,admin_manual,TRUE
POLG106433,POLG106433,POLG106433,Polymer Modified Cementitious Coating - 2K,Polymer Modified Cementitious Coating - 2K,Waterproofing,,Two component flexible cementitious coating,KG,180,180,180,18,Bengaluru,Karnataka,admin_manual,TRUE
POLG106468,POLG106468,POLG106468,Polymer Repair Mortar,Polymer Repair Mortar,Waterproofing,,Polymer modified repair mortar,KG,45,45,45,18,Bengaluru,Karnataka,admin_manual,TRUE
POLG106464,POLG106464,POLG106464,Polysulphide Sealant,Polysulphide Sealant,Waterproofing,,Two component polysulphide sealant,KG,620,620,620,18,Bengaluru,Karnataka,admin_manual,TRUE
PONG106524,PONG106524,PONG106524,Ponding Test Plug,Ponding Test Plug,Waterproofing,,Reusable drainage test plug,NOS,450,450,450,18,Bengaluru,Karnataka,admin_manual,TRUE
PROG106451,PROG106451,PROG106451,Protection Board - 3 mm,Protection Board - 3 mm,Waterproofing,,Membrane protection board,SQM,95,95,95,18,Bengaluru,Karnataka,admin_manual,TRUE
PROG106513,PROG106513,PROG106513,Protection Sheet - 1 mm HDPE,Protection Sheet - 1 mm HDPE,Waterproofing,,HDPE protection sheet,SQM,125,125,125,18,Bengaluru,Karnataka,admin_manual,TRUE
PROG106498,PROG106498,PROG106498,Protective Cement Screed - 25 mm,Protective Cement Screed - 25 mm,Waterproofing,,Cement sand protective screed,SQM,210,210,210,18,Bengaluru,Karnataka,admin_manual,TRUE
PROG106499,PROG106499,PROG106499,Protective Cement Screed - 40 mm,Protective Cement Screed - 40 mm,Waterproofing,,Cement sand protective screed,SQM,295,295,295,18,Bengaluru,Karnataka,admin_manual,TRUE
REAG106481,REAG106481,REAG106481,Ready Mix Waterproof Screed Mortar,Ready Mix Waterproof Screed Mortar,Waterproofing,,Premixed waterproof screed mortar,KG,22,22,22,18,Bengaluru,Karnataka,admin_manual,TRUE
ROOG106518,ROOG106518,ROOG106518,Roof Garden Waterproofing System,Roof Garden Waterproofing System,Waterproofing,,Multi-layer root-resistant system,SQM,1450,1450,1450,18,Bengaluru,Karnataka,admin_manual,TRUE
ROOG106485,ROOG106485,ROOG106485,Roof Tile Adhesive,Roof Tile Adhesive,Waterproofing,,Exterior grade tile adhesive,KG,28,28,28,18,Bengaluru,Karnataka,admin_manual,TRUE
RUSG106508,RUSG106508,RUSG106508,Rust Remover / Passivator,Rust Remover / Passivator,Waterproofing,,Rust remover and steel passivator,LTR,240,240,240,18,Bengaluru,Karnataka,admin_manual,TRUE
SBRG106482,SBRG106482,SBRG106482,SBR Latex Bonding Agent,SBR Latex Bonding Agent,Waterproofing,,Styrene-butadiene rubber latex,LTR,250,250,250,18,Bengaluru,Karnataka,admin_manual,TRUE
SBSG106444,SBSG106444,SBSG106444,SBS Modified Bituminous Membrane - 3 mm,SBS Modified Bituminous Membrane - 3 mm,Waterproofing,,Torch applied SBS 3 mm,SQM,325,325,325,18,Bengaluru,Karnataka,admin_manual,TRUE
SELG106445,SELG106445,SELG106445,Self Adhesive Bituminous Membrane - 1.5 mm,Self Adhesive Bituminous Membrane - 1.5 mm,Waterproofing,,Peel-and-stick membrane,SQM,360,360,360,18,Bengaluru,Karnataka,admin_manual,TRUE
SILG106465,SILG106465,SILG106465,Silicone Sealant - Neutral Cure,Silicone Sealant - Neutral Cure,Waterproofing,,Neutral cure weather sealant,300 ML CARTRIDGE,290,290,290,18,Bengaluru,Karnataka,admin_manual,TRUE
SILG106439,SILG106439,SILG106439,Silicone Water Repellent Coating,Silicone Water Repellent Coating,Waterproofing,,Silane/siloxane exterior water repellent,LTR,480,480,480,18,Bengaluru,Karnataka,admin_manual,TRUE
SURG106507,SURG106507,SURG106507,Surface Cleaner / Degreaser,Surface Cleaner / Degreaser,Waterproofing,,Substrate cleaner and degreaser,LTR,160,160,160,18,Bengaluru,Karnataka,admin_manual,TRUE
SWIG106517,SWIG106517,SWIG106517,Swimming Pool Waterproofing Coating,Swimming Pool Waterproofing Coating,Waterproofing,,Flexible pool waterproof coating,KG,240,240,240,18,Bengaluru,Karnataka,admin_manual,TRUE
TPOG106448,TPOG106448,TPOG106448,TPO Waterproofing Membrane - 1.5 mm,TPO Waterproofing Membrane - 1.5 mm,Waterproofing,,Thermoplastic polyolefin membrane,SQM,610,610,610,18,Bengaluru,Karnataka,admin_manual,TRUE
TANG106516,TANG106516,TANG106516,Tank Grade Cementitious Waterproofing,Tank Grade Cementitious Waterproofing,Waterproofing,,Potable-water compatible coating,KG,210,210,210,18,Bengaluru,Karnataka,admin_manual,TRUE
TERG106502,TERG106502,TERG106502,Terrace China Mosaic Finish,Terrace China Mosaic Finish,Waterproofing,,China mosaic waterproof finish,SQFT,185,185,185,18,Bengaluru,Karnataka,admin_manual,TRUE
TERG106521,TERG106521,TERG106521,Terrace Waterproofing System Kit,Terrace Waterproofing System Kit,Waterproofing,,Coating and reinforcement kit,NOS,5200,5200,5200,18,Bengaluru,Karnataka,admin_manual,TRUE
TOIG106519,TOIG106519,TOIG106519,Toilet Waterproofing System Kit,Toilet Waterproofing System Kit,Waterproofing,,"Primer, coating, tape and accessories kit",NOS,2400,2400,2400,18,Bengaluru,Karnataka,admin_manual,TRUE
WPM-02881,WPM-02881,WPM-02881,Two Component Cementitious Waterproofing Material,Two Component Cementitious Waterproofing Material,Waterproofing,Cementitious Coating,2-Component Polymer Modified Cementitious Coating (IS 15898),KG,85,85,85,18,Bengaluru,Karnataka,admin_manual,TRUE
WATG106522,WATG106522,WATG106522,Water Tank Waterproofing System Kit,Water Tank Waterproofing System Kit,Waterproofing,,Tank-grade coating and repair kit,NOS,6800,6800,6800,18,Bengaluru,Karnataka,admin_manual,TRUE
WATG106428,WATG106428,WATG106428,Waterproofing Primer - Acrylic,Waterproofing Primer - Acrylic,Waterproofing,,Single component acrylic primer,LTR,180,180,180,18,Bengaluru,Karnataka,admin_manual,TRUE
WATG106429,WATG106429,WATG106429,Waterproofing Primer - Bituminous,Waterproofing Primer - Bituminous,Waterproofing,,Bituminous membrane primer,LTR,165,165,165,18,Bengaluru,Karnataka,admin_manual,TRUE
WATG106431,WATG106431,WATG106431,Waterproofing Primer - Epoxy,Waterproofing Primer - Epoxy,Waterproofing,,Two component epoxy primer,KG,520,520,520,18,Bengaluru,Karnataka,admin_manual,TRUE
WATG106430,WATG106430,WATG106430,Waterproofing Primer - PU,Waterproofing Primer - PU,Waterproofing,,Polyurethane primer,LTR,420,420,420,18,Bengaluru,Karnataka,admin_manual,TRUE
WPM-02980,WPM-02980,WPM-02980,Waterproofing Primer Liquid,Waterproofing Primer Liquid,Waterproofing,Primer,High Penetration Acrylic/Bituminous Waterproofing Primer,LTR,180,180,180,18,Bengaluru,Karnataka,admin_manual,TRUE
WETG106526,WETG106526,WETG106526,Wet Film Thickness Gauge,Wet Film Thickness Gauge,Waterproofing,,Coating thickness gauge,NOS,650,650,650,18,Bengaluru,Karnataka,admin_manual,TRUE
MAT-002780,MAT-002780,MAT-002780,White Cement - Birla - 1kg,White Cement - Birla - 1kg,White Cement,White Cement,White Cement - Birla - 1kg,KG,65,65,65,18,Bengaluru,Karnataka,admin_manual,TRUE
MAT-002783,MAT-002783,MAT-002783,White Cement - Birla - 1kg,White Cement - Birla - 1kg,White Cement,White Cement,White Cement - Birla - 1kg,BAG,85,85,85,18,Bengaluru,Karnataka,admin_manual,TRUE
MAT-002782,MAT-002782,MAT-002782,White Cement - Birla - 20kg,White Cement - Birla - 20kg,White Cement,White Cement,White Cement - Birla - 20kg,KG,1180,1180,1180,18,Bengaluru,Karnataka,admin_manual,TRUE
MAT-002785,MAT-002785,MAT-002785,White Cement - Birla - 25kg,White Cement - Birla - 25kg,White Cement,White Cement,White Cement - Birla - 25kg,BAG,1850,1850,1850,18,Bengaluru,Karnataka,admin_manual,TRUE
MAT-002781,MAT-002781,MAT-002781,White Cement - Birla - 5kg,White Cement - Birla - 5kg,White Cement,White Cement,White Cement - Birla - 5kg,KG,310,310,310,18,Bengaluru,Karnataka,admin_manual,TRUE
MAT-002784,MAT-002784,MAT-002784,White Cement - Birla - 5kg,White Cement - Birla - 5kg,White Cement,White Cement,White Cement - Birla - 5kg,BAG,395,395,395,18,Bengaluru,Karnataka,admin_manual,TRUE
MAT-002786,MAT-002786,MAT-002786,White Cement - JK - 1kg,White Cement - JK - 1kg,White Cement,White Cement,White Cement - JK - 1kg,BAG,80,80,80,18,Bengaluru,Karnataka,admin_manual,TRUE
MAT-002788,MAT-002788,MAT-002788,White Cement - JK - 25kg,White Cement - JK - 25kg,White Cement,White Cement,White Cement - JK - 25kg,BAG,1795,1795,1795,18,Bengaluru,Karnataka,admin_manual,TRUE
MAT-002787,MAT-002787,MAT-002787,White Cement - JK - 5kg,White Cement - JK - 5kg,White Cement,White Cement,White Cement - JK - 5kg,BAG,375,375,375,18,Bengaluru,Karnataka,admin_manual,TRUE
MAT-002789,MAT-002789,MAT-002789,White Cement - UltraTech - 1kg,White Cement - UltraTech - 1kg,White Cement,White Cement,White Cement - UltraTech - 1kg,BAG,82,82,82,18,Bengaluru,Karnataka,admin_manual,TRUE
MAT-002791,MAT-002791,MAT-002791,White Cement - UltraTech - 25kg,White Cement - UltraTech - 25kg,White Cement,White Cement,White Cement - UltraTech - 25kg,BAG,1825,1825,1825,18,Bengaluru,Karnataka,admin_manual,TRUE
MAT-002790,MAT-002790,MAT-002790,White Cement - UltraTech - 5kg,White Cement - UltraTech - 5kg,White Cement,White Cement,White Cement - UltraTech - 5kg,BAG,385,385,385,18,Bengaluru,Karnataka,admin_manual,TRUE
MAT-002795,MAT-002795,MAT-002795,Window - Bay Window - Aluminium - Jindal - 6'x4',Window - Bay Window - Aluminium - Jindal - 6'x4',Window-Aluminium,Bay Window,Window - Bay Window - Aluminium - Jindal - 6'x4',SQFT,225,225,225,18,Bengaluru,Karnataka,admin_manual,TRUE
MAT-002796,MAT-002796,MAT-002796,Window - Bay Window - Wooden - Century - 6'x4',Window - Bay Window - Wooden - Century - 6'x4',Window-Aluminium,Bay Window,Window - Bay Window - Wooden - Century - 6'x4',SQFT,275,275,275,18,Bengaluru,Karnataka,admin_manual,TRUE
MAT-002794,MAT-002794,MAT-002794,Window - Bay Window - uPVC - Fenesta - 6'x4',Window - Bay Window - uPVC - Fenesta - 6'x4',Window-Aluminium,Bay Window,Window - Bay Window - uPVC - Fenesta - 6'x4',SQFT,245,245,245,18,Bengaluru,Karnataka,admin_manual,TRUE
MAT-002801,MAT-002801,MAT-002801,Window - Casement - Aluminium - Frosted Glass - No Mesh - Jindal - 4'x4',Window - Casement - Aluminium - Frosted Glass - No Mesh - Jindal - 4'x4',Window-Aluminium,Casement,Window - Casement - Aluminium - Frosted Glass - No Mesh - Jindal - 4'x4',SQFT,215,215,215,18,Bengaluru,Karnataka,admin_manual,TRUE
MAT-002804,MAT-002804,MAT-002804,Window - Casement - Wooden - Frosted Glass - No Mesh - Greenply - 4'x4',Window - Casement - Wooden - Frosted Glass - No Mesh - Greenply - 4'x4',Window-Aluminium,Casement,Window - Casement - Wooden - Frosted Glass - No Mesh - Greenply - 4'x4',SQFT,265,265,265,18,Bengaluru,Karnataka,admin_manual,TRUE
MAT-002798,MAT-002798,MAT-002798,Window - Casement - uPVC - Frosted Glass - No Mesh - Encraft - 4'x4',Window - Casement - uPVC - Frosted Glass - No Mesh - Encraft - 4'x4',Window-Aluminium,Casement,Window - Casement - uPVC - Frosted Glass - No Mesh - Encraft - 4'x4',SQFT,245,245,245,18,Bengaluru,Karnataka,admin_manual,TRUE
MAT-002802,MAT-002802,MAT-002802,Window - Fixed - Aluminium - Tinted Glass - No Mesh - Jindal - 3'x3',Window - Fixed - Aluminium - Tinted Glass - No Mesh - Jindal - 3'x3',Window-Aluminium,Fixed,Window - Fixed - Aluminium - Tinted Glass - No Mesh - Jindal - 3'x3',SQFT,205,205,205,18,Bengaluru,Karnataka,admin_manual,TRUE
MAT-002805,MAT-002805,MAT-002805,Window - Fixed - Wooden - Tinted Glass - No Mesh - Kitply - 3'x3',Window - Fixed - Wooden - Tinted Glass - No Mesh - Kitply - 3'x3',Window-Aluminium,Fixed,Window - Fixed - Wooden - Tinted Glass - No Mesh - Kitply - 3'x3',SQFT,255,255,255,18,Bengaluru,Karnataka,admin_manual,TRUE
MAT-002799,MAT-002799,MAT-002799,Window - Fixed - uPVC - Tinted Glass - No Mesh - Fenesta - 3'x3',Window - Fixed - uPVC - Tinted Glass - No Mesh - Fenesta - 3'x3',Window-Aluminium,Fixed,Window - Fixed - uPVC - Tinted Glass - No Mesh - Fenesta - 3'x3',SQFT,235,235,235,18,Bengaluru,Karnataka,admin_manual,TRUE
MAT-002800,MAT-002800,MAT-002800,Window - Sliding - Aluminium - Clear Glass - With Mesh - Jindal - 6'x4',Window - Sliding - Aluminium - Clear Glass - With Mesh - Jindal - 6'x4',Window-Aluminium,Sliding,Window - Sliding - Aluminium - Clear Glass - With Mesh - Jindal - 6'x4',SQFT,225,225,225,18,Bengaluru,Karnataka,admin_manual,TRUE
MAT-002803,MAT-002803,MAT-002803,Window - Sliding - Wooden - Clear Glass - With Mesh - Century - 5'x4',Window - Sliding - Wooden - Clear Glass - With Mesh - Century - 5'x4',Window-Aluminium,Sliding,Window - Sliding - Wooden - Clear Glass - With Mesh - Century - 5'x4',SQFT,275,275,275,18,Bengaluru,Karnataka,admin_manual,TRUE
MAT-002797,MAT-002797,MAT-002797,Window - Sliding - uPVC - Clear Glass - With Mesh - Fenesta - 5'x4',Window - Sliding - uPVC - Clear Glass - With Mesh - Fenesta - 5'x4',Window-Aluminium,Sliding,Window - Sliding - uPVC - Clear Glass - With Mesh - Fenesta - 5'x4',SQFT,255,255,255,18,Bengaluru,Karnataka,admin_manual,TRUE
MAT-002792,MAT-002792,MAT-002792,Window - Ventilator - Aluminium - Jindal - 1.5'x2',Window - Ventilator - Aluminium - Jindal - 1.5'x2',Window-Aluminium,Ventilator,Window - Ventilator - Aluminium - Jindal - 1.5'x2',SQFT,170,170,170,18,Bengaluru,Karnataka,admin_manual,TRUE
MAT-002807,MAT-002807,MAT-002807,Window - Ventilator - Aluminium - Louvers - No Mesh - Jindal - 2'x2',Window - Ventilator - Aluminium - Louvers - No Mesh - Jindal - 2'x2',Window-Aluminium,Ventilator,Window - Ventilator - Aluminium - Louvers - No Mesh - Jindal - 2'x2',SQFT,195,195,195,18,Bengaluru,Karnataka,admin_manual,TRUE
MAT-002793,MAT-002793,MAT-002793,Window - Ventilator - Wooden - Sainik - 1.5'x2',Window - Ventilator - Wooden - Sainik - 1.5'x2',Window-Aluminium,Ventilator,Window - Ventilator - Wooden - Sainik - 1.5'x2',SQFT,205,205,205,18,Bengaluru,Karnataka,admin_manual,TRUE
MAT-002806,MAT-002806,MAT-002806,Window - Ventilator - uPVC - Louvers - No Mesh - Fenesta - 2'x2',Window - Ventilator - uPVC - Louvers - No Mesh - Fenesta - 2'x2',Window-Aluminium,Ventilator,Window - Ventilator - uPVC - Louvers - No Mesh - Fenesta - 2'x2',SQFT,215,215,215,18,Bengaluru,Karnataka,admin_manual,TRUE
MAT-002812,MAT-002812,MAT-002812,Window - Casement - Aluminium - Jindal - 4'x4',Window - Casement - Aluminium - Jindal - 4'x4',Window-UPVC,Pipe & Fitting,Window - Casement - Aluminium - Jindal - 4'x4',SQFT,215,215,215,18,Bengaluru,Karnataka,admin_manual,TRUE
MAT-002827,MAT-002827,MAT-002827,Window - Casement - Aluminium - Jindal - 5'x5',Window - Casement - Aluminium - Jindal - 5'x5',Window-UPVC,Pipe & Fitting,Window - Casement - Aluminium - Jindal - 5'x5',SQFT,210,210,210,18,Bengaluru,Karnataka,admin_manual,TRUE
MAT-002816,MAT-002816,MAT-002816,Window - Casement - Wooden - Greenply - 4'x4',Window - Casement - Wooden - Greenply - 4'x4',Window-UPVC,Pipe & Fitting,Window - Casement - Wooden - Greenply - 4'x4',SQFT,265,265,265,18,Bengaluru,Karnataka,admin_manual,TRUE
MAT-002830,MAT-002830,MAT-002830,Window - Casement - Wooden - Greenply - 5'x5',Window - Casement - Wooden - Greenply - 5'x5',Window-UPVC,Pipe & Fitting,Window - Casement - Wooden - Greenply - 5'x5',SQFT,260,260,260,18,Bengaluru,Karnataka,admin_manual,TRUE
MAT-002820,MAT-002820,MAT-002820,Window - Casement - uPVC - Encraft - 3'x4',Window - Casement - uPVC - Encraft - 3'x4',Window-UPVC,Pipe & Fitting,Window - Casement - uPVC - Encraft - 3'x4',SQFT,225,225,225,18,Bengaluru,Karnataka,admin_manual,TRUE
MAT-002824,MAT-002824,MAT-002824,Window - Casement - uPVC - Encraft - 5'x5',Window - Casement - uPVC - Encraft - 5'x5',Window-UPVC,Pipe & Fitting,Window - Casement - uPVC - Encraft - 5'x5',SQFT,225,225,225,18,Bengaluru,Karnataka,admin_manual,TRUE
MAT-002808,MAT-002808,MAT-002808,Window - Casement - uPVC - Fenesta - 4'x4',Window - Casement - uPVC - Fenesta - 4'x4',Window-UPVC,Pipe & Fitting,Window - Casement - uPVC - Fenesta - 4'x4',SQFT,240,240,240,18,Bengaluru,Karnataka,admin_manual,TRUE
MAT-002828,MAT-002828,MAT-002828,Window - Fixed - Aluminium - Jindal - 2.5'x2.5',Window - Fixed - Aluminium - Jindal - 2.5'x2.5',Window-UPVC,Pipe & Fitting,Window - Fixed - Aluminium - Jindal - 2.5'x2.5',SQFT,185,185,185,18,Bengaluru,Karnataka,admin_manual,TRUE
MAT-002814,MAT-002814,MAT-002814,Window - Fixed - Aluminium - Jindal - 3'x3',Window - Fixed - Aluminium - Jindal - 3'x3',Window-UPVC,Pipe & Fitting,Window - Fixed - Aluminium - Jindal - 3'x3',SQFT,190,190,190,18,Bengaluru,Karnataka,admin_manual,TRUE
MAT-002822,MAT-002822,MAT-002822,Window - Fixed - Wooden - Century - 2.5'x2.5',Window - Fixed - Wooden - Century - 2.5'x2.5',Window-UPVC,Pipe & Fitting,Window - Fixed - Wooden - Century - 2.5'x2.5',SQFT,220,220,220,18,Bengaluru,Karnataka,admin_manual,TRUE
MAT-002831,MAT-002831,MAT-002831,Window - Fixed - Wooden - Kitply - 2.5'x2.5',Window - Fixed - Wooden - Kitply - 2.5'x2.5',Window-UPVC,Pipe & Fitting,Window - Fixed - Wooden - Kitply - 2.5'x2.5',SQFT,215,215,215,18,Bengaluru,Karnataka,admin_manual,TRUE
MAT-002818,MAT-002818,MAT-002818,Window - Fixed - Wooden - Kitply - 3'x3',Window - Fixed - Wooden - Kitply - 3'x3',Window-UPVC,Pipe & Fitting,Window - Fixed - Wooden - Kitply - 3'x3',SQFT,230,230,230,18,Bengaluru,Karnataka,admin_manual,TRUE
MAT-002810,MAT-002810,MAT-002810,Window - Fixed - uPVC - Encraft - 3'x3',Window - Fixed - uPVC - Encraft - 3'x3',Window-UPVC,Pipe & Fitting,Window - Fixed - uPVC - Encraft - 3'x3',SQFT,210,210,210,18,Bengaluru,Karnataka,admin_manual,TRUE
MAT-002825,MAT-002825,MAT-002825,Window - Fixed - uPVC - Fenesta - 2.5'x2.5',Window - Fixed - uPVC - Fenesta - 2.5'x2.5',Window-UPVC,Pipe & Fitting,Window - Fixed - uPVC - Fenesta - 2.5'x2.5',SQFT,200,200,200,18,Bengaluru,Karnataka,admin_manual,TRUE
MAT-002813,MAT-002813,MAT-002813,Window - Sliding - Aluminium - Jindal - 5'x4',Window - Sliding - Aluminium - Jindal - 5'x4',Window-UPVC,Pipe & Fitting,Window - Sliding - Aluminium - Jindal - 5'x4',SQFT,210,210,210,18,Bengaluru,Karnataka,admin_manual,TRUE
MAT-002821,MAT-002821,MAT-002821,Window - Sliding - Aluminium - Jindal - 6'x4',Window - Sliding - Aluminium - Jindal - 6'x4',Window-UPVC,Pipe & Fitting,Window - Sliding - Aluminium - Jindal - 6'x4',SQFT,205,205,205,18,Bengaluru,Karnataka,admin_manual,TRUE
MAT-002826,MAT-002826,MAT-002826,Window - Sliding - Aluminium - Jindal - 6'x6',Window - Sliding - Aluminium - Jindal - 6'x6',Window-UPVC,Pipe & Fitting,Window - Sliding - Aluminium - Jindal - 6'x6',SQFT,205,205,205,18,Bengaluru,Karnataka,admin_manual,TRUE
MAT-002817,MAT-002817,MAT-002817,Window - Sliding - Wooden - Century - 5'x4',Window - Sliding - Wooden - Century - 5'x4',Window-UPVC,Pipe & Fitting,Window - Sliding - Wooden - Century - 5'x4',SQFT,260,260,260,18,Bengaluru,Karnataka,admin_manual,TRUE
MAT-002829,MAT-002829,MAT-002829,Window - Sliding - Wooden - Century - 6'x6',Window - Sliding - Wooden - Century - 6'x6',Window-UPVC,Pipe & Fitting,Window - Sliding - Wooden - Century - 6'x6',SQFT,255,255,255,18,Bengaluru,Karnataka,admin_manual,TRUE
MAT-002809,MAT-002809,MAT-002809,Window - Sliding - uPVC - Fenesta - 5'x4',Window - Sliding - uPVC - Fenesta - 5'x4',Window-UPVC,Pipe & Fitting,Window - Sliding - uPVC - Fenesta - 5'x4',SQFT,235,235,235,18,Bengaluru,Karnataka,admin_manual,TRUE
MAT-002823,MAT-002823,MAT-002823,Window - Sliding - uPVC - Fenesta - 6'x6',Window - Sliding - uPVC - Fenesta - 6'x6',Window-UPVC,Pipe & Fitting,Window - Sliding - uPVC - Fenesta - 6'x6',SQFT,230,230,230,18,Bengaluru,Karnataka,admin_manual,TRUE
MAT-002815,MAT-002815,MAT-002815,Window - Ventilator - Aluminium - Jindal - 2'x2',Window - Ventilator - Aluminium - Jindal - 2'x2',Window-UPVC,Pipe & Fitting,Window - Ventilator - Aluminium - Jindal - 2'x2',SQFT,175,175,175,18,Bengaluru,Karnataka,admin_manual,TRUE
MAT-002819,MAT-002819,MAT-002819,Window - Ventilator - Wooden - Sainik - 2'x2',Window - Ventilator - Wooden - Sainik - 2'x2',Window-UPVC,Pipe & Fitting,Window - Ventilator - Wooden - Sainik - 2'x2',SQFT,215,215,215,18,Bengaluru,Karnataka,admin_manual,TRUE
MAT-002811,MAT-002811,MAT-002811,Window - Ventilator - uPVC - Encraft - 2'x2',Window - Ventilator - uPVC - Encraft - 2'x2',Window-UPVC,Pipe & Fitting,Window - Ventilator - uPVC - Encraft - 2'x2',SQFT,195,195,195,18,Bengaluru,Karnataka,admin_manual,TRUE
MAT-002832,MAT-002832,MAT-002832,Window - Ventilator - uPVC - Fenesta - 1.5'x2',Window - Ventilator - uPVC - Fenesta - 1.5'x2',Window-UPVC,Pipe & Fitting,Window - Ventilator - uPVC - Fenesta - 1.5'x2',SQFT,190,190,190,18,Bengaluru,Karnataka,admin_manual,TRUE
MAT-002835,MAT-002835,MAT-002835,Window - Bay Window - Aluminium - Tinted Glass - No Mesh - Jindal - 6'x4',Window - Bay Window - Aluminium - Tinted Glass - No Mesh - Jindal - 6'x4',Window-Wooden,Bay Window,Window - Bay Window - Aluminium - Tinted Glass - No Mesh - Jindal - 6'x4',SQFT,245,245,245,18,Bengaluru,Karnataka,admin_manual,TRUE
MAT-002836,MAT-002836,MAT-002836,Window - Bay Window - Wooden - Frosted Glass - With Mesh - Century - 6'x4',Window - Bay Window - Wooden - Frosted Glass - With Mesh - Century - 6'x4',Window-Wooden,Bay Window,Window - Bay Window - Wooden - Frosted Glass - With Mesh - Century - 6'x4',SQFT,295,295,295,18,Bengaluru,Karnataka,admin_manual,TRUE
MAT-002834,MAT-002834,MAT-002834,Window - Bay Window - uPVC - Clear Glass - With Mesh - Fenesta - 6'x4',Window - Bay Window - uPVC - Clear Glass - With Mesh - Fenesta - 6'x4',Window-Wooden,Bay Window,Window - Bay Window - uPVC - Clear Glass - With Mesh - Fenesta - 6'x4',SQFT,265,265,265,18,Bengaluru,Karnataka,admin_manual,TRUE
MAT-002840,MAT-002840,MAT-002840,Window - Casement - Aluminium - SS Grill - Single Track - Champagne Frame - Jindal - 4'x4',Window - Casement - Aluminium - SS Grill - Single Track - Champagne Frame - Jindal - 4'x4',Window-Wooden,Casement,Window - Casement - Aluminium - SS Grill - Single Track - Champagne Frame - Jindal - 4'x4',SQFT,235,235,235,18,Bengaluru,Karnataka,admin_manual,TRUE
MAT-002842,MAT-002842,MAT-002842,Window - Casement - Wooden - SS Grill - Single Track - Walnut Finish - Greenply - 4'x4',Window - Casement - Wooden - SS Grill - Single Track - Walnut Finish - Greenply - 4'x4',Window-Wooden,Casement,Window - Casement - Wooden - SS Grill - Single Track - Walnut Finish - Greenply - 4'x4',SQFT,275,275,275,18,Bengaluru,Karnataka,admin_manual,TRUE
MAT-002838,MAT-002838,MAT-002838,Window - Casement - uPVC - SS Grill - Single Track - Grey Frame - Encraft - 4'x4',Window - Casement - uPVC - SS Grill - Single Track - Grey Frame - Encraft - 4'x4',Window-Wooden,Casement,Window - Casement - uPVC - SS Grill - Single Track - Grey Frame - Encraft - 4'x4',SQFT,255,255,255,18,Bengaluru,Karnataka,admin_manual,TRUE
MAT-002844,MAT-002844,MAT-002844,Window - Fixed - Aluminium - No Grill - No Track - Black Frame - Jindal - 3'x3',Window - Fixed - Aluminium - No Grill - No Track - Black Frame - Jindal - 3'x3',Window-Wooden,Fixed,Window - Fixed - Aluminium - No Grill - No Track - Black Frame - Jindal - 3'x3',SQFT,215,215,215,18,Bengaluru,Karnataka,admin_manual,TRUE
MAT-002845,MAT-002845,MAT-002845,Window - Fixed - Wooden - No Grill - No Track - Teak Finish - Kitply - 3'x3',Window - Fixed - Wooden - No Grill - No Track - Teak Finish - Kitply - 3'x3',Window-Wooden,Fixed,Window - Fixed - Wooden - No Grill - No Track - Teak Finish - Kitply - 3'x3',SQFT,255,255,255,18,Bengaluru,Karnataka,admin_manual,TRUE
MAT-002843,MAT-002843,MAT-002843,Window - Fixed - uPVC - No Grill - No Track - White Frame - Fenesta - 3'x3',Window - Fixed - uPVC - No Grill - No Track - White Frame - Fenesta - 3'x3',Window-Wooden,Fixed,Window - Fixed - uPVC - No Grill - No Track - White Frame - Fenesta - 3'x3',SQFT,225,225,225,18,Bengaluru,Karnataka,admin_manual,TRUE
MAT-002839,MAT-002839,MAT-002839,Window - Sliding - Aluminium - MS Grill - Dual Track - Black Frame - Jindal - 6'x4',Window - Sliding - Aluminium - MS Grill - Dual Track - Black Frame - Jindal - 6'x4',Window-Wooden,Sliding,Window - Sliding - Aluminium - MS Grill - Dual Track - Black Frame - Jindal - 6'x4',SQFT,245,245,245,18,Bengaluru,Karnataka,admin_manual,TRUE
MAT-002841,MAT-002841,MAT-002841,Window - Sliding - Wooden - MS Grill - Dual Track - Teak Finish - Century - 5'x4',Window - Sliding - Wooden - MS Grill - Dual Track - Teak Finish - Century - 5'x4',Window-Wooden,Sliding,Window - Sliding - Wooden - MS Grill - Dual Track - Teak Finish - Century - 5'x4',SQFT,285,285,285,18,Bengaluru,Karnataka,admin_manual,TRUE
MAT-002837,MAT-002837,MAT-002837,Window - Sliding - uPVC - MS Grill - Dual Track - White Frame - Fenesta - 5'x4',Window - Sliding - uPVC - MS Grill - Dual Track - White Frame - Fenesta - 5'x4',Window-Wooden,Sliding,Window - Sliding - uPVC - MS Grill - Dual Track - White Frame - Fenesta - 5'x4',SQFT,265,265,265,18,Bengaluru,Karnataka,admin_manual,TRUE
MAT-002847,MAT-002847,MAT-002847,Window - Ventilator - Aluminium - SS Grill - No Track - Grey Frame - Jindal - 2'x2',Window - Ventilator - Aluminium - SS Grill - No Track - Grey Frame - Jindal - 2'x2',Window-Wooden,Ventilator,Window - Ventilator - Aluminium - SS Grill - No Track - Grey Frame - Jindal - 2'x2',SQFT,205,205,205,18,Bengaluru,Karnataka,admin_manual,TRUE
MAT-002833,MAT-002833,MAT-002833,Window - Ventilator - Wooden - Louvers - No Mesh - Sainik - 2'x2',Window - Ventilator - Wooden - Louvers - No Mesh - Sainik - 2'x2',Window-Wooden,Ventilator,Window - Ventilator - Wooden - Louvers - No Mesh - Sainik - 2'x2',SQFT,235,235,235,18,Bengaluru,Karnataka,admin_manual,TRUE
MAT-002848,MAT-002848,MAT-002848,Window - Ventilator - Wooden - MS Grill - No Track - Walnut Finish - Sainik - 2'x2',Window - Ventilator - Wooden - MS Grill - No Track - Walnut Finish - Sainik - 2'x2',Window-Wooden,Ventilator,Window - Ventilator - Wooden - MS Grill - No Track - Walnut Finish - Sainik - 2'x2',SQFT,245,245,245,18,Bengaluru,Karnataka,admin_manual,TRUE
MAT-002846,MAT-002846,MAT-002846,Window - Ventilator - uPVC - MS Grill - No Track - White Frame - Fenesta - 2'x2',Window - Ventilator - uPVC - MS Grill - No Track - White Frame - Fenesta - 2'x2',Window-Wooden,Ventilator,Window - Ventilator - uPVC - MS Grill - No Track - White Frame - Fenesta - 2'x2',SQFT,225,225,225,18,Bengaluru,Karnataka,admin_manual,TRUE
MAT-002850,MAT-002850,MAT-002850,Door - Flush - Matte - Century - 30mm - 7'x3',Door - Flush - Matte - Century - 30mm - 7'x3',Wooden-Door,Flush,Door - Flush - Matte - Century - 30mm - 7'x3',NOS,1900,1900,1900,18,Bengaluru,Karnataka,admin_manual,TRUE
MAT-002863,MAT-002863,MAT-002863,Door - Flush - Matte - Century - 30mm - 7'x4',Door - Flush - Matte - Century - 30mm - 7'x4',Wooden-Door,Flush,Door - Flush - Matte - Century - 30mm - 7'x4',NOS,2150,2150,2150,18,Bengaluru,Karnataka,admin_manual,TRUE
MAT-002852,MAT-002852,MAT-002852,Door - Flush - Matte - Duro - 30mm - 7'x3',Door - Flush - Matte - Duro - 30mm - 7'x3',Wooden-Door,Flush,Door - Flush - Matte - Duro - 30mm - 7'x3',NOS,1950,1950,1950,18,Bengaluru,Karnataka,admin_manual,TRUE
MAT-002849,MAT-002849,MAT-002849,Door - Flush - Matte - Greenply - 30mm - 7'x3',Door - Flush - Matte - Greenply - 30mm - 7'x3',Wooden-Door,Flush,Door - Flush - Matte - Greenply - 30mm - 7'x3',NOS,1850,1850,1850,18,Bengaluru,Karnataka,admin_manual,TRUE
MAT-002851,MAT-002851,MAT-002851,Door - Flush - Matte - Kitply - 30mm - 7'x3',Door - Flush - Matte - Kitply - 30mm - 7'x3',Wooden-Door,Flush,Door - Flush - Matte - Kitply - 30mm - 7'x3',NOS,1750,1750,1750,18,Bengaluru,Karnataka,admin_manual,TRUE
MAT-002853,MAT-002853,MAT-002853,Door - Flush - Matte - Sainik - 30mm - 7'x3',Door - Flush - Matte - Sainik - 30mm - 7'x3',Wooden-Door,Flush,Door - Flush - Matte - Sainik - 30mm - 7'x3',NOS,1650,1650,1650,18,Bengaluru,Karnataka,admin_manual,TRUE
MAT-002856,MAT-002856,MAT-002856,Door - Laminated - Glossy - Duro - 30mm - 7'x3',Door - Laminated - Glossy - Duro - 30mm - 7'x3',Wooden-Door,Laminated,Door - Laminated - Glossy - Duro - 30mm - 7'x3',NOS,2350,2350,2350,18,Bengaluru,Karnataka,admin_manual,TRUE
MAT-002854,MAT-002854,MAT-002854,Door - Laminated - Glossy - Greenply - 30mm - 7'x3',Door - Laminated - Glossy - Greenply - 30mm - 7'x3',Wooden-Door,Laminated,Door - Laminated - Glossy - Greenply - 30mm - 7'x3',NOS,2250,2250,2250,18,Bengaluru,Karnataka,admin_manual,TRUE
MAT-002864,MAT-002864,MAT-002864,Door - Laminated - Glossy - Greenply - 30mm - 7'x4',Door - Laminated - Glossy - Greenply - 30mm - 7'x4',Wooden-Door,Laminated,Door - Laminated - Glossy - Greenply - 30mm - 7'x4',NOS,2550,2550,2550,18,Bengaluru,Karnataka,admin_manual,TRUE
MAT-002855,MAT-002855,MAT-002855,Door - Laminated - Matte - Century - 30mm - 7'x3',Door - Laminated - Matte - Century - 30mm - 7'x3',Wooden-Door,Laminated,Door - Laminated - Matte - Century - 30mm - 7'x3',NOS,2300,2300,2300,18,Bengaluru,Karnataka,admin_manual,TRUE
MAT-002858,MAT-002858,MAT-002858,Door - Membrane - Solid Color - Greenply - 30mm - 7'x3',Door - Membrane - Solid Color - Greenply - 30mm - 7'x3',Wooden-Door,Membrane,Door - Membrane - Solid Color - Greenply - 30mm - 7'x3',NOS,2400,2400,2400,18,Bengaluru,Karnataka,admin_manual,TRUE
MAT-002857,MAT-002857,MAT-002857,Door - Membrane - Woodgrain - Century - 30mm - 7'x3',Door - Membrane - Woodgrain - Century - 30mm - 7'x3',Wooden-Door,Membrane,Door - Membrane - Woodgrain - Century - 30mm - 7'x3',NOS,2450,2450,2450,18,Bengaluru,Karnataka,admin_manual,TRUE
MAT-002859,MAT-002859,MAT-002859,Door - Membrane - Woodgrain - Duro - 30mm - 7'x3',Door - Membrane - Woodgrain - Duro - 30mm - 7'x3',Wooden-Door,Membrane,Door - Membrane - Woodgrain - Duro - 30mm - 7'x3',NOS,2500,2500,2500,18,Bengaluru,Karnataka,admin_manual,TRUE
MAT-002860,MAT-002860,MAT-002860,Door - Veneer - Teak Finish - Century - 32mm - 7'x3',Door - Veneer - Teak Finish - Century - 32mm - 7'x3',Wooden-Door,Veneer,Door - Veneer - Teak Finish - Century - 32mm - 7'x3',NOS,2850,2850,2850,18,Bengaluru,Karnataka,admin_manual,TRUE
MAT-002865,MAT-002865,MAT-002865,Door - Veneer - Teak Finish - Duro - 32mm - 7'x4',Door - Veneer - Teak Finish - Duro - 32mm - 7'x4',Wooden-Door,Veneer,Door - Veneer - Teak Finish - Duro - 32mm - 7'x4',NOS,3250,3250,3250,18,Bengaluru,Karnataka,admin_manual,TRUE
MAT-002861,MAT-002861,MAT-002861,Door - Veneer - Walnut Finish - Greenply - 32mm - 7'x3',Door - Veneer - Walnut Finish - Greenply - 32mm - 7'x3',Wooden-Door,Veneer,Door - Veneer - Walnut Finish - Greenply - 32mm - 7'x3',NOS,2950,2950,2950,18,Bengaluru,Karnataka,admin_manual,TRUE
MAT-002862,MAT-002862,MAT-002862,Door - Veneer - Wenge Finish - Duro - 32mm - 7'x3',Door - Veneer - Wenge Finish - Duro - 32mm - 7'x3',Wooden-Door,Veneer,Door - Veneer - Wenge Finish - Duro - 32mm - 7'x3',NOS,3050,3050,3050,18,Bengaluru,Karnataka,admin_manual,TRUE
